Workbook

Sheet Instances
B1: clingodl-latest/default | I1: min | O1: median | U1: max
B2: error | C2: mem | D2: memout | E2: par2 | F2: rstatus | G2: time | H2: timeout | I2: error | J2: mem | K2: memout | L2: par2 | M2: time | N2: timeout | O2: error | P2: mem | Q2: memout | R2: par2 | S2: time | T2: timeout | U2: error | V2: mem | W2: memout | X2: par2 | Y2: time | Z2: timeout
A3: /Level_0 | B3: 1 | C3: 0 | D3: 0 | E3: 3600 | F3: execvp failed | G3: 1800 | H3: 1 | I3: =MIN($B3) -> 0 | J3: =MIN($C3) -> 0 | K3: =MIN($D3) -> 0 | L3: =MIN($E3) -> 0 | M3: =MIN($G3) -> 0 | N3: =MIN($H3) -> 0 | O3: =MEDIAN($B3) -> 0 | P3: =MEDIAN($C3) -> 0 | Q3: =MEDIAN($D3) -> 0 | R3: =MEDIAN($E3) -> 0 | S3: =MEDIAN($G3) -> 0 | T3: =MEDIAN($H3) -> 0 | U3: =MAX($B3) -> 0 | V3: =MAX($C3) -> 0 | W3: =MAX($D3) -> 0 | X3: =MAX($E3) -> 0 | Y3: =MAX($G3) -> 0 | Z3: =MAX($H3) -> 0
A4: /Level_1 | B4: 1 | C4: 0 | D4: 0 | E4: 3600 | F4: execvp failed | G4: 1800 | H4: 1 | I4: =MIN($B4) -> 0 | J4: =MIN($C4) -> 0 | K4: =MIN($D4) -> 0 | L4: =MIN($E4) -> 0 | M4: =MIN($G4) -> 0 | N4: =MIN($H4) -> 0 | O4: =MEDIAN($B4) -> 0 | P4: =MEDIAN($C4) -> 0 | Q4: =MEDIAN($D4) -> 0 | R4: =MEDIAN($E4) -> 0 | S4: =MEDIAN($G4) -> 0 | T4: =MEDIAN($H4) -> 0 | U4: =MAX($B4) -> 0 | V4: =MAX($C4) -> 0 | W4: =MAX($D4) -> 0 | X4: =MAX($E4) -> 0 | Y4: =MAX($G4) -> 0 | Z4: =MAX($H4) -> 0
A5: /Level_2 | B5: 1 | C5: 0 | D5: 0 | E5: 3600 | F5: execvp failed | G5: 1800 | H5: 1 | I5: =MIN($B5) -> 0 | J5: =MIN($C5) -> 0 | K5: =MIN($D5) -> 0 | L5: =MIN($E5) -> 0 | M5: =MIN($G5) -> 0 | N5: =MIN($H5) -> 0 | O5: =MEDIAN($B5) -> 0 | P5: =MEDIAN($C5) -> 0 | Q5: =MEDIAN($D5) -> 0 | R5: =MEDIAN($E5) -> 0 | S5: =MEDIAN($G5) -> 0 | T5: =MEDIAN($H5) -> 0 | U5: =MAX($B5) -> 0 | V5: =MAX($C5) -> 0 | W5: =MAX($D5) -> 0 | X5: =MAX($E5) -> 0 | Y5: =MAX($G5) -> 0 | Z5: =MAX($H5) -> 0
A6: /Level_3 | B6: 1 | C6: 0 | D6: 0 | E6: 3600 | F6: execvp failed | G6: 1800 | H6: 1 | I6: =MIN($B6) -> 0 | J6: =MIN($C6) -> 0 | K6: =MIN($D6) -> 0 | L6: =MIN($E6) -> 0 | M6: =MIN($G6) -> 0 | N6: =MIN($H6) -> 0 | O6: =MEDIAN($B6) -> 0 | P6: =MEDIAN($C6) -> 0 | Q6: =MEDIAN($D6) -> 0 | R6: =MEDIAN($E6) -> 0 | S6: =MEDIAN($G6) -> 0 | T6: =MEDIAN($H6) -> 0 | U6: =MAX($B6) -> 0 | V6: =MAX($C6) -> 0 | W6: =MAX($D6) -> 0 | X6: =MAX($E6) -> 0 | Y6: =MAX($G6) -> 0 | Z6: =MAX($H6) -> 0
A7: /Level_4 | B7: 1 | C7: 0 | D7: 0 | E7: 3600 | F7: execvp failed | G7: 1800 | H7: 1 | I7: =MIN($B7) -> 0 | J7: =MIN($C7) -> 0 | K7: =MIN($D7) -> 0 | L7: =MIN($E7) -> 0 | M7: =MIN($G7) -> 0 | N7: =MIN($H7) -> 0 | O7: =MEDIAN($B7) -> 0 | P7: =MEDIAN($C7) -> 0 | Q7: =MEDIAN($D7) -> 0 | R7: =MEDIAN($E7) -> 0 | S7: =MEDIAN($G7) -> 0 | T7: =MEDIAN($H7) -> 0 | U7: =MAX($B7) -> 0 | V7: =MAX($C7) -> 0 | W7: =MAX($D7) -> 0 | X7: =MAX($E7) -> 0 | Y7: =MAX($G7) -> 0 | Z7: =MAX($H7) -> 0
A8: /Level_5 | B8: 1 | C8: 0 | D8: 0 | E8: 3600 | F8: execvp failed | G8: 1800 | H8: 1 | I8: =MIN($B8) -> 0 | J8: =MIN($C8) -> 0 | K8: =MIN($D8) -> 0 | L8: =MIN($E8) -> 0 | M8: =MIN($G8) -> 0 | N8: =MIN($H8) -> 0 | O8: =MEDIAN($B8) -> 0 | P8: =MEDIAN($C8) -> 0 | Q8: =MEDIAN($D8) -> 0 | R8: =MEDIAN($E8) -> 0 | S8: =MEDIAN($G8) -> 0 | T8: =MEDIAN($H8) -> 0 | U8: =MAX($B8) -> 0 | V8: =MAX($C8) -> 0 | W8: =MAX($D8) -> 0 | X8: =MAX($E8) -> 0 | Y8: =MAX($G8) -> 0 | Z8: =MAX($H8) -> 0
A9: /Level_6 | B9: 1 | C9: 0 | D9: 0 | E9: 3600 | F9: execvp failed | G9: 1800 | H9: 1 | I9: =MIN($B9) -> 0 | J9: =MIN($C9) -> 0 | K9: =MIN($D9) -> 0 | L9: =MIN($E9) -> 0 | M9: =MIN($G9) -> 0 | N9: =MIN($H9) -> 0 | O9: =MEDIAN($B9) -> 0 | P9: =MEDIAN($C9) -> 0 | Q9: =MEDIAN($D9) -> 0 | R9: =MEDIAN($E9) -> 0 | S9: =MEDIAN($G9) -> 0 | T9: =MEDIAN($H9) -> 0 | U9: =MAX($B9) -> 0 | V9: =MAX($C9) -> 0 | W9: =MAX($D9) -> 0 | X9: =MAX($E9) -> 0 | Y9: =MAX($G9) -> 0 | Z9: =MAX($H9) -> 0
A10: /Level_7 | B10: 1 | C10: 0 | D10: 0 | E10: 3600 | F10: execvp failed | G10: 1800 | H10: 1 | I10: =MIN($B10) -> 0 | J10: =MIN($C10) -> 0 | K10: =MIN($D10) -> 0 | L10: =MIN($E10) -> 0 | M10: =MIN($G10) -> 0 | N10: =MIN($H10) -> 0 | O10: =MEDIAN($B10) -> 0 | P10: =MEDIAN($C10) -> 0 | Q10: =MEDIAN($D10) -> 0 | R10: =MEDIAN($E10) -> 0 | S10: =MEDIAN($G10) -> 0 | T10: =MEDIAN($H10) -> 0 | U10: =MAX($B10) -> 0 | V10: =MAX($C10) -> 0 | W10: =MAX($D10) -> 0 | X10: =MAX($E10) -> 0 | Y10: =MAX($G10) -> 0 | Z10: =MAX($H10) -> 0
A11: /Level_8 | B11: 1 | C11: 0 | D11: 0 | E11: 3600 | F11: execvp failed | G11: 1800 | H11: 1 | I11: =MIN($B11) -> 0 | J11: =MIN($C11) -> 0 | K11: =MIN($D11) -> 0 | L11: =MIN($E11) -> 0 | M11: =MIN($G11) -> 0 | N11: =MIN($H11) -> 0 | O11: =MEDIAN($B11) -> 0 | P11: =MEDIAN($C11) -> 0 | Q11: =MEDIAN($D11) -> 0 | R11: =MEDIAN($E11) -> 0 | S11: =MEDIAN($G11) -> 0 | T11: =MEDIAN($H11) -> 0 | U11: =MAX($B11) -> 0 | V11: =MAX($C11) -> 0 | W11: =MAX($D11) -> 0 | X11: =MAX($E11) -> 0 | Y11: =MAX($G11) -> 0 | Z11: =MAX($H11) -> 0
A12: /Level_9 | B12: 1 | C12: 0 | D12: 0 | E12: 3600 | F12: execvp failed | G12: 1800 | H12: 1 | I12: =MIN($B12) -> 0 | J12: =MIN($C12) -> 0 | K12: =MIN($D12) -> 0 | L12: =MIN($E12) -> 0 | M12: =MIN($G12) -> 0 | N12: =MIN($H12) -> 0 | O12: =MEDIAN($B12) -> 0 | P12: =MEDIAN($C12) -> 0 | Q12: =MEDIAN($D12) -> 0 | R12: =MEDIAN($E12) -> 0 | S12: =MEDIAN($G12) -> 0 | T12: =MEDIAN($H12) -> 0 | U12: =MAX($B12) -> 0 | V12: =MAX($C12) -> 0 | W12: =MAX($D12) -> 0 | X12: =MAX($E12) -> 0 | Y12: =MAX($G12) -> 0 | Z12: =MAX($H12) -> 0
A13: /Level_0 | B13: 1 | C13: 0 | D13: 0 | E13: 3600 | F13: execvp failed | G13: 1800 | H13: 1 | I13: =MIN($B13) -> 0 | J13: =MIN($C13) -> 0 | K13: =MIN($D13) -> 0 | L13: =MIN($E13) -> 0 | M13: =MIN($G13) -> 0 | N13: =MIN($H13) -> 0 | O13: =MEDIAN($B13) -> 0 | P13: =MEDIAN($C13) -> 0 | Q13: =MEDIAN($D13) -> 0 | R13: =MEDIAN($E13) -> 0 | S13: =MEDIAN($G13) -> 0 | T13: =MEDIAN($H13) -> 0 | U13: =MAX($B13) -> 0 | V13: =MAX($C13) -> 0 | W13: =MAX($D13) -> 0 | X13: =MAX($E13) -> 0 | Y13: =MAX($G13) -> 0 | Z13: =MAX($H13) -> 0
A14: /Level_1 | B14: 1 | C14: 0 | D14: 0 | E14: 3600 | F14: execvp failed | G14: 1800 | H14: 1 | I14: =MIN($B14) -> 0 | J14: =MIN($C14) -> 0 | K14: =MIN($D14) -> 0 | L14: =MIN($E14) -> 0 | M14: =MIN($G14) -> 0 | N14: =MIN($H14) -> 0 | O14: =MEDIAN($B14) -> 0 | P14: =MEDIAN($C14) -> 0 | Q14: =MEDIAN($D14) -> 0 | R14: =MEDIAN($E14) -> 0 | S14: =MEDIAN($G14) -> 0 | T14: =MEDIAN($H14) -> 0 | U14: =MAX($B14) -> 0 | V14: =MAX($C14) -> 0 | W14: =MAX($D14) -> 0 | X14: =MAX($E14) -> 0 | Y14: =MAX($G14) -> 0 | Z14: =MAX($H14) -> 0
... A32: /Level_9 | B32: 1 | C32: 0 | D32: 0 | E32: 3600 | F32: execvp failed | G32: 1800 | H32: 1 | I32: =MIN($B32) -> 0 | J32: =MIN($C32) -> 0 | K32: =MIN($D32) -> 0 | L32: =MIN($E32) -> 0 | M32: =MIN($G32) -> 0 | N32: =MIN($H32) -> 0 | O32: =MEDIAN($B32) -> 0 | P32: =MEDIAN($C32) -> 0 | Q32: =MEDIAN($D32) -> 0 | R32: =MEDIAN($E32) -> 0 | S32: =MEDIAN($G32) -> 0 | T32: =MEDIAN($H32) -> 0 | U32: =MAX($B32) -> 0 | V32: =MAX($C32) -> 0 | W32: =MAX($D32) -> 0 | X32: =MAX($E32) -> 0 | Y32: =MAX($G32) -> 0 | Z32: =MAX($H32) -> 0
A34: SUM | B34: =SUM(B$3:B$32) -> 0 | C34: =SUM(C$3:C$32) -> 0 | D34: =SUM(D$3:D$32) -> 0 | E34: =SUM(E$3:E$32) -> 0 | G34: =SUM(G$3:G$32) -> 0 | H34: =SUM(H$3:H$32) -> 0 | I34: =SUM(I$3:I$32) -> 0 | J34: =SUM(J$3:J$32) -> 0 | K34: =SUM(K$3:K$32) -> 0 | L34: =SUM(L$3:L$32) -> 0 | M34: =SUM(M$3:M$32) -> 0 | N34: =SUM(N$3:N$32) -> 0 | ... Z34: =SUM(Z$3:Z$32) -> 0
A35: AVG | B35: =AVERAGE(B$3:B$32) -> 0 | C35: =AVERAGE(C$3:C$32) -> 0 | D35: =AVERAGE(D$3:D$32) -> 0 | E35: =AVERAGE(E$3:E$32) -> 0 | G35: =AVERAGE(G$3:G$32) -> 0 | H35: =AVERAGE(H$3:H$32) -> 0 | I35: =AVERAGE(I$3:I$32) -> 0 | J35: =AVERAGE(J$3:J$32) -> 0 | K35: =AVERAGE(K$3:K$32) -> 0 | L35: =AVERAGE(L$3:L$32) -> 0 | M35: =AVERAGE(M$3:M$32) -> 0 | N35: =AVERAGE(N$3:N$32) -> 0 | ... Z35: =AVERAGE(Z$3:Z$32) -> 0
A36: DEV | B36: =STDEV(B$3:B$32) -> 0 | C36: =STDEV(C$3:C$32) -> 0 | D36: =STDEV(D$3:D$32) -> 0 | E36: =STDEV(E$3:E$32) -> 0 | G36: =STDEV(G$3:G$32) -> 0 | H36: =STDEV(H$3:H$32) -> 0 | I36: =STDEV(I$3:I$32) -> 0 | J36: =STDEV(J$3:J$32) -> 0 | K36: =STDEV(K$3:K$32) -> 0 | L36: =STDEV(L$3:L$32) -> 0 | M36: =STDEV(M$3:M$32) -> 0 | N36: =STDEV(N$3:N$32) -> 0 | ... Z36: =STDEV(Z$3:Z$32) -> 0
A37: DST | B37: =SUMPRODUCT(--(B$3:B$32-$I$3:$I$32)^2)^0.5 -> 0 | C37: =SUMPRODUCT(--(C$3:C$32-$J$3:$J$32)^2)^0.5 -> 0 | D37: =SUMPRODUCT(--(D$3:D$32-$K$3:$K$32)^2)^0.5 -> 0 | E37: =SUMPRODUCT(--(E$3:E$32-$L$3:$L$32)^2)^0.5 -> 0 | G37: =SUMPRODUCT(--(G$3:G$32-$M$3:$M$32)^2)^0.5 -> 0 | H37: =SUMPRODUCT(--(H$3:H$32-$N$3:$N$32)^2)^0.5 -> 0
A38: BEST | B38: =SUMPRODUCT(NOT(ISBLANK(B$3:B$32))*(B$3:B$32=$I$3:$I$32)) -> 0 | C38: =SUMPRODUCT(NOT(ISBLANK(C$3:C$32))*(C$3:C$32=$J$3:$J$32)) -> 0 | D38: =SUMPRODUCT(NOT(ISBLANK(D$3:D$32))*(D$3:D$32=$K$3:$K$32)) -> 0 | E38: =SUMPRODUCT(NOT(ISBLANK(E$3:E$32))*(E$3:E$32=$L$3:$L$32)) -> 0 | G38: =SUMPRODUCT(NOT(ISBLANK(G$3:G$32))*(G$3:G$32=$M$3:$M$32)) -> 0 | H38: =SUMPRODUCT(NOT(ISBLANK(H$3:H$32))*(H$3:H$32=$N$3:$N$32)) -> 0
A39: BETTER | B39: =SUMPRODUCT(NOT(ISBLANK(B$3:B$32))*(B$3:B$32<$O$3:$O$32)) -> 0 | C39: =SUMPRODUCT(NOT(ISBLANK(C$3:C$32))*(C$3:C$32<$P$3:$P$32)) -> 0 | D39: =SUMPRODUCT(NOT(ISBLANK(D$3:D$32))*(D$3:D$32<$Q$3:$Q$32)) -> 0 | E39: =SUMPRODUCT(NOT(ISBLANK(E$3:E$32))*(E$3:E$32<$R$3:$R$32)) -> 0 | G39: =SUMPRODUCT(NOT(ISBLANK(G$3:G$32))*(G$3:G$32<$S$3:$S$32)) -> 0 | H39: =SUMPRODUCT(NOT(ISBLANK(H$3:H$32))*(H$3:H$32<$T$3:$T$32)) -> 0
A40: WORSE | B40: =SUMPRODUCT((NOT(ISBLANK(B$3:B$32))*(B$3:B$32>$O$3:$O$32))+ISBLANK(B$3:B$32)) -> 0 | C40: =SUMPRODUCT((NOT(ISBLANK(C$3:C$32))*(C$3:C$32>$P$3:$P$32))+ISBLANK(C$3:C$32)) -> 0 | D40: =SUMPRODUCT((NOT(ISBLANK(D$3:D$32))*(D$3:D$32>$Q$3:$Q$32))+ISBLANK(D$3:D$32)) -> 0 | E40: =SUMPRODUCT((NOT(ISBLANK(E$3:E$32))*(E$3:E$32>$R$3:$R$32))+ISBLANK(E$3:E$32)) -> 0 | G40: =SUMPRODUCT((NOT(ISBLANK(G$3:G$32))*(G$3:G$32>$S$3:$S$32))+ISBLANK(G$3:G$32)) -> 0 | H40: =SUMPRODUCT((NOT(ISBLANK(H$3:H$32))*(H$3:H$32>$T$3:$T$32))+ISBLANK(H$3:H$32)) -> 0
A41: WORST | B41: =SUMPRODUCT((NOT(ISBLANK(B$3:B$32))*(B$3:B$32=$U$3:$U$32))+ISBLANK(B$3:B$32)) -> 0 | C41: =SUMPRODUCT((NOT(ISBLANK(C$3:C$32))*(C$3:C$32=$V$3:$V$32))+ISBLANK(C$3:C$32)) -> 0 | D41: =SUMPRODUCT((NOT(ISBLANK(D$3:D$32))*(D$3:D$32=$W$3:$W$32))+ISBLANK(D$3:D$32)) -> 0 | E41: =SUMPRODUCT((NOT(ISBLANK(E$3:E$32))*(E$3:E$32=$X$3:$X$32))+ISBLANK(E$3:E$32)) -> 0 | G41: =SUMPRODUCT((NOT(ISBLANK(G$3:G$32))*(G$3:G$32=$Y$3:$Y$32))+ISBLANK(G$3:G$32)) -> 0 | H41: =SUMPRODUCT((NOT(ISBLANK(H$3:H$32))*(H$3:H$32=$Z$3:$Z$32))+ISBLANK(H$3:H$32)) -> 0

Sheet Merged Runs
A1: Merge criteria: | B1: clingodl-latest/default | I1: min | O1: median | U1: max
A2: median | B2: error | C2: mem | D2: memout | E2: par2 | F2: rstatus | G2: time | H2: timeout | I2: error | J2: mem | K2: memout | L2: par2 | M2: time | N2: timeout | O2: error | P2: mem | Q2: memout | R2: par2 | S2: time | T2: timeout | U2: error | V2: mem | W2: memout | X2: par2 | Y2: time | Z2: timeout
A3: /Level_0 | B3: {=_xlfn.SWITCH($A$2,"average", AVERAGE(Instances!B3:Instances!B3),"median", MEDIAN(Instances!B3:Instances!B3),"min", MIN(Instances!B3:Instances!B3),"max", MAX(Instances!B3:Instances!B3),"diff", MAX(Instances!B3:Instances!B3)-MIN(Instances!B3:Instances!B3))} -> 0 | C3: {=_xlfn.SWITCH($A$2,"average", AVERAGE(Instances!C3:Instances!C3),"median", MEDIAN(Instances!C3:Instances!C3),"min", MIN(Instances!C3:Instances!C3),"max", MAX(Instances!C3:Instances!C3),"diff", MAX(Instances!C3:Instances!C3)-MIN(Instances!C3:Instances!C3))} -> 0 | D3: {=_xlfn.SWITCH($A$2,"average", AVERAGE(Instances!D3:Instances!D3),"median", MEDIAN(Instances!D3:Instances!D3),"min", MIN(Instances!D3:Instances!D3),"max", MAX(Instances!D3:Instances!D3),"diff", MAX(Instances!D3:Instances!D3)-MIN(Instances!D3:Instances!D3))} -> 0 | E3: {=_xlfn.SWITCH($A$2,"average", AVERAGE(Instances!E3:Instances!E3),"median", MEDIAN(Instances!E3:Instances!E3),"min", MIN(Instances!E3:Instances!E3),"max", MAX(Instances!E3:Instances!E3),"diff", MAX(Instances!E3:Instances!E3)-MIN(Instances!E3:Instances!E3))} -> 0 | G3: {=_xlfn.SWITCH($A$2,"average", AVERAGE(Instances!G3:Instances!G3),"median", MEDIAN(Instances!G3:Instances!G3),"min", MIN(Instances!G3:Instances!G3),"max", MAX(Instances!G3:Instances!G3),"diff", MAX(Instances!G3:Instances!G3)-MIN(Instances!G3:Instances!G3))} -> 0 | H3: {=_xlfn.SWITCH($A$2,"average", AVERAGE(Instances!H3:Instances!H3),"median", MEDIAN(Instances!H3:Instances!H3),"min", MIN(Instances!H3:Instances!H3),"max", MAX(Instances!H3:Instances!H3),"diff", MAX(Instances!H3:Instances!H3)-MIN(Instances!H3:Instances!H3))} -> 0 | I3: =MIN($B3) -> 0 | J3: =MIN($C3) -> 0 | K3: =MIN($D3) -> 0 | L3: =MIN($E3) -> 0 | M3: =MIN($G3) -> 0 | N3: =MIN($H3) -> 0 | O3: =MEDIAN($B3) -> 0 | P3: =MEDIAN($C3) -> 0 | Q3: =MEDIAN($D3) -> 0 | R3: =MEDIAN($E3) -> 0 | S3: =MEDIAN($G3) -> 0 | T3: =MEDIAN($H3) -> 0 | U3: =MAX($B3) -> 0 | V3: =MAX($C3) -> 0 | W3: =MAX($D3) -> 0 | X3: =MAX($E3) -> 0 | Y3: =MAX($G3) -> 0 | Z3: =MAX($H3) -> 0
A4: /Level_1 | B4: {=_xlfn.SWITCH($A$2,"average", AVERAGE(Instances!B4:Instances!B4),"median", MEDIAN(Instances!B4:Instances!B4),"min", MIN(Instances!B4:Instances!B4),"max", MAX(Instances!B4:Instances!B4),"diff", MAX(Instances!B4:Instances!B4)-MIN(Instances!B4:Instances!B4))} -> 0 | C4: {=_xlfn.SWITCH($A$2,"average", AVERAGE(Instances!C4:Instances!C4),"median", MEDIAN(Instances!C4:Instances!C4),"min", MIN(Instances!C4:Instances!C4),"max", MAX(Instances!C4:Instances!C4),"diff", MAX(Instances!C4:Instances!C4)-MIN(Instances!C4:Instances!C4))} -> 0 | D4: {=_xlfn.SWITCH($A$2,"average", AVERAGE(Instances!D4:Instances!D4),"median", MEDIAN(Instances!D4:Instances!D4),"min", MIN(Instances!D4:Instances!D4),"max", MAX(Instances!D4:Instances!D4),"diff", MAX(Instances!D4:Instances!D4)-MIN(Instances!D4:Instances!D4))} -> 0 | E4: {=_xlfn.SWITCH($A$2,"average", AVERAGE(Instances!E4:Instances!E4),"median", MEDIAN(Instances!E4:Instances!E4),"min", MIN(Instances!E4:Instances!E4),"max", MAX(Instances!E4:Instances!E4),"diff", MAX(Instances!E4:Instances!E4)-MIN(Instances!E4:Instances!E4))} -> 0 | G4: {=_xlfn.SWITCH($A$2,"average", AVERAGE(Instances!G4:Instances!G4),"median", MEDIAN(Instances!G4:Instances!G4),"min", MIN(Instances!G4:Instances!G4),"max", MAX(Instances!G4:Instances!G4),"diff", MAX(Instances!G4:Instances!G4)-MIN(Instances!G4:Instances!G4))} -> 0 | H4: {=_xlfn.SWITCH($A$2,"average", AVERAGE(Instances!H4:Instances!H4),"median", MEDIAN(Instances!H4:Instances!H4),"min", MIN(Instances!H4:Instances!H4),"max", MAX(Instances!H4:Instances!H4),"diff", MAX(Instances!H4:Instances!H4)-MIN(Instances!H4:Instances!H4))} -> 0 | I4: =MIN($B4) -> 0 | J4: =MIN($C4) -> 0 | K4: =MIN($D4) -> 0 | L4: =MIN($E4) -> 0 | M4: =MIN($G4) -> 0 | N4: =MIN($H4) -> 0 | O4: =MEDIAN($B4) -> 0 | P4: =MEDIAN($C4) -> 0 | Q4: =MEDIAN($D4) -> 0 | R4: =MEDIAN($E4) -> 0 | S4: =MEDIAN($G4) -> 0 | T4: =MEDIAN($H4) -> 0 | U4: =MAX($B4) -> 0 | V4: =MAX($C4) -> 0 | W4: =MAX($D4) -> 0 | X4: =MAX($E4) -> 0 | Y4: =MAX($G4) -> 0 | Z4: =MAX($H4) -> 0
A5: /Level_2 | B5: {=_xlfn.SWITCH($A$2,"average", AVERAGE(Instances!B5:Instances!B5),"median", MEDIAN(Instances!B5:Instances!B5),"min", MIN(Instances!B5:Instances!B5),"max", MAX(Instances!B5:Instances!B5),"diff", MAX(Instances!B5:Instances!B5)-MIN(Instances!B5:Instances!B5))} -> 0 | C5: {=_xlfn.SWITCH($A$2,"average", AVERAGE(Instances!C5:Instances!C5),"median", MEDIAN(Instances!C5:Instances!C5),"min", MIN(Instances!C5:Instances!C5),"max", MAX(Instances!C5:Instances!C5),"diff", MAX(Instances!C5:Instances!C5)-MIN(Instances!C5:Instances!C5))} -> 0 | D5: {=_xlfn.SWITCH($A$2,"average", AVERAGE(Instances!D5:Instances!D5),"median", MEDIAN(Instances!D5:Instances!D5),"min", MIN(Instances!D5:Instances!D5),"max", MAX(Instances!D5:Instances!D5),"diff", MAX(Instances!D5:Instances!D5)-MIN(Instances!D5:Instances!D5))} -> 0 | E5: {=_xlfn.SWITCH($A$2,"average", AVERAGE(Instances!E5:Instances!E5),"median", MEDIAN(Instances!E5:Instances!E5),"min", MIN(Instances!E5:Instances!E5),"max", MAX(Instances!E5:Instances!E5),"diff", MAX(Instances!E5:Instances!E5)-MIN(Instances!E5:Instances!E5))} -> 0 | G5: {=_xlfn.SWITCH($A$2,"average", AVERAGE(Instances!G5:Instances!G5),"median", MEDIAN(Instances!G5:Instances!G5),"min", MIN(Instances!G5:Instances!G5),"max", MAX(Instances!G5:Instances!G5),"diff", MAX(Instances!G5:Instances!G5)-MIN(Instances!G5:Instances!G5))} -> 0 | H5: {=_xlfn.SWITCH($A$2,"average", AVERAGE(Instances!H5:Instances!H5),"median", MEDIAN(Instances!H5:Instances!H5),"min", MIN(Instances!H5:Instances!H5),"max", MAX(Instances!H5:Instances!H5),"diff", MAX(Instances!H5:Instances!H5)-MIN(Instances!H5:Instances!H5))} -> 0 | I5: =MIN($B5) -> 0 | J5: =MIN($C5) -> 0 | K5: =MIN($D5) -> 0 | L5: =MIN($E5) -> 0 | M5: =MIN($G5) -> 0 | N5: =MIN($H5) -> 0 | O5: =MEDIAN($B5) -> 0 | P5: =MEDIAN($C5) -> 0 | Q5: =MEDIAN($D5) -> 0 | R5: =MEDIAN($E5) -> 0 | S5: =MEDIAN($G5) -> 0 | T5: =MEDIAN($H5) -> 0 | U5: =MAX($B5) -> 0 | V5: =MAX($C5) -> 0 | W5: =MAX($D5) -> 0 | X5: =MAX($E5) -> 0 | Y5: =MAX($G5) -> 0 | Z5: =MAX($H5) -> 0
A6: /Level_3 | B6: {=_xlfn.SWITCH($A$2,"average", AVERAGE(Instances!B6:Instances!B6),"median", MEDIAN(Instances!B6:Instances!B6),"min", MIN(Instances!B6:Instances!B6),"max", MAX(Instances!B6:Instances!B6),"diff", MAX(Instances!B6:Instances!B6)-MIN(Instances!B6:Instances!B6))} -> 0 | C6: {=_xlfn.SWITCH($A$2,"average", AVERAGE(Instances!C6:Instances!C6),"median", MEDIAN(Instances!C6:Instances!C6),"min", MIN(Instances!C6:Instances!C6),"max", MAX(Instances!C6:Instances!C6),"diff", MAX(Instances!C6:Instances!C6)-MIN(Instances!C6:Instances!C6))} -> 0 | D6: {=_xlfn.SWITCH($A$2,"average", AVERAGE(Instances!D6:Instances!D6),"median", MEDIAN(Instances!D6:Instances!D6),"min", MIN(Instances!D6:Instances!D6),"max", MAX(Instances!D6:Instances!D6),"diff", MAX(Instances!D6:Instances!D6)-MIN(Instances!D6:Instances!D6))} -> 0 | E6: {=_xlfn.SWITCH($A$2,"average", AVERAGE(Instances!E6:Instances!E6),"median", MEDIAN(Instances!E6:Instances!E6),"min", MIN(Instances!E6:Instances!E6),"max", MAX(Instances!E6:Instances!E6),"diff", MAX(Instances!E6:Instances!E6)-MIN(Instances!E6:Instances!E6))} -> 0 | G6: {=_xlfn.SWITCH($A$2,"average", AVERAGE(Instances!G6:Instances!G6),"median", MEDIAN(Instances!G6:Instances!G6),"min", MIN(Instances!G6:Instances!G6),"max", MAX(Instances!G6:Instances!G6),"diff", MAX(Instances!G6:Instances!G6)-MIN(Instances!G6:Instances!G6))} -> 0 | H6: {=_xlfn.SWITCH($A$2,"average", AVERAGE(Instances!H6:Instances!H6),"median", MEDIAN(Instances!H6:Instances!H6),"min", MIN(Instances!H6:Instances!H6),"max", MAX(Instances!H6:Instances!H6),"diff", MAX(Instances!H6:Instances!H6)-MIN(Instances!H6:Instances!H6))} -> 0 | I6: =MIN($B6) -> 0 | J6: =MIN($C6) -> 0 | K6: =MIN($D6) -> 0 | L6: =MIN($E6) -> 0 | M6: =MIN($G6) -> 0 | N6: =MIN($H6) -> 0 | O6: =MEDIAN($B6) -> 0 | P6: =MEDIAN($C6) -> 0 | Q6: =MEDIAN($D6) -> 0 | R6: =MEDIAN($E6) -> 0 | S6: =MEDIAN($G6) -> 0 | T6: =MEDIAN($H6) -> 0 | U6: =MAX($B6) -> 0 | V6: =MAX($C6) -> 0 | W6: =MAX($D6) -> 0 | X6: =MAX($E6) -> 0 | Y6: =MAX($G6) -> 0 | Z6: =MAX($H6) -> 0
A7: /Level_4 | B7: {=_xlfn.SWITCH($A$2,"average", AVERAGE(Instances!B7:Instances!B7),"median", MEDIAN(Instances!B7:Instances!B7),"min", MIN(Instances!B7:Instances!B7),"max", MAX(Instances!B7:Instances!B7),"diff", MAX(Instances!B7:Instances!B7)-MIN(Instances!B7:Instances!B7))} -> 0 | C7: {=_xlfn.SWITCH($A$2,"average", AVERAGE(Instances!C7:Instances!C7),"median", MEDIAN(Instances!C7:Instances!C7),"min", MIN(Instances!C7:Instances!C7),"max", MAX(Instances!C7:Instances!C7),"diff", MAX(Instances!C7:Instances!C7)-MIN(Instances!C7:Instances!C7))} -> 0 | D7: {=_xlfn.SWITCH($A$2,"average", AVERAGE(Instances!D7:Instances!D7),"median", MEDIAN(Instances!D7:Instances!D7),"min", MIN(Instances!D7:Instances!D7),"max", MAX(Instances!D7:Instances!D7),"diff", MAX(Instances!D7:Instances!D7)-MIN(Instances!D7:Instances!D7))} -> 0 | E7: {=_xlfn.SWITCH($A$2,"average", AVERAGE(Instances!E7:Instances!E7),"median", MEDIAN(Instances!E7:Instances!E7),"min", MIN(Instances!E7:Instances!E7),"max", MAX(Instances!E7:Instances!E7),"diff", MAX(Instances!E7:Instances!E7)-MIN(Instances!E7:Instances!E7))} -> 0 | G7: {=_xlfn.SWITCH($A$2,"average", AVERAGE(Instances!G7:Instances!G7),"median", MEDIAN(Instances!G7:Instances!G7),"min", MIN(Instances!G7:Instances!G7),"max", MAX(Instances!G7:Instances!G7),"diff", MAX(Instances!G7:Instances!G7)-MIN(Instances!G7:Instances!G7))} -> 0 | H7: {=_xlfn.SWITCH($A$2,"average", AVERAGE(Instances!H7:Instances!H7),"median", MEDIAN(Instances!H7:Instances!H7),"min", MIN(Instances!H7:Instances!H7),"max", MAX(Instances!H7:Instances!H7),"diff", MAX(Instances!H7:Instances!H7)-MIN(Instances!H7:Instances!H7))} -> 0 | I7: =MIN($B7) -> 0 | J7: =MIN($C7) -> 0 | K7: =MIN($D7) -> 0 | L7: =MIN($E7) -> 0 | M7: =MIN($G7) -> 0 | N7: =MIN($H7) -> 0 | O7: =MEDIAN($B7) -> 0 | P7: =MEDIAN($C7) -> 0 | Q7: =MEDIAN($D7) -> 0 | R7: =MEDIAN($E7) -> 0 | S7: =MEDIAN($G7) -> 0 | T7: =MEDIAN($H7) -> 0 | U7: =MAX($B7) -> 0 | V7: =MAX($C7) -> 0 | W7: =MAX($D7) -> 0 | X7: =MAX($E7) -> 0 | Y7: =MAX($G7) -> 0 | Z7: =MAX($H7) -> 0
A8: /Level_5 | B8: {=_xlfn.SWITCH($A$2,"average", AVERAGE(Instances!B8:Instances!B8),"median", MEDIAN(Instances!B8:Instances!B8),"min", MIN(Instances!B8:Instances!B8),"max", MAX(Instances!B8:Instances!B8),"diff", MAX(Instances!B8:Instances!B8)-MIN(Instances!B8:Instances!B8))} -> 0 | C8: {=_xlfn.SWITCH($A$2,"average", AVERAGE(Instances!C8:Instances!C8),"median", MEDIAN(Instances!C8:Instances!C8),"min", MIN(Instances!C8:Instances!C8),"max", MAX(Instances!C8:Instances!C8),"diff", MAX(Instances!C8:Instances!C8)-MIN(Instances!C8:Instances!C8))} -> 0 | D8: {=_xlfn.SWITCH($A$2,"average", AVERAGE(Instances!D8:Instances!D8),"median", MEDIAN(Instances!D8:Instances!D8),"min", MIN(Instances!D8:Instances!D8),"max", MAX(Instances!D8:Instances!D8),"diff", MAX(Instances!D8:Instances!D8)-MIN(Instances!D8:Instances!D8))} -> 0 | E8: {=_xlfn.SWITCH($A$2,"average", AVERAGE(Instances!E8:Instances!E8),"median", MEDIAN(Instances!E8:Instances!E8),"min", MIN(Instances!E8:Instances!E8),"max", MAX(Instances!E8:Instances!E8),"diff", MAX(Instances!E8:Instances!E8)-MIN(Instances!E8:Instances!E8))} -> 0 | G8: {=_xlfn.SWITCH($A$2,"average", AVERAGE(Instances!G8:Instances!G8),"median", MEDIAN(Instances!G8:Instances!G8),"min", MIN(Instances!G8:Instances!G8),"max", MAX(Instances!G8:Instances!G8),"diff", MAX(Instances!G8:Instances!G8)-MIN(Instances!G8:Instances!G8))} -> 0 | H8: {=_xlfn.SWITCH($A$2,"average", AVERAGE(Instances!H8:Instances!H8),"median", MEDIAN(Instances!H8:Instances!H8),"min", MIN(Instances!H8:Instances!H8),"max", MAX(Instances!H8:Instances!H8),"diff", MAX(Instances!H8:Instances!H8)-MIN(Instances!H8:Instances!H8))} -> 0 | I8: =MIN($B8) -> 0 | J8: =MIN($C8) -> 0 | K8: =MIN($D8) -> 0 | L8: =MIN($E8) -> 0 | M8: =MIN($G8) -> 0 | N8: =MIN($H8) -> 0 | O8: =MEDIAN($B8) -> 0 | P8: =MEDIAN($C8) -> 0 | Q8: =MEDIAN($D8) -> 0 | R8: =MEDIAN($E8) -> 0 | S8: =MEDIAN($G8) -> 0 | T8: =MEDIAN($H8) -> 0 | U8: =MAX($B8) -> 0 | V8: =MAX($C8) -> 0 | W8: =MAX($D8) -> 0 | X8: =MAX($E8) -> 0 | Y8: =MAX($G8) -> 0 | Z8: =MAX($H8) -> 0
A9: /Level_6 | B9: {=_xlfn.SWITCH($A$2,"average", AVERAGE(Instances!B9:Instances!B9),"median", MEDIAN(Instances!B9:Instances!B9),"min", MIN(Instances!B9:Instances!B9),"max", MAX(Instances!B9:Instances!B9),"diff", MAX(Instances!B9:Instances!B9)-MIN(Instances!B9:Instances!B9))} -> 0 | C9: {=_xlfn.SWITCH($A$2,"average", AVERAGE(Instances!C9:Instances!C9),"median", MEDIAN(Instances!C9:Instances!C9),"min", MIN(Instances!C9:Instances!C9),"max", MAX(Instances!C9:Instances!C9),"diff", MAX(Instances!C9:Instances!C9)-MIN(Instances!C9:Instances!C9))} -> 0 | D9: {=_xlfn.SWITCH($A$2,"average", AVERAGE(Instances!D9:Instances!D9),"median", MEDIAN(Instances!D9:Instances!D9),"min", MIN(Instances!D9:Instances!D9),"max", MAX(Instances!D9:Instances!D9),"diff", MAX(Instances!D9:Instances!D9)-MIN(Instances!D9:Instances!D9))} -> 0 | E9: {=_xlfn.SWITCH($A$2,"average", AVERAGE(Instances!E9:Instances!E9),"median", MEDIAN(Instances!E9:Instances!E9),"min", MIN(Instances!E9:Instances!E9),"max", MAX(Instances!E9:Instances!E9),"diff", MAX(Instances!E9:Instances!E9)-MIN(Instances!E9:Instances!E9))} -> 0 | G9: {=_xlfn.SWITCH($A$2,"average", AVERAGE(Instances!G9:Instances!G9),"median", MEDIAN(Instances!G9:Instances!G9),"min", MIN(Instances!G9:Instances!G9),"max", MAX(Instances!G9:Instances!G9),"diff", MAX(Instances!G9:Instances!G9)-MIN(Instances!G9:Instances!G9))} -> 0 | H9: {=_xlfn.SWITCH($A$2,"average", AVERAGE(Instances!H9:Instances!H9),"median", MEDIAN(Instances!H9:Instances!H9),"min", MIN(Instances!H9:Instances!H9),"max", MAX(Instances!H9:Instances!H9),"diff", MAX(Instances!H9:Instances!H9)-MIN(Instances!H9:Instances!H9))} -> 0 | I9: =MIN($B9) -> 0 | J9: =MIN($C9) -> 0 | K9: =MIN($D9) -> 0 | L9: =MIN($E9) -> 0 | M9: =MIN($G9) -> 0 | N9: =MIN($H9) -> 0 | O9: =MEDIAN($B9) -> 0 | P9: =MEDIAN($C9) -> 0 | Q9: =MEDIAN($D9) -> 0 | R9: =MEDIAN($E9) -> 0 | S9: =MEDIAN($G9) -> 0 | T9: =MEDIAN($H9) -> 0 | U9: =MAX($B9) -> 0 | V9: =MAX($C9) -> 0 | W9: =MAX($D9) -> 0 | X9: =MAX($E9) -> 0 | Y9: =MAX($G9) -> 0 | Z9: =MAX($H9) -> 0
A10: /Level_7 | B10: {=_xlfn.SWITCH($A$2,"average", AVERAGE(Instances!B10:Instances!B10),"median", MEDIAN(Instances!B10:Instances!B10),"min", MIN(Instances!B10:Instances!B10),"max", MAX(Instances!B10:Instances!B10),"diff", MAX(Instances!B10:Instances!B10)-MIN(Instances!B10:Instances!B10))} -> 0 | C10: {=_xlfn.SWITCH($A$2,"average", AVERAGE(Instances!C10:Instances!C10),"median", MEDIAN(Instances!C10:Instances!C10),"min", MIN(Instances!C10:Instances!C10),"max", MAX(Instances!C10:Instances!C10),"diff", MAX(Instances!C10:Instances!C10)-MIN(Instances!C10:Instances!C10))} -> 0 | D10: {=_xlfn.SWITCH($A$2,"average", AVERAGE(Instances!D10:Instances!D10),"median", MEDIAN(Instances!D10:Instances!D10),"min", MIN(Instances!D10:Instances!D10),"max", MAX(Instances!D10:Instances!D10),"diff", MAX(Instances!D10:Instances!D10)-MIN(Instances!D10:Instances!D10))} -> 0 | E10: {=_xlfn.SWITCH($A$2,"average", AVERAGE(Instances!E10:Instances!E10),"median", MEDIAN(Instances!E10:Instances!E10),"min", MIN(Instances!E10:Instances!E10),"max", MAX(Instances!E10:Instances!E10),"diff", MAX(Instances!E10:Instances!E10)-MIN(Instances!E10:Instances!E10))} -> 0 | G10: {=_xlfn.SWITCH($A$2,"average", AVERAGE(Instances!G10:Instances!G10),"median", MEDIAN(Instances!G10:Instances!G10),"min", MIN(Instances!G10:Instances!G10),"max", MAX(Instances!G10:Instances!G10),"diff", MAX(Instances!G10:Instances!G10)-MIN(Instances!G10:Instances!G10))} -> 0 | H10: {=_xlfn.SWITCH($A$2,"average", AVERAGE(Instances!H10:Instances!H10),"median", MEDIAN(Instances!H10:Instances!H10),"min", MIN(Instances!H10:Instances!H10),"max", MAX(Instances!H10:Instances!H10),"diff", MAX(Instances!H10:Instances!H10)-MIN(Instances!H10:Instances!H10))} -> 0 | I10: =MIN($B10) -> 0 | J10: =MIN($C10) -> 0 | K10: =MIN($D10) -> 0 | L10: =MIN($E10) -> 0 | M10: =MIN($G10) -> 0 | N10: =MIN($H10) -> 0 | O10: =MEDIAN($B10) -> 0 | P10: =MEDIAN($C10) -> 0 | Q10: =MEDIAN($D10) -> 0 | R10: =MEDIAN($E10) -> 0 | S10: =MEDIAN($G10) -> 0 | T10: =MEDIAN($H10) -> 0 | U10: =MAX($B10) -> 0 | V10: =MAX($C10) -> 0 | W10: =MAX($D10) -> 0 | X10: =MAX($E10) -> 0 | Y10: =MAX($G10) -> 0 | Z10: =MAX($H10) -> 0
A11: /Level_8 | B11: {=_xlfn.SWITCH($A$2,"average", AVERAGE(Instances!B11:Instances!B11),"median", MEDIAN(Instances!B11:Instances!B11),"min", MIN(Instances!B11:Instances!B11),"max", MAX(Instances!B11:Instances!B11),"diff", MAX(Instances!B11:Instances!B11)-MIN(Instances!B11:Instances!B11))} -> 0 | C11: {=_xlfn.SWITCH($A$2,"average", AVERAGE(Instances!C11:Instances!C11),"median", MEDIAN(Instances!C11:Instances!C11),"min", MIN(Instances!C11:Instances!C11),"max", MAX(Instances!C11:Instances!C11),"diff", MAX(Instances!C11:Instances!C11)-MIN(Instances!C11:Instances!C11))} -> 0 | D11: {=_xlfn.SWITCH($A$2,"average", AVERAGE(Instances!D11:Instances!D11),"median", MEDIAN(Instances!D11:Instances!D11),"min", MIN(Instances!D11:Instances!D11),"max", MAX(Instances!D11:Instances!D11),"diff", MAX(Instances!D11:Instances!D11)-MIN(Instances!D11:Instances!D11))} -> 0 | E11: {=_xlfn.SWITCH($A$2,"average", AVERAGE(Instances!E11:Instances!E11),"median", MEDIAN(Instances!E11:Instances!E11),"min", MIN(Instances!E11:Instances!E11),"max", MAX(Instances!E11:Instances!E11),"diff", MAX(Instances!E11:Instances!E11)-MIN(Instances!E11:Instances!E11))} -> 0 | G11: {=_xlfn.SWITCH($A$2,"average", AVERAGE(Instances!G11:Instances!G11),"median", MEDIAN(Instances!G11:Instances!G11),"min", MIN(Instances!G11:Instances!G11),"max", MAX(Instances!G11:Instances!G11),"diff", MAX(Instances!G11:Instances!G11)-MIN(Instances!G11:Instances!G11))} -> 0 | H11: {=_xlfn.SWITCH($A$2,"average", AVERAGE(Instances!H11:Instances!H11),"median", MEDIAN(Instances!H11:Instances!H11),"min", MIN(Instances!H11:Instances!H11),"max", MAX(Instances!H11:Instances!H11),"diff", MAX(Instances!H11:Instances!H11)-MIN(Instances!H11:Instances!H11))} -> 0 | I11: =MIN($B11) -> 0 | J11: =MIN($C11) -> 0 | K11: =MIN($D11) -> 0 | L11: =MIN($E11) -> 0 | M11: =MIN($G11) -> 0 | N11: =MIN($H11) -> 0 | O11: =MEDIAN($B11) -> 0 | P11: =MEDIAN($C11) -> 0 | Q11: =MEDIAN($D11) -> 0 | R11: =MEDIAN($E11) -> 0 | S11: =MEDIAN($G11) -> 0 | T11: =MEDIAN($H11) -> 0 | U11: =MAX($B11) -> 0 | V11: =MAX($C11) -> 0 | W11: =MAX($D11) -> 0 | X11: =MAX($E11) -> 0 | Y11: =MAX($G11) -> 0 | Z11: =MAX($H11) -> 0
A12: /Level_9 | B12: {=_xlfn.SWITCH($A$2,"average", AVERAGE(Instances!B12:Instances!B12),"median", MEDIAN(Instances!B12:Instances!B12),"min", MIN(Instances!B12:Instances!B12),"max", MAX(Instances!B12:Instances!B12),"diff", MAX(Instances!B12:Instances!B12)-MIN(Instances!B12:Instances!B12))} -> 0 | C12: {=_xlfn.SWITCH($A$2,"average", AVERAGE(Instances!C12:Instances!C12),"median", MEDIAN(Instances!C12:Instances!C12),"min", MIN(Instances!C12:Instances!C12),"max", MAX(Instances!C12:Instances!C12),"diff", MAX(Instances!C12:Instances!C12)-MIN(Instances!C12:Instances!C12))} -> 0 | D12: {=_xlfn.SWITCH($A$2,"average", AVERAGE(Instances!D12:Instances!D12),"median", MEDIAN(Instances!D12:Instances!D12),"min", MIN(Instances!D12:Instances!D12),"max", MAX(Instances!D12:Instances!D12),"diff", MAX(Instances!D12:Instances!D12)-MIN(Instances!D12:Instances!D12))} -> 0 | E12: {=_xlfn.SWITCH($A$2,"average", AVERAGE(Instances!E12:Instances!E12),"median", MEDIAN(Instances!E12:Instances!E12),"min", MIN(Instances!E12:Instances!E12),"max", MAX(Instances!E12:Instances!E12),"diff", MAX(Instances!E12:Instances!E12)-MIN(Instances!E12:Instances!E12))} -> 0 | G12: {=_xlfn.SWITCH($A$2,"average", AVERAGE(Instances!G12:Instances!G12),"median", MEDIAN(Instances!G12:Instances!G12),"min", MIN(Instances!G12:Instances!G12),"max", MAX(Instances!G12:Instances!G12),"diff", MAX(Instances!G12:Instances!G12)-MIN(Instances!G12:Instances!G12))} -> 0 | H12: {=_xlfn.SWITCH($A$2,"average", AVERAGE(Instances!H12:Instances!H12),"median", MEDIAN(Instances!H12:Instances!H12),"min", MIN(Instances!H12:Instances!H12),"max", MAX(Instances!H12:Instances!H12),"diff", MAX(Instances!H12:Instances!H12)-MIN(Instances!H12:Instances!H12))} -> 0 | I12: =MIN($B12) -> 0 | J12: =MIN($C12) -> 0 | K12: =MIN($D12) -> 0 | L12: =MIN($E12) -> 0 | M12: =MIN($G12) -> 0 | N12: =MIN($H12) -> 0 | O12: =MEDIAN($B12) -> 0 | P12: =MEDIAN($C12) -> 0 | Q12: =MEDIAN($D12) -> 0 | R12: =MEDIAN($E12) -> 0 | S12: =MEDIAN($G12) -> 0 | T12: =MEDIAN($H12) -> 0 | U12: =MAX($B12) -> 0 | V12: =MAX($C12) -> 0 | W12: =MAX($D12) -> 0 | X12: =MAX($E12) -> 0 | Y12: =MAX($G12) -> 0 | Z12: =MAX($H12) -> 0
A13: /Level_0 | B13: {=_xlfn.SWITCH($A$2,"average", AVERAGE(Instances!B13:Instances!B13),"median", MEDIAN(Instances!B13:Instances!B13),"min", MIN(Instances!B13:Instances!B13),"max", MAX(Instances!B13:Instances!B13),"diff", MAX(Instances!B13:Instances!B13)-MIN(Instances!B13:Instances!B13))} -> 0 | C13: {=_xlfn.SWITCH($A$2,"average", AVERAGE(Instances!C13:Instances!C13),"median", MEDIAN(Instances!C13:Instances!C13),"min", MIN(Instances!C13:Instances!C13),"max", MAX(Instances!C13:Instances!C13),"diff", MAX(Instances!C13:Instances!C13)-MIN(Instances!C13:Instances!C13))} -> 0 | D13: {=_xlfn.SWITCH($A$2,"average", AVERAGE(Instances!D13:Instances!D13),"median", MEDIAN(Instances!D13:Instances!D13),"min", MIN(Instances!D13:Instances!D13),"max", MAX(Instances!D13:Instances!D13),"diff", MAX(Instances!D13:Instances!D13)-MIN(Instances!D13:Instances!D13))} -> 0 | E13: {=_xlfn.SWITCH($A$2,"average", AVERAGE(Instances!E13:Instances!E13),"median", MEDIAN(Instances!E13:Instances!E13),"min", MIN(Instances!E13:Instances!E13),"max", MAX(Instances!E13:Instances!E13),"diff", MAX(Instances!E13:Instances!E13)-MIN(Instances!E13:Instances!E13))} -> 0 | G13: {=_xlfn.SWITCH($A$2,"average", AVERAGE(Instances!G13:Instances!G13),"median", MEDIAN(Instances!G13:Instances!G13),"min", MIN(Instances!G13:Instances!G13),"max", MAX(Instances!G13:Instances!G13),"diff", MAX(Instances!G13:Instances!G13)-MIN(Instances!G13:Instances!G13))} -> 0 | H13: {=_xlfn.SWITCH($A$2,"average", AVERAGE(Instances!H13:Instances!H13),"median", MEDIAN(Instances!H13:Instances!H13),"min", MIN(Instances!H13:Instances!H13),"max", MAX(Instances!H13:Instances!H13),"diff", MAX(Instances!H13:Instances!H13)-MIN(Instances!H13:Instances!H13))} -> 0 | I13: =MIN($B13) -> 0 | J13: =MIN($C13) -> 0 | K13: =MIN($D13) -> 0 | L13: =MIN($E13) -> 0 | M13: =MIN($G13) -> 0 | N13: =MIN($H13) -> 0 | O13: =MEDIAN($B13) -> 0 | P13: =MEDIAN($C13) -> 0 | Q13: =MEDIAN($D13) -> 0 | R13: =MEDIAN($E13) -> 0 | S13: =MEDIAN($G13) -> 0 | T13: =MEDIAN($H13) -> 0 | U13: =MAX($B13) -> 0 | V13: =MAX($C13) -> 0 | W13: =MAX($D13) -> 0 | X13: =MAX($E13) -> 0 | Y13: =MAX($G13) -> 0 | Z13: =MAX($H13) -> 0
A14: /Level_1 | B14: {=_xlfn.SWITCH($A$2,"average", AVERAGE(Instances!B14:Instances!B14),"median", MEDIAN(Instances!B14:Instances!B14),"min", MIN(Instances!B14:Instances!B14),"max", MAX(Instances!B14:Instances!B14),"diff", MAX(Instances!B14:Instances!B14)-MIN(Instances!B14:Instances!B14))} -> 0 | C14: {=_xlfn.SWITCH($A$2,"average", AVERAGE(Instances!C14:Instances!C14),"median", MEDIAN(Instances!C14:Instances!C14),"min", MIN(Instances!C14:Instances!C14),"max", MAX(Instances!C14:Instances!C14),"diff", MAX(Instances!C14:Instances!C14)-MIN(Instances!C14:Instances!C14))} -> 0 | D14: {=_xlfn.SWITCH($A$2,"average", AVERAGE(Instances!D14:Instances!D14),"median", MEDIAN(Instances!D14:Instances!D14),"min", MIN(Instances!D14:Instances!D14),"max", MAX(Instances!D14:Instances!D14),"diff", MAX(Instances!D14:Instances!D14)-MIN(Instances!D14:Instances!D14))} -> 0 | E14: {=_xlfn.SWITCH($A$2,"average", AVERAGE(Instances!E14:Instances!E14),"median", MEDIAN(Instances!E14:Instances!E14),"min", MIN(Instances!E14:Instances!E14),"max", MAX(Instances!E14:Instances!E14),"diff", MAX(Instances!E14:Instances!E14)-MIN(Instances!E14:Instances!E14))} -> 0 | G14: {=_xlfn.SWITCH($A$2,"average", AVERAGE(Instances!G14:Instances!G14),"median", MEDIAN(Instances!G14:Instances!G14),"min", MIN(Instances!G14:Instances!G14),"max", MAX(Instances!G14:Instances!G14),"diff", MAX(Instances!G14:Instances!G14)-MIN(Instances!G14:Instances!G14))} -> 0 | H14: {=_xlfn.SWITCH($A$2,"average", AVERAGE(Instances!H14:Instances!H14),"median", MEDIAN(Instances!H14:Instances!H14),"min", MIN(Instances!H14:Instances!H14),"max", MAX(Instances!H14:Instances!H14),"diff", MAX(Instances!H14:Instances!H14)-MIN(Instances!H14:Instances!H14))} -> 0 | I14: =MIN($B14) -> 0 | J14: =MIN($C14) -> 0 | K14: =MIN($D14) -> 0 | L14: =MIN($E14) -> 0 | M14: =MIN($G14) -> 0 | N14: =MIN($H14) -> 0 | O14: =MEDIAN($B14) -> 0 | P14: =MEDIAN($C14) -> 0 | Q14: =MEDIAN($D14) -> 0 | R14: =MEDIAN($E14) -> 0 | S14: =MEDIAN($G14) -> 0 | T14: =MEDIAN($H14) -> 0 | U14: =MAX($B14) -> 0 | V14: =MAX($C14) -> 0 | W14: =MAX($D14) -> 0 | X14: =MAX($E14) -> 0 | Y14: =MAX($G14) -> 0 | Z14: =MAX($H14) -> 0
... A32: /Level_9 | B32: {=_xlfn.SWITCH($A$2,"average", AVERAGE(Instances!B32:Instances!B32),"median", MEDIAN(Instances!B32:Instances!B32),"min", MIN(Instances!B32:Instances!B32),"max", MAX(Instances!B32:Instances!B32),"diff", MAX(Instances!B32:Instances!B32)-MIN(Instances!B32:Instances!B32))} -> 0 | C32: {=_xlfn.SWITCH($A$2,"average", AVERAGE(Instances!C32:Instances!C32),"median", MEDIAN(Instances!C32:Instances!C32),"min", MIN(Instances!C32:Instances!C32),"max", MAX(Instances!C32:Instances!C32),"diff", MAX(Instances!C32:Instances!C32)-MIN(Instances!C32:Instances!C32))} -> 0 | D32: {=_xlfn.SWITCH($A$2,"average", AVERAGE(Instances!D32:Instances!D32),"median", MEDIAN(Instances!D32:Instances!D32),"min", MIN(Instances!D32:Instances!D32),"max", MAX(Instances!D32:Instances!D32),"diff", MAX(Instances!D32:Instances!D32)-MIN(Instances!D32:Instances!D32))} -> 0 | E32: {=_xlfn.SWITCH($A$2,"average", AVERAGE(Instances!E32:Instances!E32),"median", MEDIAN(Instances!E32:Instances!E32),"min", MIN(Instances!E32:Instances!E32),"max", MAX(Instances!E32:Instances!E32),"diff", MAX(Instances!E32:Instances!E32)-MIN(Instances!E32:Instances!E32))} -> 0 | G32: {=_xlfn.SWITCH($A$2,"average", AVERAGE(Instances!G32:Instances!G32),"median", MEDIAN(Instances!G32:Instances!G32),"min", MIN(Instances!G32:Instances!G32),"max", MAX(Instances!G32:Instances!G32),"diff", MAX(Instances!G32:Instances!G32)-MIN(Instances!G32:Instances!G32))} -> 0 | H32: {=_xlfn.SWITCH($A$2,"average", AVERAGE(Instances!H32:Instances!H32),"median", MEDIAN(Instances!H32:Instances!H32),"min", MIN(Instances!H32:Instances!H32),"max", MAX(Instances!H32:Instances!H32),"diff", MAX(Instances!H32:Instances!H32)-MIN(Instances!H32:Instances!H32))} -> 0 | I32: =MIN($B32) -> 0 | J32: =MIN($C32) -> 0 | K32: =MIN($D32) -> 0 | L32: =MIN($E32) -> 0 | M32: =MIN($G32) -> 0 | N32: =MIN($H32) -> 0 | O32: =MEDIAN($B32) -> 0 | P32: =MEDIAN($C32) -> 0 | Q32: =MEDIAN($D32) -> 0 | R32: =MEDIAN($E32) -> 0 | S32: =MEDIAN($G32) -> 0 | T32: =MEDIAN($H32) -> 0 | U32: =MAX($B32) -> 0 | V32: =MAX($C32) -> 0 | W32: =MAX($D32) -> 0 | X32: =MAX($E32) -> 0 | Y32: =MAX($G32) -> 0 | Z32: =MAX($H32) -> 0
A34: SUM | B34: =SUM(B$3:B$32) -> 0 | C34: =SUM(C$3:C$32) -> 0 | D34: =SUM(D$3:D$32) -> 0 | E34: =SUM(E$3:E$32) -> 0 | G34: =SUM(G$3:G$32) -> 0 | H34: =SUM(H$3:H$32) -> 0 | I34: =SUM(I$3:I$32) -> 0 | J34: =SUM(J$3:J$32) -> 0 | K34: =SUM(K$3:K$32) -> 0 | L34: =SUM(L$3:L$32) -> 0 | M34: =SUM(M$3:M$32) -> 0 | N34: =SUM(N$3:N$32) -> 0 | ... Z34: =SUM(Z$3:Z$32) -> 0
A35: AVG | B35: =AVERAGE(B$3:B$32) -> 0 | C35: =AVERAGE(C$3:C$32) -> 0 | D35: =AVERAGE(D$3:D$32) -> 0 | E35: =AVERAGE(E$3:E$32) -> 0 | G35: =AVERAGE(G$3:G$32) -> 0 | H35: =AVERAGE(H$3:H$32) -> 0 | I35: =AVERAGE(I$3:I$32) -> 0 | J35: =AVERAGE(J$3:J$32) -> 0 | K35: =AVERAGE(K$3:K$32) -> 0 | L35: =AVERAGE(L$3:L$32) -> 0 | M35: =AVERAGE(M$3:M$32) -> 0 | N35: =AVERAGE(N$3:N$32) -> 0 | ... Z35: =AVERAGE(Z$3:Z$32) -> 0
A36: DEV | B36: =STDEV(B$3:B$32) -> 0 | C36: =STDEV(C$3:C$32) -> 0 | D36: =STDEV(D$3:D$32) -> 0 | E36: =STDEV(E$3:E$32) -> 0 | G36: =STDEV(G$3:G$32) -> 0 | H36: =STDEV(H$3:H$32) -> 0 | I36: =STDEV(I$3:I$32) -> 0 | J36: =STDEV(J$3:J$32) -> 0 | K36: =STDEV(K$3:K$32) -> 0 | L36: =STDEV(L$3:L$32) -> 0 | M36: =STDEV(M$3:M$32) -> 0 | N36: =STDEV(N$3:N$32) -> 0 | ... Z36: =STDEV(Z$3:Z$32) -> 0
A37: DST | B37: =SUMPRODUCT(--(B$3:B$32-$I$3:$I$32)^2)^0.5 -> 0 | C37: =SUMPRODUCT(--(C$3:C$32-$J$3:$J$32)^2)^0.5 -> 0 | D37: =SUMPRODUCT(--(D$3:D$32-$K$3:$K$32)^2)^0.5 -> 0 | E37: =SUMPRODUCT(--(E$3:E$32-$L$3:$L$32)^2)^0.5 -> 0 | G37: =SUMPRODUCT(--(G$3:G$32-$M$3:$M$32)^2)^0.5 -> 0 | H37: =SUMPRODUCT(--(H$3:H$32-$N$3:$N$32)^2)^0.5 -> 0
A38: BEST | B38: =SUMPRODUCT(NOT(ISBLANK(B$3:B$32))*(B$3:B$32=$I$3:$I$32)) -> 0 | C38: =SUMPRODUCT(NOT(ISBLANK(C$3:C$32))*(C$3:C$32=$J$3:$J$32)) -> 0 | D38: =SUMPRODUCT(NOT(ISBLANK(D$3:D$32))*(D$3:D$32=$K$3:$K$32)) -> 0 | E38: =SUMPRODUCT(NOT(ISBLANK(E$3:E$32))*(E$3:E$32=$L$3:$L$32)) -> 0 | G38: =SUMPRODUCT(NOT(ISBLANK(G$3:G$32))*(G$3:G$32=$M$3:$M$32)) -> 0 | H38: =SUMPRODUCT(NOT(ISBLANK(H$3:H$32))*(H$3:H$32=$N$3:$N$32)) -> 0
A39: BETTER | B39: =SUMPRODUCT(NOT(ISBLANK(B$3:B$32))*(B$3:B$32<$O$3:$O$32)) -> 0 | C39: =SUMPRODUCT(NOT(ISBLANK(C$3:C$32))*(C$3:C$32<$P$3:$P$32)) -> 0 | D39: =SUMPRODUCT(NOT(ISBLANK(D$3:D$32))*(D$3:D$32<$Q$3:$Q$32)) -> 0 | E39: =SUMPRODUCT(NOT(ISBLANK(E$3:E$32))*(E$3:E$32<$R$3:$R$32)) -> 0 | G39: =SUMPRODUCT(NOT(ISBLANK(G$3:G$32))*(G$3:G$32<$S$3:$S$32)) -> 0 | H39: =SUMPRODUCT(NOT(ISBLANK(H$3:H$32))*(H$3:H$32<$T$3:$T$32)) -> 0
A40: WORSE | B40: =SUMPRODUCT((NOT(ISBLANK(B$3:B$32))*(B$3:B$32>$O$3:$O$32))+ISBLANK(B$3:B$32)) -> 0 | C40: =SUMPRODUCT((NOT(ISBLANK(C$3:C$32))*(C$3:C$32>$P$3:$P$32))+ISBLANK(C$3:C$32)) -> 0 | D40: =SUMPRODUCT((NOT(ISBLANK(D$3:D$32))*(D$3:D$32>$Q$3:$Q$32))+ISBLANK(D$3:D$32)) -> 0 | E40: =SUMPRODUCT((NOT(ISBLANK(E$3:E$32))*(E$3:E$32>$R$3:$R$32))+ISBLANK(E$3:E$32)) -> 0 | G40: =SUMPRODUCT((NOT(ISBLANK(G$3:G$32))*(G$3:G$32>$S$3:$S$32))+ISBLANK(G$3:G$32)) -> 0 | H40: =SUMPRODUCT((NOT(ISBLANK(H$3:H$32))*(H$3:H$32>$T$3:$T$32))+ISBLANK(H$3:H$32)) -> 0
A41: WORST | B41: =SUMPRODUCT((NOT(ISBLANK(B$3:B$32))*(B$3:B$32=$U$3:$U$32))+ISBLANK(B$3:B$32)) -> 0 | C41: =SUMPRODUCT((NOT(ISBLANK(C$3:C$32))*(C$3:C$32=$V$3:$V$32))+ISBLANK(C$3:C$32)) -> 0 | D41: =SUMPRODUCT((NOT(ISBLANK(D$3:D$32))*(D$3:D$32=$W$3:$W$32))+ISBLANK(D$3:D$32)) -> 0 | E41: =SUMPRODUCT((NOT(ISBLANK(E$3:E$32))*(E$3:E$32=$X$3:$X$32))+ISBLANK(E$3:E$32)) -> 0 | G41: =SUMPRODUCT((NOT(ISBLANK(G$3:G$32))*(G$3:G$32=$Y$3:$Y$32))+ISBLANK(G$3:G$32)) -> 0 | H41: =SUMPRODUCT((NOT(ISBLANK(H$3:H$32))*(H$3:H$32=$Z$3:$Z$32))+ISBLANK(H$3:H$32)) -> 0

Sheet Classes
B1: clingodl-latest/default | I1: min | O1: median | U1: max
B2: error | C2: mem | D2: memout | E2: par2 | F2: rstatus | G2: time | H2: timeout | I2: error | J2: mem | K2: memout | L2: par2 | M2: time | N2: timeout | O2: error | P2: mem | Q2: memout | R2: par2 | S2: time | T2: timeout | U2: error | V2: mem | W2: memout | X2: par2 | Y2: time | Z2: timeout
B3: =AVERAGE(Instances!B3:Instances!B12) -> 0 | C3: =AVERAGE(Instances!C3:Instances!C12) -> 0 | D3: =AVERAGE(Instances!D3:Instances!D12) -> 0 | E3: =AVERAGE(Instances!E3:Instances!E12) -> 0 | G3: =AVERAGE(Instances!G3:Instances!G12) -> 0 | H3: =SUM(Instances!H3:Instances!H12) -> 0 | I3: =MIN($B3) -> 0 | J3: =MIN($C3) -> 0 | K3: =MIN($D3) -> 0 | L3: =MIN($E3) -> 0 | M3: =MIN($G3) -> 0 | N3: =MIN($H3) -> 0 | O3: =MEDIAN($B3) -> 0 | P3: =MEDIAN($C3) -> 0 | Q3: =MEDIAN($D3) -> 0 | R3: =MEDIAN($E3) -> 0 | S3: =MEDIAN($G3) -> 0 | T3: =MEDIAN($H3) -> 0 | U3: =MAX($B3) -> 0 | V3: =MAX($C3) -> 0 | W3: =MAX($D3) -> 0 | X3: =MAX($E3) -> 0 | Y3: =MAX($G3) -> 0 | Z3: =MAX($H3) -> 0
B4: =AVERAGE(Instances!B13:Instances!B22) -> 0 | C4: =AVERAGE(Instances!C13:Instances!C22) -> 0 | D4: =AVERAGE(Instances!D13:Instances!D22) -> 0 | E4: =AVERAGE(Instances!E13:Instances!E22) -> 0 | G4: =AVERAGE(Instances!G13:Instances!G22) -> 0 | H4: =SUM(Instances!H13:Instances!H22) -> 0 | I4: =MIN($B4) -> 0 | J4: =MIN($C4) -> 0 | K4: =MIN($D4) -> 0 | L4: =MIN($E4) -> 0 | M4: =MIN($G4) -> 0 | N4: =MIN($H4) -> 0 | O4: =MEDIAN($B4) -> 0 | P4: =MEDIAN($C4) -> 0 | Q4: =MEDIAN($D4) -> 0 | R4: =MEDIAN($E4) -> 0 | S4: =MEDIAN($G4) -> 0 | T4: =MEDIAN($H4) -> 0 | U4: =MAX($B4) -> 0 | V4: =MAX($C4) -> 0 | W4: =MAX($D4) -> 0 | X4: =MAX($E4) -> 0 | Y4: =MAX($G4) -> 0 | Z4: =MAX($H4) -> 0
B5: =AVERAGE(Instances!B23:Instances!B32) -> 0 | C5: =AVERAGE(Instances!C23:Instances!C32) -> 0 | D5: =AVERAGE(Instances!D23:Instances!D32) -> 0 | E5: =AVERAGE(Instances!E23:Instances!E32) -> 0 | G5: =AVERAGE(Instances!G23:Instances!G32) -> 0 | H5: =SUM(Instances!H23:Instances!H32) -> 0 | I5: =MIN($B5) -> 0 | J5: =MIN($C5) -> 0 | K5: =MIN($D5) -> 0 | L5: =MIN($E5) -> 0 | M5: =MIN($G5) -> 0 | N5: =MIN($H5) -> 0 | O5: =MEDIAN($B5) -> 0 | P5: =MEDIAN($C5) -> 0 | Q5: =MEDIAN($D5) -> 0 | R5: =MEDIAN($E5) -> 0 | S5: =MEDIAN($G5) -> 0 | T5: =MEDIAN($H5) -> 0 | U5: =MAX($B5) -> 0 | V5: =MAX($C5) -> 0 | W5: =MAX($D5) -> 0 | X5: =MAX($E5) -> 0 | Y5: =MAX($G5) -> 0 | Z5: =MAX($H5) -> 0
A7: SUM | B7: =SUM(B$3:B$5) -> 0 | C7: =SUM(C$3:C$5) -> 0 | D7: =SUM(D$3:D$5) -> 0 | E7: =SUM(E$3:E$5) -> 0 | G7: =SUM(G$3:G$5) -> 0 | H7: =SUM(H$3:H$5) -> 0 | I7: =SUM(I$3:I$5) -> 0 | J7: =SUM(J$3:J$5) -> 0 | K7: =SUM(K$3:K$5) -> 0 | L7: =SUM(L$3:L$5) -> 0 | M7: =SUM(M$3:M$5) -> 0 | N7: =SUM(N$3:N$5) -> 0 | ... Z7: =SUM(Z$3:Z$5) -> 0
A8: AVG | B8: =AVERAGE(B$3:B$5) -> 0 | C8: =AVERAGE(C$3:C$5) -> 0 | D8: =AVERAGE(D$3:D$5) -> 0 | E8: =AVERAGE(E$3:E$5) -> 0 | G8: =AVERAGE(G$3:G$5) -> 0 | H8: =AVERAGE(H$3:H$5) -> 0 | I8: =AVERAGE(I$3:I$5) -> 0 | J8: =AVERAGE(J$3:J$5) -> 0 | K8: =AVERAGE(K$3:K$5) -> 0 | L8: =AVERAGE(L$3:L$5) -> 0 | M8: =AVERAGE(M$3:M$5) -> 0 | N8: =AVERAGE(N$3:N$5) -> 0 | ... Z8: =AVERAGE(Z$3:Z$5) -> 0
A9: DEV | B9: =STDEV(B$3:B$5) -> 0 | C9: =STDEV(C$3:C$5) -> 0 | D9: =STDEV(D$3:D$5) -> 0 | E9: =STDEV(E$3:E$5) -> 0 | G9: =STDEV(G$3:G$5) -> 0 | H9: =STDEV(H$3:H$5) -> 0 | I9: =STDEV(I$3:I$5) -> 0 | J9: =STDEV(J$3:J$5) -> 0 | K9: =STDEV(K$3:K$5) -> 0 | L9: =STDEV(L$3:L$5) -> 0 | M9: =STDEV(M$3:M$5) -> 0 | N9: =STDEV(N$3:N$5) -> 0 | ... Z9: =STDEV(Z$3:Z$5) -> 0
A10: DST | B10: =SUMPRODUCT(--(B$3:B$5-$I$3:$I$5)^2)^0.5 -> 0 | C10: =SUMPRODUCT(--(C$3:C$5-$J$3:$J$5)^2)^0.5 -> 0 | D10: =SUMPRODUCT(--(D$3:D$5-$K$3:$K$5)^2)^0.5 -> 0 | E10: =SUMPRODUCT(--(E$3:E$5-$L$3:$L$5)^2)^0.5 -> 0 | G10: =SUMPRODUCT(--(G$3:G$5-$M$3:$M$5)^2)^0.5 -> 0 | H10: =SUMPRODUCT(--(H$3:H$5-$N$3:$N$5)^2)^0.5 -> 0
A11: BEST | B11: =SUMPRODUCT(NOT(ISBLANK(B$3:B$5))*(B$3:B$5=$I$3:$I$5)) -> 0 | C11: =SUMPRODUCT(NOT(ISBLANK(C$3:C$5))*(C$3:C$5=$J$3:$J$5)) -> 0 | D11: =SUMPRODUCT(NOT(ISBLANK(D$3:D$5))*(D$3:D$5=$K$3:$K$5)) -> 0 | E11: =SUMPRODUCT(NOT(ISBLANK(E$3:E$5))*(E$3:E$5=$L$3:$L$5)) -> 0 | G11: =SUMPRODUCT(NOT(ISBLANK(G$3:G$5))*(G$3:G$5=$M$3:$M$5)) -> 0 | H11: =SUMPRODUCT(NOT(ISBLANK(H$3:H$5))*(H$3:H$5=$N$3:$N$5)) -> 0
A12: BETTER | B12: =SUMPRODUCT(NOT(ISBLANK(B$3:B$5))*(B$3:B$5<$O$3:$O$5)) -> 0 | C12: =SUMPRODUCT(NOT(ISBLANK(C$3:C$5))*(C$3:C$5<$P$3:$P$5)) -> 0 | D12: =SUMPRODUCT(NOT(ISBLANK(D$3:D$5))*(D$3:D$5<$Q$3:$Q$5)) -> 0 | E12: =SUMPRODUCT(NOT(ISBLANK(E$3:E$5))*(E$3:E$5<$R$3:$R$5)) -> 0 | G12: =SUMPRODUCT(NOT(ISBLANK(G$3:G$5))*(G$3:G$5<$S$3:$S$5)) -> 0 | H12: =SUMPRODUCT(NOT(ISBLANK(H$3:H$5))*(H$3:H$5<$T$3:$T$5)) -> 0
A13: WORSE | B13: =SUMPRODUCT((NOT(ISBLANK(B$3:B$5))*(B$3:B$5>$O$3:$O$5))+ISBLANK(B$3:B$5)) -> 0 | C13: =SUMPRODUCT((NOT(ISBLANK(C$3:C$5))*(C$3:C$5>$P$3:$P$5))+ISBLANK(C$3:C$5)) -> 0 | D13: =SUMPRODUCT((NOT(ISBLANK(D$3:D$5))*(D$3:D$5>$Q$3:$Q$5))+ISBLANK(D$3:D$5)) -> 0 | E13: =SUMPRODUCT((NOT(ISBLANK(E$3:E$5))*(E$3:E$5>$R$3:$R$5))+ISBLANK(E$3:E$5)) -> 0 | G13: =SUMPRODUCT((NOT(ISBLANK(G$3:G$5))*(G$3:G$5>$S$3:$S$5))+ISBLANK(G$3:G$5)) -> 0 | H13: =SUMPRODUCT((NOT(ISBLANK(H$3:H$5))*(H$3:H$5>$T$3:$T$5))+ISBLANK(H$3:H$5)) -> 0
A14: WORST | B14: =SUMPRODUCT((NOT(ISBLANK(B$3:B$5))*(B$3:B$5=$U$3:$U$5))+ISBLANK(B$3:B$5)) -> 0 | C14: =SUMPRODUCT((NOT(ISBLANK(C$3:C$5))*(C$3:C$5=$V$3:$V$5))+ISBLANK(C$3:C$5)) -> 0 | D14: =SUMPRODUCT((NOT(ISBLANK(D$3:D$5))*(D$3:D$5=$W$3:$W$5))+ISBLANK(D$3:D$5)) -> 0 | E14: =SUMPRODUCT((NOT(ISBLANK(E$3:E$5))*(E$3:E$5=$X$3:$X$5))+ISBLANK(E$3:E$5)) -> 0 | G14: =SUMPRODUCT((NOT(ISBLANK(G$3:G$5))*(G$3:G$5=$Y$3:$Y$5))+ISBLANK(G$3:G$5)) -> 0 | H14: =SUMPRODUCT((NOT(ISBLANK(H$3:H$5))*(H$3:H$5=$Z$3:$Z$5))+ISBLANK(H$3:H$5)) -> 0
