Workbook

Sheet Instances
B1: clingo-5.8.0/one-as | S1: min | AH1: median | AW1: max
B2: choices | C2: conflicts | D2: constraints | E2: error | F2: mem | G2: memout | H2: models | I2: overall-time | J2: par2 | K2: restarts | L2: rstatus | M2: rules | N2: solving-time | O2: status | P2: time | Q2: timeout | R2: variables | S2: choices | T2: conflicts | U2: constraints | V2: error | W2: mem | X2: memout | Y2: models | Z2: overall-time | AA2: par2 | AB2: restarts | AC2: rules | AD2: solving-time | AE2: time | AF2: timeout | AG2: variables | AH2: choices | AI2: conflicts | AJ2: constraints | AK2: error | AL2: mem | AM2: memout | AN2: models | AO2: overall-time | AP2: par2 | AQ2: restarts | AR2: rules | AS2: solving-time | AT2: time | AU2: timeout | AV2: variables | AW2: choices | AX2: conflicts | AY2: constraints | AZ2: error | BA2: mem | BB2: memout | BC2: models | BD2: overall-time | BE2: par2 | BF2: restarts | BG2: rules | BH2: solving-time | BI2: time | BJ2: timeout | BK2: variables
A3: /Level_0 | B3: 0 | C3: 0 | D3: 0 | E3: 0 | F3: 15006 | G3: 1 | H3: 0 | I3: 161.105 | J3: 3000 | K3: 0 | L3: out of memory | M3: 0 | N3: 0 | O3: UNKNOWN | P3: 1500 | Q3: 1 | R3: 0 | S3: =MIN($B3) -> 0 | T3: =MIN($C3) -> 0 | U3: =MIN($D3) -> 0 | V3: =MIN($E3) -> 0 | W3: =MIN($F3) -> 0 | X3: =MIN($G3) -> 0 | Y3: =MIN($H3) -> 0 | Z3: =MIN($I3) -> 0 | AA3: =MIN($J3) -> 0 | AB3: =MIN($K3) -> 0 | AC3: =MIN($M3) -> 0 | AD3: =MIN($N3) -> 0 | AE3: =MIN($P3) -> 0 | AF3: =MIN($Q3) -> 0 | AG3: =MIN($R3) -> 0 | AH3: =MEDIAN($B3) -> 0 | AI3: =MEDIAN($C3) -> 0 | AJ3: =MEDIAN($D3) -> 0 | AK3: =MEDIAN($E3) -> 0 | AL3: =MEDIAN($F3) -> 0 | AM3: =MEDIAN($G3) -> 0 | AN3: =MEDIAN($H3) -> 0 | AO3: =MEDIAN($I3) -> 0 | AP3: =MEDIAN($J3) -> 0 | AQ3: =MEDIAN($K3) -> 0 | AR3: =MEDIAN($M3) -> 0 | AS3: =MEDIAN($N3) -> 0 | AT3: =MEDIAN($P3) -> 0 | AU3: =MEDIAN($Q3) -> 0 | AV3: =MEDIAN($R3) -> 0 | AW3: =MAX($B3) -> 0 | AX3: =MAX($C3) -> 0 | AY3: =MAX($D3) -> 0 | AZ3: =MAX($E3) -> 0 | BA3: =MAX($F3) -> 0 | BB3: =MAX($G3) -> 0 | BC3: =MAX($H3) -> 0 | BD3: =MAX($I3) -> 0 | BE3: =MAX($J3) -> 0 | BF3: =MAX($K3) -> 0 | BG3: =MAX($M3) -> 0 | BH3: =MAX($N3) -> 0 | BI3: =MAX($P3) -> 0 | BJ3: =MAX($Q3) -> 0 | BK3: =MAX($R3) -> 0
A4: /Level_1 | B4: 0 | C4: 0 | D4: 0 | E4: 0 | F4: 15006 | G4: 1 | H4: 0 | I4: 161.705 | J4: 3000 | K4: 0 | L4: out of memory | M4: 0 | N4: 0 | O4: UNKNOWN | P4: 1500 | Q4: 1 | R4: 0 | S4: =MIN($B4) -> 0 | T4: =MIN($C4) -> 0 | U4: =MIN($D4) -> 0 | V4: =MIN($E4) -> 0 | W4: =MIN($F4) -> 0 | X4: =MIN($G4) -> 0 | Y4: =MIN($H4) -> 0 | Z4: =MIN($I4) -> 0 | AA4: =MIN($J4) -> 0 | AB4: =MIN($K4) -> 0 | AC4: =MIN($M4) -> 0 | AD4: =MIN($N4) -> 0 | AE4: =MIN($P4) -> 0 | AF4: =MIN($Q4) -> 0 | AG4: =MIN($R4) -> 0 | AH4: =MEDIAN($B4) -> 0 | AI4: =MEDIAN($C4) -> 0 | AJ4: =MEDIAN($D4) -> 0 | AK4: =MEDIAN($E4) -> 0 | AL4: =MEDIAN($F4) -> 0 | AM4: =MEDIAN($G4) -> 0 | AN4: =MEDIAN($H4) -> 0 | AO4: =MEDIAN($I4) -> 0 | AP4: =MEDIAN($J4) -> 0 | AQ4: =MEDIAN($K4) -> 0 | AR4: =MEDIAN($M4) -> 0 | AS4: =MEDIAN($N4) -> 0 | AT4: =MEDIAN($P4) -> 0 | AU4: =MEDIAN($Q4) -> 0 | AV4: =MEDIAN($R4) -> 0 | AW4: =MAX($B4) -> 0 | AX4: =MAX($C4) -> 0 | AY4: =MAX($D4) -> 0 | AZ4: =MAX($E4) -> 0 | BA4: =MAX($F4) -> 0 | BB4: =MAX($G4) -> 0 | BC4: =MAX($H4) -> 0 | BD4: =MAX($I4) -> 0 | BE4: =MAX($J4) -> 0 | BF4: =MAX($K4) -> 0 | BG4: =MAX($M4) -> 0 | BH4: =MAX($N4) -> 0 | BI4: =MAX($P4) -> 0 | BJ4: =MAX($Q4) -> 0 | BK4: =MAX($R4) -> 0
A5: /Level_2 | B5: 0 | C5: 0 | D5: 0 | E5: 0 | F5: 15008 | G5: 1 | H5: 0 | I5: 162.406 | J5: 3000 | K5: 0 | L5: out of memory | M5: 0 | N5: 0 | O5: UNKNOWN | P5: 1500 | Q5: 1 | R5: 0 | S5: =MIN($B5) -> 0 | T5: =MIN($C5) -> 0 | U5: =MIN($D5) -> 0 | V5: =MIN($E5) -> 0 | W5: =MIN($F5) -> 0 | X5: =MIN($G5) -> 0 | Y5: =MIN($H5) -> 0 | Z5: =MIN($I5) -> 0 | AA5: =MIN($J5) -> 0 | AB5: =MIN($K5) -> 0 | AC5: =MIN($M5) -> 0 | AD5: =MIN($N5) -> 0 | AE5: =MIN($P5) -> 0 | AF5: =MIN($Q5) -> 0 | AG5: =MIN($R5) -> 0 | AH5: =MEDIAN($B5) -> 0 | AI5: =MEDIAN($C5) -> 0 | AJ5: =MEDIAN($D5) -> 0 | AK5: =MEDIAN($E5) -> 0 | AL5: =MEDIAN($F5) -> 0 | AM5: =MEDIAN($G5) -> 0 | AN5: =MEDIAN($H5) -> 0 | AO5: =MEDIAN($I5) -> 0 | AP5: =MEDIAN($J5) -> 0 | AQ5: =MEDIAN($K5) -> 0 | AR5: =MEDIAN($M5) -> 0 | AS5: =MEDIAN($N5) -> 0 | AT5: =MEDIAN($P5) -> 0 | AU5: =MEDIAN($Q5) -> 0 | AV5: =MEDIAN($R5) -> 0 | AW5: =MAX($B5) -> 0 | AX5: =MAX($C5) -> 0 | AY5: =MAX($D5) -> 0 | AZ5: =MAX($E5) -> 0 | BA5: =MAX($F5) -> 0 | BB5: =MAX($G5) -> 0 | BC5: =MAX($H5) -> 0 | BD5: =MAX($I5) -> 0 | BE5: =MAX($J5) -> 0 | BF5: =MAX($K5) -> 0 | BG5: =MAX($M5) -> 0 | BH5: =MAX($N5) -> 0 | BI5: =MAX($P5) -> 0 | BJ5: =MAX($Q5) -> 0 | BK5: =MAX($R5) -> 0
A6: /Level_3 | B6: 0 | C6: 0 | D6: 0 | E6: 0 | F6: 15012 | G6: 1 | H6: 0 | I6: 161.305 | J6: 3000 | K6: 0 | L6: out of memory | M6: 0 | N6: 0 | O6: UNKNOWN | P6: 1500 | Q6: 1 | R6: 0 | S6: =MIN($B6) -> 0 | T6: =MIN($C6) -> 0 | U6: =MIN($D6) -> 0 | V6: =MIN($E6) -> 0 | W6: =MIN($F6) -> 0 | X6: =MIN($G6) -> 0 | Y6: =MIN($H6) -> 0 | Z6: =MIN($I6) -> 0 | AA6: =MIN($J6) -> 0 | AB6: =MIN($K6) -> 0 | AC6: =MIN($M6) -> 0 | AD6: =MIN($N6) -> 0 | AE6: =MIN($P6) -> 0 | AF6: =MIN($Q6) -> 0 | AG6: =MIN($R6) -> 0 | AH6: =MEDIAN($B6) -> 0 | AI6: =MEDIAN($C6) -> 0 | AJ6: =MEDIAN($D6) -> 0 | AK6: =MEDIAN($E6) -> 0 | AL6: =MEDIAN($F6) -> 0 | AM6: =MEDIAN($G6) -> 0 | AN6: =MEDIAN($H6) -> 0 | AO6: =MEDIAN($I6) -> 0 | AP6: =MEDIAN($J6) -> 0 | AQ6: =MEDIAN($K6) -> 0 | AR6: =MEDIAN($M6) -> 0 | AS6: =MEDIAN($N6) -> 0 | AT6: =MEDIAN($P6) -> 0 | AU6: =MEDIAN($Q6) -> 0 | AV6: =MEDIAN($R6) -> 0 | AW6: =MAX($B6) -> 0 | AX6: =MAX($C6) -> 0 | AY6: =MAX($D6) -> 0 | AZ6: =MAX($E6) -> 0 | BA6: =MAX($F6) -> 0 | BB6: =MAX($G6) -> 0 | BC6: =MAX($H6) -> 0 | BD6: =MAX($I6) -> 0 | BE6: =MAX($J6) -> 0 | BF6: =MAX($K6) -> 0 | BG6: =MAX($M6) -> 0 | BH6: =MAX($N6) -> 0 | BI6: =MAX($P6) -> 0 | BJ6: =MAX($Q6) -> 0 | BK6: =MAX($R6) -> 0
A7: /Level_4 | B7: 0 | C7: 0 | D7: 0 | E7: 0 | F7: 15005 | G7: 1 | H7: 0 | I7: 160.705 | J7: 3000 | K7: 0 | L7: out of memory | M7: 0 | N7: 0 | O7: UNKNOWN | P7: 1500 | Q7: 1 | R7: 0 | S7: =MIN($B7) -> 0 | T7: =MIN($C7) -> 0 | U7: =MIN($D7) -> 0 | V7: =MIN($E7) -> 0 | W7: =MIN($F7) -> 0 | X7: =MIN($G7) -> 0 | Y7: =MIN($H7) -> 0 | Z7: =MIN($I7) -> 0 | AA7: =MIN($J7) -> 0 | AB7: =MIN($K7) -> 0 | AC7: =MIN($M7) -> 0 | AD7: =MIN($N7) -> 0 | AE7: =MIN($P7) -> 0 | AF7: =MIN($Q7) -> 0 | AG7: =MIN($R7) -> 0 | AH7: =MEDIAN($B7) -> 0 | AI7: =MEDIAN($C7) -> 0 | AJ7: =MEDIAN($D7) -> 0 | AK7: =MEDIAN($E7) -> 0 | AL7: =MEDIAN($F7) -> 0 | AM7: =MEDIAN($G7) -> 0 | AN7: =MEDIAN($H7) -> 0 | AO7: =MEDIAN($I7) -> 0 | AP7: =MEDIAN($J7) -> 0 | AQ7: =MEDIAN($K7) -> 0 | AR7: =MEDIAN($M7) -> 0 | AS7: =MEDIAN($N7) -> 0 | AT7: =MEDIAN($P7) -> 0 | AU7: =MEDIAN($Q7) -> 0 | AV7: =MEDIAN($R7) -> 0 | AW7: =MAX($B7) -> 0 | AX7: =MAX($C7) -> 0 | AY7: =MAX($D7) -> 0 | AZ7: =MAX($E7) -> 0 | BA7: =MAX($F7) -> 0 | BB7: =MAX($G7) -> 0 | BC7: =MAX($H7) -> 0 | BD7: =MAX($I7) -> 0 | BE7: =MAX($J7) -> 0 | BF7: =MAX($K7) -> 0 | BG7: =MAX($M7) -> 0 | BH7: =MAX($N7) -> 0 | BI7: =MAX($P7) -> 0 | BJ7: =MAX($Q7) -> 0 | BK7: =MAX($R7) -> 0
A8: /Level_5 | B8: 0 | C8: 0 | D8: 0 | E8: 0 | F8: 15011 | G8: 1 | H8: 0 | I8: 161.406 | J8: 3000 | K8: 0 | L8: out of memory | M8: 0 | N8: 0 | O8: UNKNOWN | P8: 1500 | Q8: 1 | R8: 0 | S8: =MIN($B8) -> 0 | T8: =MIN($C8) -> 0 | U8: =MIN($D8) -> 0 | V8: =MIN($E8) -> 0 | W8: =MIN($F8) -> 0 | X8: =MIN($G8) -> 0 | Y8: =MIN($H8) -> 0 | Z8: =MIN($I8) -> 0 | AA8: =MIN($J8) -> 0 | AB8: =MIN($K8) -> 0 | AC8: =MIN($M8) -> 0 | AD8: =MIN($N8) -> 0 | AE8: =MIN($P8) -> 0 | AF8: =MIN($Q8) -> 0 | AG8: =MIN($R8) -> 0 | AH8: =MEDIAN($B8) -> 0 | AI8: =MEDIAN($C8) -> 0 | AJ8: =MEDIAN($D8) -> 0 | AK8: =MEDIAN($E8) -> 0 | AL8: =MEDIAN($F8) -> 0 | AM8: =MEDIAN($G8) -> 0 | AN8: =MEDIAN($H8) -> 0 | AO8: =MEDIAN($I8) -> 0 | AP8: =MEDIAN($J8) -> 0 | AQ8: =MEDIAN($K8) -> 0 | AR8: =MEDIAN($M8) -> 0 | AS8: =MEDIAN($N8) -> 0 | AT8: =MEDIAN($P8) -> 0 | AU8: =MEDIAN($Q8) -> 0 | AV8: =MEDIAN($R8) -> 0 | AW8: =MAX($B8) -> 0 | AX8: =MAX($C8) -> 0 | AY8: =MAX($D8) -> 0 | AZ8: =MAX($E8) -> 0 | BA8: =MAX($F8) -> 0 | BB8: =MAX($G8) -> 0 | BC8: =MAX($H8) -> 0 | BD8: =MAX($I8) -> 0 | BE8: =MAX($J8) -> 0 | BF8: =MAX($K8) -> 0 | BG8: =MAX($M8) -> 0 | BH8: =MAX($N8) -> 0 | BI8: =MAX($P8) -> 0 | BJ8: =MAX($Q8) -> 0 | BK8: =MAX($R8) -> 0
A9: /Level_6 | B9: 0 | C9: 0 | D9: 0 | E9: 0 | F9: 15007 | G9: 1 | H9: 0 | I9: 161.406 | J9: 3000 | K9: 0 | L9: out of memory | M9: 0 | N9: 0 | O9: UNKNOWN | P9: 1500 | Q9: 1 | R9: 0 | S9: =MIN($B9) -> 0 | T9: =MIN($C9) -> 0 | U9: =MIN($D9) -> 0 | V9: =MIN($E9) -> 0 | W9: =MIN($F9) -> 0 | X9: =MIN($G9) -> 0 | Y9: =MIN($H9) -> 0 | Z9: =MIN($I9) -> 0 | AA9: =MIN($J9) -> 0 | AB9: =MIN($K9) -> 0 | AC9: =MIN($M9) -> 0 | AD9: =MIN($N9) -> 0 | AE9: =MIN($P9) -> 0 | AF9: =MIN($Q9) -> 0 | AG9: =MIN($R9) -> 0 | AH9: =MEDIAN($B9) -> 0 | AI9: =MEDIAN($C9) -> 0 | AJ9: =MEDIAN($D9) -> 0 | AK9: =MEDIAN($E9) -> 0 | AL9: =MEDIAN($F9) -> 0 | AM9: =MEDIAN($G9) -> 0 | AN9: =MEDIAN($H9) -> 0 | AO9: =MEDIAN($I9) -> 0 | AP9: =MEDIAN($J9) -> 0 | AQ9: =MEDIAN($K9) -> 0 | AR9: =MEDIAN($M9) -> 0 | AS9: =MEDIAN($N9) -> 0 | AT9: =MEDIAN($P9) -> 0 | AU9: =MEDIAN($Q9) -> 0 | AV9: =MEDIAN($R9) -> 0 | AW9: =MAX($B9) -> 0 | AX9: =MAX($C9) -> 0 | AY9: =MAX($D9) -> 0 | AZ9: =MAX($E9) -> 0 | BA9: =MAX($F9) -> 0 | BB9: =MAX($G9) -> 0 | BC9: =MAX($H9) -> 0 | BD9: =MAX($I9) -> 0 | BE9: =MAX($J9) -> 0 | BF9: =MAX($K9) -> 0 | BG9: =MAX($M9) -> 0 | BH9: =MAX($N9) -> 0 | BI9: =MAX($P9) -> 0 | BJ9: =MAX($Q9) -> 0 | BK9: =MAX($R9) -> 0
A10: /Level_7 | B10: 0 | C10: 0 | D10: 0 | E10: 0 | F10: 15007 | G10: 1 | H10: 0 | I10: 162.005 | J10: 3000 | K10: 0 | L10: out of memory | M10: 0 | N10: 0 | O10: UNKNOWN | P10: 1500 | Q10: 1 | R10: 0 | S10: =MIN($B10) -> 0 | T10: =MIN($C10) -> 0 | U10: =MIN($D10) -> 0 | V10: =MIN($E10) -> 0 | W10: =MIN($F10) -> 0 | X10: =MIN($G10) -> 0 | Y10: =MIN($H10) -> 0 | Z10: =MIN($I10) -> 0 | AA10: =MIN($J10) -> 0 | AB10: =MIN($K10) -> 0 | AC10: =MIN($M10) -> 0 | AD10: =MIN($N10) -> 0 | AE10: =MIN($P10) -> 0 | AF10: =MIN($Q10) -> 0 | AG10: =MIN($R10) -> 0 | AH10: =MEDIAN($B10) -> 0 | AI10: =MEDIAN($C10) -> 0 | AJ10: =MEDIAN($D10) -> 0 | AK10: =MEDIAN($E10) -> 0 | AL10: =MEDIAN($F10) -> 0 | AM10: =MEDIAN($G10) -> 0 | AN10: =MEDIAN($H10) -> 0 | AO10: =MEDIAN($I10) -> 0 | AP10: =MEDIAN($J10) -> 0 | AQ10: =MEDIAN($K10) -> 0 | AR10: =MEDIAN($M10) -> 0 | AS10: =MEDIAN($N10) -> 0 | AT10: =MEDIAN($P10) -> 0 | AU10: =MEDIAN($Q10) -> 0 | AV10: =MEDIAN($R10) -> 0 | AW10: =MAX($B10) -> 0 | AX10: =MAX($C10) -> 0 | AY10: =MAX($D10) -> 0 | AZ10: =MAX($E10) -> 0 | BA10: =MAX($F10) -> 0 | BB10: =MAX($G10) -> 0 | BC10: =MAX($H10) -> 0 | BD10: =MAX($I10) -> 0 | BE10: =MAX($J10) -> 0 | BF10: =MAX($K10) -> 0 | BG10: =MAX($M10) -> 0 | BH10: =MAX($N10) -> 0 | BI10: =MAX($P10) -> 0 | BJ10: =MAX($Q10) -> 0 | BK10: =MAX($R10) -> 0
A11: /Level_8 | B11: 0 | C11: 0 | D11: 0 | E11: 0 | F11: 15007 | G11: 1 | H11: 0 | I11: 161.806 | J11: 3000 | K11: 0 | L11: out of memory | M11: 0 | N11: 0 | O11: UNKNOWN | P11: 1500 | Q11: 1 | R11: 0 | S11: =MIN($B11) -> 0 | T11: =MIN($C11) -> 0 | U11: =MIN($D11) -> 0 | V11: =MIN($E11) -> 0 | W11: =MIN($F11) -> 0 | X11: =MIN($G11) -> 0 | Y11: =MIN($H11) -> 0 | Z11: =MIN($I11) -> 0 | AA11: =MIN($J11) -> 0 | AB11: =MIN($K11) -> 0 | AC11: =MIN($M11) -> 0 | AD11: =MIN($N11) -> 0 | AE11: =MIN($P11) -> 0 | AF11: =MIN($Q11) -> 0 | AG11: =MIN($R11) -> 0 | AH11: =MEDIAN($B11) -> 0 | AI11: =MEDIAN($C11) -> 0 | AJ11: =MEDIAN($D11) -> 0 | AK11: =MEDIAN($E11) -> 0 | AL11: =MEDIAN($F11) -> 0 | AM11: =MEDIAN($G11) -> 0 | AN11: =MEDIAN($H11) -> 0 | AO11: =MEDIAN($I11) -> 0 | AP11: =MEDIAN($J11) -> 0 | AQ11: =MEDIAN($K11) -> 0 | AR11: =MEDIAN($M11) -> 0 | AS11: =MEDIAN($N11) -> 0 | AT11: =MEDIAN($P11) -> 0 | AU11: =MEDIAN($Q11) -> 0 | AV11: =MEDIAN($R11) -> 0 | AW11: =MAX($B11) -> 0 | AX11: =MAX($C11) -> 0 | AY11: =MAX($D11) -> 0 | AZ11: =MAX($E11) -> 0 | BA11: =MAX($F11) -> 0 | BB11: =MAX($G11) -> 0 | BC11: =MAX($H11) -> 0 | BD11: =MAX($I11) -> 0 | BE11: =MAX($J11) -> 0 | BF11: =MAX($K11) -> 0 | BG11: =MAX($M11) -> 0 | BH11: =MAX($N11) -> 0 | BI11: =MAX($P11) -> 0 | BJ11: =MAX($Q11) -> 0 | BK11: =MAX($R11) -> 0
A12: /Level_9 | B12: 0 | C12: 0 | D12: 0 | E12: 0 | F12: 15004 | G12: 1 | H12: 0 | I12: 156.339 | J12: 3000 | K12: 0 | L12: out of memory | M12: 0 | N12: 0 | O12: UNKNOWN | P12: 1500 | Q12: 1 | R12: 0 | S12: =MIN($B12) -> 0 | T12: =MIN($C12) -> 0 | U12: =MIN($D12) -> 0 | V12: =MIN($E12) -> 0 | W12: =MIN($F12) -> 0 | X12: =MIN($G12) -> 0 | Y12: =MIN($H12) -> 0 | Z12: =MIN($I12) -> 0 | AA12: =MIN($J12) -> 0 | AB12: =MIN($K12) -> 0 | AC12: =MIN($M12) -> 0 | AD12: =MIN($N12) -> 0 | AE12: =MIN($P12) -> 0 | AF12: =MIN($Q12) -> 0 | AG12: =MIN($R12) -> 0 | AH12: =MEDIAN($B12) -> 0 | AI12: =MEDIAN($C12) -> 0 | AJ12: =MEDIAN($D12) -> 0 | AK12: =MEDIAN($E12) -> 0 | AL12: =MEDIAN($F12) -> 0 | AM12: =MEDIAN($G12) -> 0 | AN12: =MEDIAN($H12) -> 0 | AO12: =MEDIAN($I12) -> 0 | AP12: =MEDIAN($J12) -> 0 | AQ12: =MEDIAN($K12) -> 0 | AR12: =MEDIAN($M12) -> 0 | AS12: =MEDIAN($N12) -> 0 | AT12: =MEDIAN($P12) -> 0 | AU12: =MEDIAN($Q12) -> 0 | AV12: =MEDIAN($R12) -> 0 | AW12: =MAX($B12) -> 0 | AX12: =MAX($C12) -> 0 | AY12: =MAX($D12) -> 0 | AZ12: =MAX($E12) -> 0 | BA12: =MAX($F12) -> 0 | BB12: =MAX($G12) -> 0 | BC12: =MAX($H12) -> 0 | BD12: =MAX($I12) -> 0 | BE12: =MAX($J12) -> 0 | BF12: =MAX($K12) -> 0 | BG12: =MAX($M12) -> 0 | BH12: =MAX($N12) -> 0 | BI12: =MAX($P12) -> 0 | BJ12: =MAX($Q12) -> 0 | BK12: =MAX($R12) -> 0
A13: /Level_0 | B13: 0 | C13: 0 | D13: 0 | E13: 0 | F13: 15007 | G13: 1 | H13: 0 | I13: 162.106 | J13: 3000 | K13: 0 | L13: out of memory | M13: 0 | N13: 0 | O13: UNKNOWN | P13: 1500 | Q13: 1 | R13: 0 | S13: =MIN($B13) -> 0 | T13: =MIN($C13) -> 0 | U13: =MIN($D13) -> 0 | V13: =MIN($E13) -> 0 | W13: =MIN($F13) -> 0 | X13: =MIN($G13) -> 0 | Y13: =MIN($H13) -> 0 | Z13: =MIN($I13) -> 0 | AA13: =MIN($J13) -> 0 | AB13: =MIN($K13) -> 0 | AC13: =MIN($M13) -> 0 | AD13: =MIN($N13) -> 0 | AE13: =MIN($P13) -> 0 | AF13: =MIN($Q13) -> 0 | AG13: =MIN($R13) -> 0 | AH13: =MEDIAN($B13) -> 0 | AI13: =MEDIAN($C13) -> 0 | AJ13: =MEDIAN($D13) -> 0 | AK13: =MEDIAN($E13) -> 0 | AL13: =MEDIAN($F13) -> 0 | AM13: =MEDIAN($G13) -> 0 | AN13: =MEDIAN($H13) -> 0 | AO13: =MEDIAN($I13) -> 0 | AP13: =MEDIAN($J13) -> 0 | AQ13: =MEDIAN($K13) -> 0 | AR13: =MEDIAN($M13) -> 0 | AS13: =MEDIAN($N13) -> 0 | AT13: =MEDIAN($P13) -> 0 | AU13: =MEDIAN($Q13) -> 0 | AV13: =MEDIAN($R13) -> 0 | AW13: =MAX($B13) -> 0 | AX13: =MAX($C13) -> 0 | AY13: =MAX($D13) -> 0 | AZ13: =MAX($E13) -> 0 | BA13: =MAX($F13) -> 0 | BB13: =MAX($G13) -> 0 | BC13: =MAX($H13) -> 0 | BD13: =MAX($I13) -> 0 | BE13: =MAX($J13) -> 0 | BF13: =MAX($K13) -> 0 | BG13: =MAX($M13) -> 0 | BH13: =MAX($N13) -> 0 | BI13: =MAX($P13) -> 0 | BJ13: =MAX($Q13) -> 0 | BK13: =MAX($R13) -> 0
A14: /Level_1 | B14: 0 | C14: 0 | D14: 0 | E14: 0 | F14: 15007 | G14: 1 | H14: 0 | I14: 161.706 | J14: 3000 | K14: 0 | L14: out of memory | M14: 0 | N14: 0 | O14: UNKNOWN | P14: 1500 | Q14: 1 | R14: 0 | S14: =MIN($B14) -> 0 | T14: =MIN($C14) -> 0 | U14: =MIN($D14) -> 0 | V14: =MIN($E14) -> 0 | W14: =MIN($F14) -> 0 | X14: =MIN($G14) -> 0 | Y14: =MIN($H14) -> 0 | Z14: =MIN($I14) -> 0 | AA14: =MIN($J14) -> 0 | AB14: =MIN($K14) -> 0 | AC14: =MIN($M14) -> 0 | AD14: =MIN($N14) -> 0 | AE14: =MIN($P14) -> 0 | AF14: =MIN($Q14) -> 0 | AG14: =MIN($R14) -> 0 | AH14: =MEDIAN($B14) -> 0 | AI14: =MEDIAN($C14) -> 0 | AJ14: =MEDIAN($D14) -> 0 | AK14: =MEDIAN($E14) -> 0 | AL14: =MEDIAN($F14) -> 0 | AM14: =MEDIAN($G14) -> 0 | AN14: =MEDIAN($H14) -> 0 | AO14: =MEDIAN($I14) -> 0 | AP14: =MEDIAN($J14) -> 0 | AQ14: =MEDIAN($K14) -> 0 | AR14: =MEDIAN($M14) -> 0 | AS14: =MEDIAN($N14) -> 0 | AT14: =MEDIAN($P14) -> 0 | AU14: =MEDIAN($Q14) -> 0 | AV14: =MEDIAN($R14) -> 0 | AW14: =MAX($B14) -> 0 | AX14: =MAX($C14) -> 0 | AY14: =MAX($D14) -> 0 | AZ14: =MAX($E14) -> 0 | BA14: =MAX($F14) -> 0 | BB14: =MAX($G14) -> 0 | BC14: =MAX($H14) -> 0 | BD14: =MAX($I14) -> 0 | BE14: =MAX($J14) -> 0 | BF14: =MAX($K14) -> 0 | BG14: =MAX($M14) -> 0 | BH14: =MAX($N14) -> 0 | BI14: =MAX($P14) -> 0 | BJ14: =MAX($Q14) -> 0 | BK14: =MAX($R14) -> 0
... A32: /Level_9 | B32: 0 | C32: 0 | D32: 0 | E32: 0 | F32: 15003 | G32: 1 | H32: 0 | I32: 162.006 | J32: 3000 | K32: 0 | L32: out of memory | M32: 0 | N32: 0 | O32: UNKNOWN | P32: 1500 | Q32: 1 | R32: 0 | S32: =MIN($B32) -> 0 | T32: =MIN($C32) -> 0 | U32: =MIN($D32) -> 0 | V32: =MIN($E32) -> 0 | W32: =MIN($F32) -> 0 | X32: =MIN($G32) -> 0 | Y32: =MIN($H32) -> 0 | Z32: =MIN($I32) -> 0 | AA32: =MIN($J32) -> 0 | AB32: =MIN($K32) -> 0 | AC32: =MIN($M32) -> 0 | AD32: =MIN($N32) -> 0 | AE32: =MIN($P32) -> 0 | AF32: =MIN($Q32) -> 0 | AG32: =MIN($R32) -> 0 | AH32: =MEDIAN($B32) -> 0 | AI32: =MEDIAN($C32) -> 0 | AJ32: =MEDIAN($D32) -> 0 | AK32: =MEDIAN($E32) -> 0 | AL32: =MEDIAN($F32) -> 0 | AM32: =MEDIAN($G32) -> 0 | AN32: =MEDIAN($H32) -> 0 | AO32: =MEDIAN($I32) -> 0 | AP32: =MEDIAN($J32) -> 0 | AQ32: =MEDIAN($K32) -> 0 | AR32: =MEDIAN($M32) -> 0 | AS32: =MEDIAN($N32) -> 0 | AT32: =MEDIAN($P32) -> 0 | AU32: =MEDIAN($Q32) -> 0 | AV32: =MEDIAN($R32) -> 0 | AW32: =MAX($B32) -> 0 | AX32: =MAX($C32) -> 0 | AY32: =MAX($D32) -> 0 | AZ32: =MAX($E32) -> 0 | BA32: =MAX($F32) -> 0 | BB32: =MAX($G32) -> 0 | BC32: =MAX($H32) -> 0 | BD32: =MAX($I32) -> 0 | BE32: =MAX($J32) -> 0 | BF32: =MAX($K32) -> 0 | BG32: =MAX($M32) -> 0 | BH32: =MAX($N32) -> 0 | BI32: =MAX($P32) -> 0 | BJ32: =MAX($Q32) -> 0 | BK32: =MAX($R32) -> 0
A34: SUM | B34: =SUM(B$3:B$32) -> 0 | C34: =SUM(C$3:C$32) -> 0 | D34: =SUM(D$3:D$32) -> 0 | E34: =SUM(E$3:E$32) -> 0 | F34: =SUM(F$3:F$32) -> 0 | G34: =SUM(G$3:G$32) -> 0 | H34: =SUM(H$3:H$32) -> 0 | I34: =SUM(I$3:I$32) -> 0 | ... K34: =SUM(K$3:K$32) -> 0 | M34: =SUM(M$3:M$32) -> 0 | N34: =SUM(N$3:N$32) -> 0 | P34: =SUM(P$3:P$32) -> 0 | Q34: =SUM(Q$3:Q$32) -> 0 | R34: =SUM(R$3:R$32) -> 0 | S34: =SUM(S$3:S$32) -> 0 | T34: =SUM(T$3:T$32) -> 0 | U34: =SUM(U$3:U$32) -> 0 | V34: =SUM(V$3:V$32) -> 0 | W34: =SUM(W$3:W$32) -> 0 | ... BK34: =SUM(BK$3:BK$32) -> 0
A35: AVG | B35: =AVERAGE(B$3:B$32) -> 0 | C35: =AVERAGE(C$3:C$32) -> 0 | D35: =AVERAGE(D$3:D$32) -> 0 | E35: =AVERAGE(E$3:E$32) -> 0 | F35: =AVERAGE(F$3:F$32) -> 0 | G35: =AVERAGE(G$3:G$32) -> 0 | H35: =AVERAGE(H$3:H$32) -> 0 | I35: =AVERAGE(I$3:I$32) -> 0 | ... K35: =AVERAGE(K$3:K$32) -> 0 | M35: =AVERAGE(M$3:M$32) -> 0 | N35: =AVERAGE(N$3:N$32) -> 0 | P35: =AVERAGE(P$3:P$32) -> 0 | Q35: =AVERAGE(Q$3:Q$32) -> 0 | R35: =AVERAGE(R$3:R$32) -> 0 | S35: =AVERAGE(S$3:S$32) -> 0 | T35: =AVERAGE(T$3:T$32) -> 0 | U35: =AVERAGE(U$3:U$32) -> 0 | V35: =AVERAGE(V$3:V$32) -> 0 | W35: =AVERAGE(W$3:W$32) -> 0 | ... BK35: =AVERAGE(BK$3:BK$32) -> 0
A36: DEV | B36: =STDEV(B$3:B$32) -> 0 | C36: =STDEV(C$3:C$32) -> 0 | D36: =STDEV(D$3:D$32) -> 0 | E36: =STDEV(E$3:E$32) -> 0 | F36: =STDEV(F$3:F$32) -> 0 | G36: =STDEV(G$3:G$32) -> 0 | H36: =STDEV(H$3:H$32) -> 0 | I36: =STDEV(I$3:I$32) -> 0 | ... K36: =STDEV(K$3:K$32) -> 0 | M36: =STDEV(M$3:M$32) -> 0 | N36: =STDEV(N$3:N$32) -> 0 | P36: =STDEV(P$3:P$32) -> 0 | Q36: =STDEV(Q$3:Q$32) -> 0 | R36: =STDEV(R$3:R$32) -> 0 | S36: =STDEV(S$3:S$32) -> 0 | T36: =STDEV(T$3:T$32) -> 0 | U36: =STDEV(U$3:U$32) -> 0 | V36: =STDEV(V$3:V$32) -> 0 | W36: =STDEV(W$3:W$32) -> 0 | ... BK36: =STDEV(BK$3:BK$32) -> 0
A37: DST | B37: =SUMPRODUCT(--(B$3:B$32-$S$3:$S$32)^2)^0.5 -> 0 | C37: =SUMPRODUCT(--(C$3:C$32-$T$3:$T$32)^2)^0.5 -> 0 | D37: =SUMPRODUCT(--(D$3:D$32-$U$3:$U$32)^2)^0.5 -> 0 | E37: =SUMPRODUCT(--(E$3:E$32-$V$3:$V$32)^2)^0.5 -> 0 | F37: =SUMPRODUCT(--(F$3:F$32-$W$3:$W$32)^2)^0.5 -> 0 | G37: =SUMPRODUCT(--(G$3:G$32-$X$3:$X$32)^2)^0.5 -> 0 | H37: =SUMPRODUCT(--(H$3:H$32-$Y$3:$Y$32)^2)^0.5 -> 0 | I37: =SUMPRODUCT(--(I$3:I$32-$Z$3:$Z$32)^2)^0.5 -> 0 | J37: =SUMPRODUCT(--(J$3:J$32-$AA$3:$AA$32)^2)^0.5 -> 0 | K37: =SUMPRODUCT(--(K$3:K$32-$AB$3:$AB$32)^2)^0.5 -> 0 | M37: =SUMPRODUCT(--(M$3:M$32-$AC$3:$AC$32)^2)^0.5 -> 0 | N37: =SUMPRODUCT(--(N$3:N$32-$AD$3:$AD$32)^2)^0.5 -> 0 | P37: =SUMPRODUCT(--(P$3:P$32-$AE$3:$AE$32)^2)^0.5 -> 0 | Q37: =SUMPRODUCT(--(Q$3:Q$32-$AF$3:$AF$32)^2)^0.5 -> 0 | R37: =SUMPRODUCT(--(R$3:R$32-$AG$3:$AG$32)^2)^0.5 -> 0
A38: BEST | B38: =SUMPRODUCT(NOT(ISBLANK(B$3:B$32))*(B$3:B$32=$S$3:$S$32)) -> 0 | C38: =SUMPRODUCT(NOT(ISBLANK(C$3:C$32))*(C$3:C$32=$T$3:$T$32)) -> 0 | D38: =SUMPRODUCT(NOT(ISBLANK(D$3:D$32))*(D$3:D$32=$U$3:$U$32)) -> 0 | E38: =SUMPRODUCT(NOT(ISBLANK(E$3:E$32))*(E$3:E$32=$V$3:$V$32)) -> 0 | F38: =SUMPRODUCT(NOT(ISBLANK(F$3:F$32))*(F$3:F$32=$W$3:$W$32)) -> 0 | G38: =SUMPRODUCT(NOT(ISBLANK(G$3:G$32))*(G$3:G$32=$X$3:$X$32)) -> 0 | H38: =SUMPRODUCT(NOT(ISBLANK(H$3:H$32))*(H$3:H$32=$Y$3:$Y$32)) -> 0 | I38: =SUMPRODUCT(NOT(ISBLANK(I$3:I$32))*(I$3:I$32=$Z$3:$Z$32)) -> 0 | J38: =SUMPRODUCT(NOT(ISBLANK(J$3:J$32))*(J$3:J$32=$AA$3:$AA$32)) -> 0 | K38: =SUMPRODUCT(NOT(ISBLANK(K$3:K$32))*(K$3:K$32=$AB$3:$AB$32)) -> 0 | M38: =SUMPRODUCT(NOT(ISBLANK(M$3:M$32))*(M$3:M$32=$AC$3:$AC$32)) -> 0 | N38: =SUMPRODUCT(NOT(ISBLANK(N$3:N$32))*(N$3:N$32=$AD$3:$AD$32)) -> 0 | P38: =SUMPRODUCT(NOT(ISBLANK(P$3:P$32))*(P$3:P$32=$AE$3:$AE$32)) -> 0 | Q38: =SUMPRODUCT(NOT(ISBLANK(Q$3:Q$32))*(Q$3:Q$32=$AF$3:$AF$32)) -> 0 | R38: =SUMPRODUCT(NOT(ISBLANK(R$3:R$32))*(R$3:R$32=$AG$3:$AG$32)) -> 0
A39: BETTER | B39: =SUMPRODUCT(NOT(ISBLANK(B$3:B$32))*(B$3:B$32<$AH$3:$AH$32)) -> 0 | C39: =SUMPRODUCT(NOT(ISBLANK(C$3:C$32))*(C$3:C$32<$AI$3:$AI$32)) -> 0 | D39: =SUMPRODUCT(NOT(ISBLANK(D$3:D$32))*(D$3:D$32<$AJ$3:$AJ$32)) -> 0 | E39: =SUMPRODUCT(NOT(ISBLANK(E$3:E$32))*(E$3:E$32<$AK$3:$AK$32)) -> 0 | F39: =SUMPRODUCT(NOT(ISBLANK(F$3:F$32))*(F$3:F$32<$AL$3:$AL$32)) -> 0 | G39: =SUMPRODUCT(NOT(ISBLANK(G$3:G$32))*(G$3:G$32<$AM$3:$AM$32)) -> 0 | H39: =SUMPRODUCT(NOT(ISBLANK(H$3:H$32))*(H$3:H$32<$AN$3:$AN$32)) -> 0 | I39: =SUMPRODUCT(NOT(ISBLANK(I$3:I$32))*(I$3:I$32<$AO$3:$AO$32)) -> 0 | J39: =SUMPRODUCT(NOT(ISBLANK(J$3:J$32))*(J$3:J$32<$AP$3:$AP$32)) -> 0 | K39: =SUMPRODUCT(NOT(ISBLANK(K$3:K$32))*(K$3:K$32<$AQ$3:$AQ$32)) -> 0 | M39: =SUMPRODUCT(NOT(ISBLANK(M$3:M$32))*(M$3:M$32<$AR$3:$AR$32)) -> 0 | N39: =SUMPRODUCT(NOT(ISBLANK(N$3:N$32))*(N$3:N$32<$AS$3:$AS$32)) -> 0 | P39: =SUMPRODUCT(NOT(ISBLANK(P$3:P$32))*(P$3:P$32<$AT$3:$AT$32)) -> 0 | Q39: =SUMPRODUCT(NOT(ISBLANK(Q$3:Q$32))*(Q$3:Q$32<$AU$3:$AU$32)) -> 0 | R39: =SUMPRODUCT(NOT(ISBLANK(R$3:R$32))*(R$3:R$32<$AV$3:$AV$32)) -> 0
A40: WORSE | B40: =SUMPRODUCT((NOT(ISBLANK(B$3:B$32))*(B$3:B$32>$AH$3:$AH$32))+ISBLANK(B$3:B$32)) -> 0 | C40: =SUMPRODUCT((NOT(ISBLANK(C$3:C$32))*(C$3:C$32>$AI$3:$AI$32))+ISBLANK(C$3:C$32)) -> 0 | D40: =SUMPRODUCT((NOT(ISBLANK(D$3:D$32))*(D$3:D$32>$AJ$3:$AJ$32))+ISBLANK(D$3:D$32)) -> 0 | E40: =SUMPRODUCT((NOT(ISBLANK(E$3:E$32))*(E$3:E$32>$AK$3:$AK$32))+ISBLANK(E$3:E$32)) -> 0 | F40: =SUMPRODUCT((NOT(ISBLANK(F$3:F$32))*(F$3:F$32>$AL$3:$AL$32))+ISBLANK(F$3:F$32)) -> 0 | G40: =SUMPRODUCT((NOT(ISBLANK(G$3:G$32))*(G$3:G$32>$AM$3:$AM$32))+ISBLANK(G$3:G$32)) -> 0 | H40: =SUMPRODUCT((NOT(ISBLANK(H$3:H$32))*(H$3:H$32>$AN$3:$AN$32))+ISBLANK(H$3:H$32)) -> 0 | I40: =SUMPRODUCT((NOT(ISBLANK(I$3:I$32))*(I$3:I$32>$AO$3:$AO$32))+ISBLANK(I$3:I$32)) -> 0 | J40: =SUMPRODUCT((NOT(ISBLANK(J$3:J$32))*(J$3:J$32>$AP$3:$AP$32))+ISBLANK(J$3:J$32)) -> 0 | K40: =SUMPRODUCT((NOT(ISBLANK(K$3:K$32))*(K$3:K$32>$AQ$3:$AQ$32))+ISBLANK(K$3:K$32)) -> 0 | M40: =SUMPRODUCT((NOT(ISBLANK(M$3:M$32))*(M$3:M$32>$AR$3:$AR$32))+ISBLANK(M$3:M$32)) -> 0 | N40: =SUMPRODUCT((NOT(ISBLANK(N$3:N$32))*(N$3:N$32>$AS$3:$AS$32))+ISBLANK(N$3:N$32)) -> 0 | P40: =SUMPRODUCT((NOT(ISBLANK(P$3:P$32))*(P$3:P$32>$AT$3:$AT$32))+ISBLANK(P$3:P$32)) -> 0 | Q40: =SUMPRODUCT((NOT(ISBLANK(Q$3:Q$32))*(Q$3:Q$32>$AU$3:$AU$32))+ISBLANK(Q$3:Q$32)) -> 0 | R40: =SUMPRODUCT((NOT(ISBLANK(R$3:R$32))*(R$3:R$32>$AV$3:$AV$32))+ISBLANK(R$3:R$32)) -> 0
A41: WORST | B41: =SUMPRODUCT((NOT(ISBLANK(B$3:B$32))*(B$3:B$32=$AW$3:$AW$32))+ISBLANK(B$3:B$32)) -> 0 | C41: =SUMPRODUCT((NOT(ISBLANK(C$3:C$32))*(C$3:C$32=$AX$3:$AX$32))+ISBLANK(C$3:C$32)) -> 0 | D41: =SUMPRODUCT((NOT(ISBLANK(D$3:D$32))*(D$3:D$32=$AY$3:$AY$32))+ISBLANK(D$3:D$32)) -> 0 | E41: =SUMPRODUCT((NOT(ISBLANK(E$3:E$32))*(E$3:E$32=$AZ$3:$AZ$32))+ISBLANK(E$3:E$32)) -> 0 | F41: =SUMPRODUCT((NOT(ISBLANK(F$3:F$32))*(F$3:F$32=$BA$3:$BA$32))+ISBLANK(F$3:F$32)) -> 0 | G41: =SUMPRODUCT((NOT(ISBLANK(G$3:G$32))*(G$3:G$32=$BB$3:$BB$32))+ISBLANK(G$3:G$32)) -> 0 | H41: =SUMPRODUCT((NOT(ISBLANK(H$3:H$32))*(H$3:H$32=$BC$3:$BC$32))+ISBLANK(H$3:H$32)) -> 0 | I41: =SUMPRODUCT((NOT(ISBLANK(I$3:I$32))*(I$3:I$32=$BD$3:$BD$32))+ISBLANK(I$3:I$32)) -> 0 | J41: =SUMPRODUCT((NOT(ISBLANK(J$3:J$32))*(J$3:J$32=$BE$3:$BE$32))+ISBLANK(J$3:J$32)) -> 0 | K41: =SUMPRODUCT((NOT(ISBLANK(K$3:K$32))*(K$3:K$32=$BF$3:$BF$32))+ISBLANK(K$3:K$32)) -> 0 | M41: =SUMPRODUCT((NOT(ISBLANK(M$3:M$32))*(M$3:M$32=$BG$3:$BG$32))+ISBLANK(M$3:M$32)) -> 0 | N41: =SUMPRODUCT((NOT(ISBLANK(N$3:N$32))*(N$3:N$32=$BH$3:$BH$32))+ISBLANK(N$3:N$32)) -> 0 | P41: =SUMPRODUCT((NOT(ISBLANK(P$3:P$32))*(P$3:P$32=$BI$3:$BI$32))+ISBLANK(P$3:P$32)) -> 0 | Q41: =SUMPRODUCT((NOT(ISBLANK(Q$3:Q$32))*(Q$3:Q$32=$BJ$3:$BJ$32))+ISBLANK(Q$3:Q$32)) -> 0 | R41: =SUMPRODUCT((NOT(ISBLANK(R$3:R$32))*(R$3:R$32=$BK$3:$BK$32))+ISBLANK(R$3:R$32)) -> 0

Sheet Merged Runs
A1: Merge criteria: | B1: clingo-5.8.0/one-as | S1: min | AH1: median | AW1: max
A2: median | B2: choices | C2: conflicts | D2: constraints | E2: error | F2: mem | G2: memout | H2: models | I2: overall-time | J2: par2 | K2: restarts | L2: rstatus | M2: rules | N2: solving-time | O2: status | P2: time | Q2: timeout | R2: variables | S2: choices | T2: conflicts | U2: constraints | V2: error | W2: mem | X2: memout | Y2: models | Z2: overall-time | AA2: par2 | AB2: restarts | AC2: rules | AD2: solving-time | AE2: time | AF2: timeout | AG2: variables | AH2: choices | AI2: conflicts | AJ2: constraints | AK2: error | AL2: mem | AM2: memout | AN2: models | AO2: overall-time | AP2: par2 | AQ2: restarts | AR2: rules | AS2: solving-time | AT2: time | AU2: timeout | AV2: variables | AW2: choices | AX2: conflicts | AY2: constraints | AZ2: error | BA2: mem | BB2: memout | BC2: models | BD2: overall-time | BE2: par2 | BF2: restarts | BG2: rules | BH2: solving-time | BI2: time | BJ2: timeout | BK2: variables
A3: /Level_0 | B3: {=_xlfn.SWITCH($A$2,"average", AVERAGE(Instances!B3:Instances!B3),"median", MEDIAN(Instances!B3:Instances!B3),"min", MIN(Instances!B3:Instances!B3),"max", MAX(Instances!B3:Instances!B3),"diff", MAX(Instances!B3:Instances!B3)-MIN(Instances!B3:Instances!B3))} -> 0 | C3: {=_xlfn.SWITCH($A$2,"average", AVERAGE(Instances!C3:Instances!C3),"median", MEDIAN(Instances!C3:Instances!C3),"min", MIN(Instances!C3:Instances!C3),"max", MAX(Instances!C3:Instances!C3),"diff", MAX(Instances!C3:Instances!C3)-MIN(Instances!C3:Instances!C3))} -> 0 | D3: {=_xlfn.SWITCH($A$2,"average", AVERAGE(Instances!D3:Instances!D3),"median", MEDIAN(Instances!D3:Instances!D3),"min", MIN(Instances!D3:Instances!D3),"max", MAX(Instances!D3:Instances!D3),"diff", MAX(Instances!D3:Instances!D3)-MIN(Instances!D3:Instances!D3))} -> 0 | E3: {=_xlfn.SWITCH($A$2,"average", AVERAGE(Instances!E3:Instances!E3),"median", MEDIAN(Instances!E3:Instances!E3),"min", MIN(Instances!E3:Instances!E3),"max", MAX(Instances!E3:Instances!E3),"diff", MAX(Instances!E3:Instances!E3)-MIN(Instances!E3:Instances!E3))} -> 0 | F3: {=_xlfn.SWITCH($A$2,"average", AVERAGE(Instances!F3:Instances!F3),"median", MEDIAN(Instances!F3:Instances!F3),"min", MIN(Instances!F3:Instances!F3),"max", MAX(Instances!F3:Instances!F3),"diff", MAX(Instances!F3:Instances!F3)-MIN(Instances!F3:Instances!F3))} -> 0 | G3: {=_xlfn.SWITCH($A$2,"average", AVERAGE(Instances!G3:Instances!G3),"median", MEDIAN(Instances!G3:Instances!G3),"min", MIN(Instances!G3:Instances!G3),"max", MAX(Instances!G3:Instances!G3),"diff", MAX(Instances!G3:Instances!G3)-MIN(Instances!G3:Instances!G3))} -> 0 | H3: {=_xlfn.SWITCH($A$2,"average", AVERAGE(Instances!H3:Instances!H3),"median", MEDIAN(Instances!H3:Instances!H3),"min", MIN(Instances!H3:Instances!H3),"max", MAX(Instances!H3:Instances!H3),"diff", MAX(Instances!H3:Instances!H3)-MIN(Instances!H3:Instances!H3))} -> 0 | I3: {=_xlfn.SWITCH($A$2,"average", AVERAGE(Instances!I3:Instances!I3),"median", MEDIAN(Instances!I3:Instances!I3),"min", MIN(Instances!I3:Instances!I3),"max", MAX(Instances!I3:Instances!I3),"diff", MAX(Instances!I3:Instances!I3)-MIN(Instances!I3:Instances!I3))} -> 0 | ... K3: {=_xlfn.SWITCH($A$2,"average", AVERAGE(Instances!K3:Instances!K3),"median", MEDIAN(Instances!K3:Instances!K3),"min", MIN(Instances!K3:Instances!K3),"max", MAX(Instances!K3:Instances!K3),"diff", MAX(Instances!K3:Instances!K3)-MIN(Instances!K3:Instances!K3))} -> 0 | M3: {=_xlfn.SWITCH($A$2,"average", AVERAGE(Instances!M3:Instances!M3),"median", MEDIAN(Instances!M3:Instances!M3),"min", MIN(Instances!M3:Instances!M3),"max", MAX(Instances!M3:Instances!M3),"diff", MAX(Instances!M3:Instances!M3)-MIN(Instances!M3:Instances!M3))} -> 0 | N3: {=_xlfn.SWITCH($A$2,"average", AVERAGE(Instances!N3:Instances!N3),"median", MEDIAN(Instances!N3:Instances!N3),"min", MIN(Instances!N3:Instances!N3),"max", MAX(Instances!N3:Instances!N3),"diff", MAX(Instances!N3:Instances!N3)-MIN(Instances!N3:Instances!N3))} -> 0 | P3: {=_xlfn.SWITCH($A$2,"average", AVERAGE(Instances!P3:Instances!P3),"median", MEDIAN(Instances!P3:Instances!P3),"min", MIN(Instances!P3:Instances!P3),"max", MAX(Instances!P3:Instances!P3),"diff", MAX(Instances!P3:Instances!P3)-MIN(Instances!P3:Instances!P3))} -> 0 | Q3: {=_xlfn.SWITCH($A$2,"average", AVERAGE(Instances!Q3:Instances!Q3),"median", MEDIAN(Instances!Q3:Instances!Q3),"min", MIN(Instances!Q3:Instances!Q3),"max", MAX(Instances!Q3:Instances!Q3),"diff", MAX(Instances!Q3:Instances!Q3)-MIN(Instances!Q3:Instances!Q3))} -> 0 | R3: {=_xlfn.SWITCH($A$2,"average", AVERAGE(Instances!R3:Instances!R3),"median", MEDIAN(Instances!R3:Instances!R3),"min", MIN(Instances!R3:Instances!R3),"max", MAX(Instances!R3:Instances!R3),"diff", MAX(Instances!R3:Instances!R3)-MIN(Instances!R3:Instances!R3))} -> 0 | S3: =MIN($B3) -> 0 | T3: =MIN($C3) -> 0 | U3: =MIN($D3) -> 0 | V3: =MIN($E3) -> 0 | W3: =MIN($F3) -> 0 | X3: =MIN($G3) -> 0 | Y3: =MIN($H3) -> 0 | Z3: =MIN($I3) -> 0 | AA3: =MIN($J3) -> 0 | AB3: =MIN($K3) -> 0 | AC3: =MIN($M3) -> 0 | AD3: =MIN($N3) -> 0 | AE3: =MIN($P3) -> 0 | AF3: =MIN($Q3) -> 0 | AG3: =MIN($R3) -> 0 | AH3: =MEDIAN($B3) -> 0 | AI3: =MEDIAN($C3) -> 0 | AJ3: =MEDIAN($D3) -> 0 | AK3: =MEDIAN($E3) -> 0 | AL3: =MEDIAN($F3) -> 0 | AM3: =MEDIAN($G3) -> 0 | AN3: =MEDIAN($H3) -> 0 | AO3: =MEDIAN($I3) -> 0 | AP3: =MEDIAN($J3) -> 0 | AQ3: =MEDIAN($K3) -> 0 | AR3: =MEDIAN($M3) -> 0 | AS3: =MEDIAN($N3) -> 0 | AT3: =MEDIAN($P3) -> 0 | AU3: =MEDIAN($Q3) -> 0 | AV3: =MEDIAN($R3) -> 0 | AW3: =MAX($B3) -> 0 | AX3: =MAX($C3) -> 0 | AY3: =MAX($D3) -> 0 | AZ3: =MAX($E3) -> 0 | BA3: =MAX($F3) -> 0 | BB3: =MAX($G3) -> 0 | BC3: =MAX($H3) -> 0 | BD3: =MAX($I3) -> 0 | BE3: =MAX($J3) -> 0 | BF3: =MAX($K3) -> 0 | BG3: =MAX($M3) -> 0 | BH3: =MAX($N3) -> 0 | BI3: =MAX($P3) -> 0 | BJ3: =MAX($Q3) -> 0 | BK3: =MAX($R3) -> 0
A4: /Level_1 | B4: {=_xlfn.SWITCH($A$2,"average", AVERAGE(Instances!B4:Instances!B4),"median", MEDIAN(Instances!B4:Instances!B4),"min", MIN(Instances!B4:Instances!B4),"max", MAX(Instances!B4:Instances!B4),"diff", MAX(Instances!B4:Instances!B4)-MIN(Instances!B4:Instances!B4))} -> 0 | C4: {=_xlfn.SWITCH($A$2,"average", AVERAGE(Instances!C4:Instances!C4),"median", MEDIAN(Instances!C4:Instances!C4),"min", MIN(Instances!C4:Instances!C4),"max", MAX(Instances!C4:Instances!C4),"diff", MAX(Instances!C4:Instances!C4)-MIN(Instances!C4:Instances!C4))} -> 0 | D4: {=_xlfn.SWITCH($A$2,"average", AVERAGE(Instances!D4:Instances!D4),"median", MEDIAN(Instances!D4:Instances!D4),"min", MIN(Instances!D4:Instances!D4),"max", MAX(Instances!D4:Instances!D4),"diff", MAX(Instances!D4:Instances!D4)-MIN(Instances!D4:Instances!D4))} -> 0 | E4: {=_xlfn.SWITCH($A$2,"average", AVERAGE(Instances!E4:Instances!E4),"median", MEDIAN(Instances!E4:Instances!E4),"min", MIN(Instances!E4:Instances!E4),"max", MAX(Instances!E4:Instances!E4),"diff", MAX(Instances!E4:Instances!E4)-MIN(Instances!E4:Instances!E4))} -> 0 | F4: {=_xlfn.SWITCH($A$2,"average", AVERAGE(Instances!F4:Instances!F4),"median", MEDIAN(Instances!F4:Instances!F4),"min", MIN(Instances!F4:Instances!F4),"max", MAX(Instances!F4:Instances!F4),"diff", MAX(Instances!F4:Instances!F4)-MIN(Instances!F4:Instances!F4))} -> 0 | G4: {=_xlfn.SWITCH($A$2,"average", AVERAGE(Instances!G4:Instances!G4),"median", MEDIAN(Instances!G4:Instances!G4),"min", MIN(Instances!G4:Instances!G4),"max", MAX(Instances!G4:Instances!G4),"diff", MAX(Instances!G4:Instances!G4)-MIN(Instances!G4:Instances!G4))} -> 0 | H4: {=_xlfn.SWITCH($A$2,"average", AVERAGE(Instances!H4:Instances!H4),"median", MEDIAN(Instances!H4:Instances!H4),"min", MIN(Instances!H4:Instances!H4),"max", MAX(Instances!H4:Instances!H4),"diff", MAX(Instances!H4:Instances!H4)-MIN(Instances!H4:Instances!H4))} -> 0 | I4: {=_xlfn.SWITCH($A$2,"average", AVERAGE(Instances!I4:Instances!I4),"median", MEDIAN(Instances!I4:Instances!I4),"min", MIN(Instances!I4:Instances!I4),"max", MAX(Instances!I4:Instances!I4),"diff", MAX(Instances!I4:Instances!I4)-MIN(Instances!I4:Instances!I4))} -> 0 | ... K4: {=_xlfn.SWITCH($A$2,"average", AVERAGE(Instances!K4:Instances!K4),"median", MEDIAN(Instances!K4:Instances!K4),"min", MIN(Instances!K4:Instances!K4),"max", MAX(Instances!K4:Instances!K4),"diff", MAX(Instances!K4:Instances!K4)-MIN(Instances!K4:Instances!K4))} -> 0 | M4: {=_xlfn.SWITCH($A$2,"average", AVERAGE(Instances!M4:Instances!M4),"median", MEDIAN(Instances!M4:Instances!M4),"min", MIN(Instances!M4:Instances!M4),"max", MAX(Instances!M4:Instances!M4),"diff", MAX(Instances!M4:Instances!M4)-MIN(Instances!M4:Instances!M4))} -> 0 | N4: {=_xlfn.SWITCH($A$2,"average", AVERAGE(Instances!N4:Instances!N4),"median", MEDIAN(Instances!N4:Instances!N4),"min", MIN(Instances!N4:Instances!N4),"max", MAX(Instances!N4:Instances!N4),"diff", MAX(Instances!N4:Instances!N4)-MIN(Instances!N4:Instances!N4))} -> 0 | P4: {=_xlfn.SWITCH($A$2,"average", AVERAGE(Instances!P4:Instances!P4),"median", MEDIAN(Instances!P4:Instances!P4),"min", MIN(Instances!P4:Instances!P4),"max", MAX(Instances!P4:Instances!P4),"diff", MAX(Instances!P4:Instances!P4)-MIN(Instances!P4:Instances!P4))} -> 0 | Q4: {=_xlfn.SWITCH($A$2,"average", AVERAGE(Instances!Q4:Instances!Q4),"median", MEDIAN(Instances!Q4:Instances!Q4),"min", MIN(Instances!Q4:Instances!Q4),"max", MAX(Instances!Q4:Instances!Q4),"diff", MAX(Instances!Q4:Instances!Q4)-MIN(Instances!Q4:Instances!Q4))} -> 0 | R4: {=_xlfn.SWITCH($A$2,"average", AVERAGE(Instances!R4:Instances!R4),"median", MEDIAN(Instances!R4:Instances!R4),"min", MIN(Instances!R4:Instances!R4),"max", MAX(Instances!R4:Instances!R4),"diff", MAX(Instances!R4:Instances!R4)-MIN(Instances!R4:Instances!R4))} -> 0 | S4: =MIN($B4) -> 0 | T4: =MIN($C4) -> 0 | U4: =MIN($D4) -> 0 | V4: =MIN($E4) -> 0 | W4: =MIN($F4) -> 0 | X4: =MIN($G4) -> 0 | Y4: =MIN($H4) -> 0 | Z4: =MIN($I4) -> 0 | AA4: =MIN($J4) -> 0 | AB4: =MIN($K4) -> 0 | AC4: =MIN($M4) -> 0 | AD4: =MIN($N4) -> 0 | AE4: =MIN($P4) -> 0 | AF4: =MIN($Q4) -> 0 | AG4: =MIN($R4) -> 0 | AH4: =MEDIAN($B4) -> 0 | AI4: =MEDIAN($C4) -> 0 | AJ4: =MEDIAN($D4) -> 0 | AK4: =MEDIAN($E4) -> 0 | AL4: =MEDIAN($F4) -> 0 | AM4: =MEDIAN($G4) -> 0 | AN4: =MEDIAN($H4) -> 0 | AO4: =MEDIAN($I4) -> 0 | AP4: =MEDIAN($J4) -> 0 | AQ4: =MEDIAN($K4) -> 0 | AR4: =MEDIAN($M4) -> 0 | AS4: =MEDIAN($N4) -> 0 | AT4: =MEDIAN($P4) -> 0 | AU4: =MEDIAN($Q4) -> 0 | AV4: =MEDIAN($R4) -> 0 | AW4: =MAX($B4) -> 0 | AX4: =MAX($C4) -> 0 | AY4: =MAX($D4) -> 0 | AZ4: =MAX($E4) -> 0 | BA4: =MAX($F4) -> 0 | BB4: =MAX($G4) -> 0 | BC4: =MAX($H4) -> 0 | BD4: =MAX($I4) -> 0 | BE4: =MAX($J4) -> 0 | BF4: =MAX($K4) -> 0 | BG4: =MAX($M4) -> 0 | BH4: =MAX($N4) -> 0 | BI4: =MAX($P4) -> 0 | BJ4: =MAX($Q4) -> 0 | BK4: =MAX($R4) -> 0
A5: /Level_2 | B5: {=_xlfn.SWITCH($A$2,"average", AVERAGE(Instances!B5:Instances!B5),"median", MEDIAN(Instances!B5:Instances!B5),"min", MIN(Instances!B5:Instances!B5),"max", MAX(Instances!B5:Instances!B5),"diff", MAX(Instances!B5:Instances!B5)-MIN(Instances!B5:Instances!B5))} -> 0 | C5: {=_xlfn.SWITCH($A$2,"average", AVERAGE(Instances!C5:Instances!C5),"median", MEDIAN(Instances!C5:Instances!C5),"min", MIN(Instances!C5:Instances!C5),"max", MAX(Instances!C5:Instances!C5),"diff", MAX(Instances!C5:Instances!C5)-MIN(Instances!C5:Instances!C5))} -> 0 | D5: {=_xlfn.SWITCH($A$2,"average", AVERAGE(Instances!D5:Instances!D5),"median", MEDIAN(Instances!D5:Instances!D5),"min", MIN(Instances!D5:Instances!D5),"max", MAX(Instances!D5:Instances!D5),"diff", MAX(Instances!D5:Instances!D5)-MIN(Instances!D5:Instances!D5))} -> 0 | E5: {=_xlfn.SWITCH($A$2,"average", AVERAGE(Instances!E5:Instances!E5),"median", MEDIAN(Instances!E5:Instances!E5),"min", MIN(Instances!E5:Instances!E5),"max", MAX(Instances!E5:Instances!E5),"diff", MAX(Instances!E5:Instances!E5)-MIN(Instances!E5:Instances!E5))} -> 0 | F5: {=_xlfn.SWITCH($A$2,"average", AVERAGE(Instances!F5:Instances!F5),"median", MEDIAN(Instances!F5:Instances!F5),"min", MIN(Instances!F5:Instances!F5),"max", MAX(Instances!F5:Instances!F5),"diff", MAX(Instances!F5:Instances!F5)-MIN(Instances!F5:Instances!F5))} -> 0 | G5: {=_xlfn.SWITCH($A$2,"average", AVERAGE(Instances!G5:Instances!G5),"median", MEDIAN(Instances!G5:Instances!G5),"min", MIN(Instances!G5:Instances!G5),"max", MAX(Instances!G5:Instances!G5),"diff", MAX(Instances!G5:Instances!G5)-MIN(Instances!G5:Instances!G5))} -> 0 | H5: {=_xlfn.SWITCH($A$2,"average", AVERAGE(Instances!H5:Instances!H5),"median", MEDIAN(Instances!H5:Instances!H5),"min", MIN(Instances!H5:Instances!H5),"max", MAX(Instances!H5:Instances!H5),"diff", MAX(Instances!H5:Instances!H5)-MIN(Instances!H5:Instances!H5))} -> 0 | I5: {=_xlfn.SWITCH($A$2,"average", AVERAGE(Instances!I5:Instances!I5),"median", MEDIAN(Instances!I5:Instances!I5),"min", MIN(Instances!I5:Instances!I5),"max", MAX(Instances!I5:Instances!I5),"diff", MAX(Instances!I5:Instances!I5)-MIN(Instances!I5:Instances!I5))} -> 0 | ... K5: {=_xlfn.SWITCH($A$2,"average", AVERAGE(Instances!K5:Instances!K5),"median", MEDIAN(Instances!K5:Instances!K5),"min", MIN(Instances!K5:Instances!K5),"max", MAX(Instances!K5:Instances!K5),"diff", MAX(Instances!K5:Instances!K5)-MIN(Instances!K5:Instances!K5))} -> 0 | M5: {=_xlfn.SWITCH($A$2,"average", AVERAGE(Instances!M5:Instances!M5),"median", MEDIAN(Instances!M5:Instances!M5),"min", MIN(Instances!M5:Instances!M5),"max", MAX(Instances!M5:Instances!M5),"diff", MAX(Instances!M5:Instances!M5)-MIN(Instances!M5:Instances!M5))} -> 0 | N5: {=_xlfn.SWITCH($A$2,"average", AVERAGE(Instances!N5:Instances!N5),"median", MEDIAN(Instances!N5:Instances!N5),"min", MIN(Instances!N5:Instances!N5),"max", MAX(Instances!N5:Instances!N5),"diff", MAX(Instances!N5:Instances!N5)-MIN(Instances!N5:Instances!N5))} -> 0 | P5: {=_xlfn.SWITCH($A$2,"average", AVERAGE(Instances!P5:Instances!P5),"median", MEDIAN(Instances!P5:Instances!P5),"min", MIN(Instances!P5:Instances!P5),"max", MAX(Instances!P5:Instances!P5),"diff", MAX(Instances!P5:Instances!P5)-MIN(Instances!P5:Instances!P5))} -> 0 | Q5: {=_xlfn.SWITCH($A$2,"average", AVERAGE(Instances!Q5:Instances!Q5),"median", MEDIAN(Instances!Q5:Instances!Q5),"min", MIN(Instances!Q5:Instances!Q5),"max", MAX(Instances!Q5:Instances!Q5),"diff", MAX(Instances!Q5:Instances!Q5)-MIN(Instances!Q5:Instances!Q5))} -> 0 | R5: {=_xlfn.SWITCH($A$2,"average", AVERAGE(Instances!R5:Instances!R5),"median", MEDIAN(Instances!R5:Instances!R5),"min", MIN(Instances!R5:Instances!R5),"max", MAX(Instances!R5:Instances!R5),"diff", MAX(Instances!R5:Instances!R5)-MIN(Instances!R5:Instances!R5))} -> 0 | S5: =MIN($B5) -> 0 | T5: =MIN($C5) -> 0 | U5: =MIN($D5) -> 0 | V5: =MIN($E5) -> 0 | W5: =MIN($F5) -> 0 | X5: =MIN($G5) -> 0 | Y5: =MIN($H5) -> 0 | Z5: =MIN($I5) -> 0 | AA5: =MIN($J5) -> 0 | AB5: =MIN($K5) -> 0 | AC5: =MIN($M5) -> 0 | AD5: =MIN($N5) -> 0 | AE5: =MIN($P5) -> 0 | AF5: =MIN($Q5) -> 0 | AG5: =MIN($R5) -> 0 | AH5: =MEDIAN($B5) -> 0 | AI5: =MEDIAN($C5) -> 0 | AJ5: =MEDIAN($D5) -> 0 | AK5: =MEDIAN($E5) -> 0 | AL5: =MEDIAN($F5) -> 0 | AM5: =MEDIAN($G5) -> 0 | AN5: =MEDIAN($H5) -> 0 | AO5: =MEDIAN($I5) -> 0 | AP5: =MEDIAN($J5) -> 0 | AQ5: =MEDIAN($K5) -> 0 | AR5: =MEDIAN($M5) -> 0 | AS5: =MEDIAN($N5) -> 0 | AT5: =MEDIAN($P5) -> 0 | AU5: =MEDIAN($Q5) -> 0 | AV5: =MEDIAN($R5) -> 0 | AW5: =MAX($B5) -> 0 | AX5: =MAX($C5) -> 0 | AY5: =MAX($D5) -> 0 | AZ5: =MAX($E5) -> 0 | BA5: =MAX($F5) -> 0 | BB5: =MAX($G5) -> 0 | BC5: =MAX($H5) -> 0 | BD5: =MAX($I5) -> 0 | BE5: =MAX($J5) -> 0 | BF5: =MAX($K5) -> 0 | BG5: =MAX($M5) -> 0 | BH5: =MAX($N5) -> 0 | BI5: =MAX($P5) -> 0 | BJ5: =MAX($Q5) -> 0 | BK5: =MAX($R5) -> 0
A6: /Level_3 | B6: {=_xlfn.SWITCH($A$2,"average", AVERAGE(Instances!B6:Instances!B6),"median", MEDIAN(Instances!B6:Instances!B6),"min", MIN(Instances!B6:Instances!B6),"max", MAX(Instances!B6:Instances!B6),"diff", MAX(Instances!B6:Instances!B6)-MIN(Instances!B6:Instances!B6))} -> 0 | C6: {=_xlfn.SWITCH($A$2,"average", AVERAGE(Instances!C6:Instances!C6),"median", MEDIAN(Instances!C6:Instances!C6),"min", MIN(Instances!C6:Instances!C6),"max", MAX(Instances!C6:Instances!C6),"diff", MAX(Instances!C6:Instances!C6)-MIN(Instances!C6:Instances!C6))} -> 0 | D6: {=_xlfn.SWITCH($A$2,"average", AVERAGE(Instances!D6:Instances!D6),"median", MEDIAN(Instances!D6:Instances!D6),"min", MIN(Instances!D6:Instances!D6),"max", MAX(Instances!D6:Instances!D6),"diff", MAX(Instances!D6:Instances!D6)-MIN(Instances!D6:Instances!D6))} -> 0 | E6: {=_xlfn.SWITCH($A$2,"average", AVERAGE(Instances!E6:Instances!E6),"median", MEDIAN(Instances!E6:Instances!E6),"min", MIN(Instances!E6:Instances!E6),"max", MAX(Instances!E6:Instances!E6),"diff", MAX(Instances!E6:Instances!E6)-MIN(Instances!E6:Instances!E6))} -> 0 | F6: {=_xlfn.SWITCH($A$2,"average", AVERAGE(Instances!F6:Instances!F6),"median", MEDIAN(Instances!F6:Instances!F6),"min", MIN(Instances!F6:Instances!F6),"max", MAX(Instances!F6:Instances!F6),"diff", MAX(Instances!F6:Instances!F6)-MIN(Instances!F6:Instances!F6))} -> 0 | G6: {=_xlfn.SWITCH($A$2,"average", AVERAGE(Instances!G6:Instances!G6),"median", MEDIAN(Instances!G6:Instances!G6),"min", MIN(Instances!G6:Instances!G6),"max", MAX(Instances!G6:Instances!G6),"diff", MAX(Instances!G6:Instances!G6)-MIN(Instances!G6:Instances!G6))} -> 0 | H6: {=_xlfn.SWITCH($A$2,"average", AVERAGE(Instances!H6:Instances!H6),"median", MEDIAN(Instances!H6:Instances!H6),"min", MIN(Instances!H6:Instances!H6),"max", MAX(Instances!H6:Instances!H6),"diff", MAX(Instances!H6:Instances!H6)-MIN(Instances!H6:Instances!H6))} -> 0 | I6: {=_xlfn.SWITCH($A$2,"average", AVERAGE(Instances!I6:Instances!I6),"median", MEDIAN(Instances!I6:Instances!I6),"min", MIN(Instances!I6:Instances!I6),"max", MAX(Instances!I6:Instances!I6),"diff", MAX(Instances!I6:Instances!I6)-MIN(Instances!I6:Instances!I6))} -> 0 | ... K6: {=_xlfn.SWITCH($A$2,"average", AVERAGE(Instances!K6:Instances!K6),"median", MEDIAN(Instances!K6:Instances!K6),"min", MIN(Instances!K6:Instances!K6),"max", MAX(Instances!K6:Instances!K6),"diff", MAX(Instances!K6:Instances!K6)-MIN(Instances!K6:Instances!K6))} -> 0 | M6: {=_xlfn.SWITCH($A$2,"average", AVERAGE(Instances!M6:Instances!M6),"median", MEDIAN(Instances!M6:Instances!M6),"min", MIN(Instances!M6:Instances!M6),"max", MAX(Instances!M6:Instances!M6),"diff", MAX(Instances!M6:Instances!M6)-MIN(Instances!M6:Instances!M6))} -> 0 | N6: {=_xlfn.SWITCH($A$2,"average", AVERAGE(Instances!N6:Instances!N6),"median", MEDIAN(Instances!N6:Instances!N6),"min", MIN(Instances!N6:Instances!N6),"max", MAX(Instances!N6:Instances!N6),"diff", MAX(Instances!N6:Instances!N6)-MIN(Instances!N6:Instances!N6))} -> 0 | P6: {=_xlfn.SWITCH($A$2,"average", AVERAGE(Instances!P6:Instances!P6),"median", MEDIAN(Instances!P6:Instances!P6),"min", MIN(Instances!P6:Instances!P6),"max", MAX(Instances!P6:Instances!P6),"diff", MAX(Instances!P6:Instances!P6)-MIN(Instances!P6:Instances!P6))} -> 0 | Q6: {=_xlfn.SWITCH($A$2,"average", AVERAGE(Instances!Q6:Instances!Q6),"median", MEDIAN(Instances!Q6:Instances!Q6),"min", MIN(Instances!Q6:Instances!Q6),"max", MAX(Instances!Q6:Instances!Q6),"diff", MAX(Instances!Q6:Instances!Q6)-MIN(Instances!Q6:Instances!Q6))} -> 0 | R6: {=_xlfn.SWITCH($A$2,"average", AVERAGE(Instances!R6:Instances!R6),"median", MEDIAN(Instances!R6:Instances!R6),"min", MIN(Instances!R6:Instances!R6),"max", MAX(Instances!R6:Instances!R6),"diff", MAX(Instances!R6:Instances!R6)-MIN(Instances!R6:Instances!R6))} -> 0 | S6: =MIN($B6) -> 0 | T6: =MIN($C6) -> 0 | U6: =MIN($D6) -> 0 | V6: =MIN($E6) -> 0 | W6: =MIN($F6) -> 0 | X6: =MIN($G6) -> 0 | Y6: =MIN($H6) -> 0 | Z6: =MIN($I6) -> 0 | AA6: =MIN($J6) -> 0 | AB6: =MIN($K6) -> 0 | AC6: =MIN($M6) -> 0 | AD6: =MIN($N6) -> 0 | AE6: =MIN($P6) -> 0 | AF6: =MIN($Q6) -> 0 | AG6: =MIN($R6) -> 0 | AH6: =MEDIAN($B6) -> 0 | AI6: =MEDIAN($C6) -> 0 | AJ6: =MEDIAN($D6) -> 0 | AK6: =MEDIAN($E6) -> 0 | AL6: =MEDIAN($F6) -> 0 | AM6: =MEDIAN($G6) -> 0 | AN6: =MEDIAN($H6) -> 0 | AO6: =MEDIAN($I6) -> 0 | AP6: =MEDIAN($J6) -> 0 | AQ6: =MEDIAN($K6) -> 0 | AR6: =MEDIAN($M6) -> 0 | AS6: =MEDIAN($N6) -> 0 | AT6: =MEDIAN($P6) -> 0 | AU6: =MEDIAN($Q6) -> 0 | AV6: =MEDIAN($R6) -> 0 | AW6: =MAX($B6) -> 0 | AX6: =MAX($C6) -> 0 | AY6: =MAX($D6) -> 0 | AZ6: =MAX($E6) -> 0 | BA6: =MAX($F6) -> 0 | BB6: =MAX($G6) -> 0 | BC6: =MAX($H6) -> 0 | BD6: =MAX($I6) -> 0 | BE6: =MAX($J6) -> 0 | BF6: =MAX($K6) -> 0 | BG6: =MAX($M6) -> 0 | BH6: =MAX($N6) -> 0 | BI6: =MAX($P6) -> 0 | BJ6: =MAX($Q6) -> 0 | BK6: =MAX($R6) -> 0
A7: /Level_4 | B7: {=_xlfn.SWITCH($A$2,"average", AVERAGE(Instances!B7:Instances!B7),"median", MEDIAN(Instances!B7:Instances!B7),"min", MIN(Instances!B7:Instances!B7),"max", MAX(Instances!B7:Instances!B7),"diff", MAX(Instances!B7:Instances!B7)-MIN(Instances!B7:Instances!B7))} -> 0 | C7: {=_xlfn.SWITCH($A$2,"average", AVERAGE(Instances!C7:Instances!C7),"median", MEDIAN(Instances!C7:Instances!C7),"min", MIN(Instances!C7:Instances!C7),"max", MAX(Instances!C7:Instances!C7),"diff", MAX(Instances!C7:Instances!C7)-MIN(Instances!C7:Instances!C7))} -> 0 | D7: {=_xlfn.SWITCH($A$2,"average", AVERAGE(Instances!D7:Instances!D7),"median", MEDIAN(Instances!D7:Instances!D7),"min", MIN(Instances!D7:Instances!D7),"max", MAX(Instances!D7:Instances!D7),"diff", MAX(Instances!D7:Instances!D7)-MIN(Instances!D7:Instances!D7))} -> 0 | E7: {=_xlfn.SWITCH($A$2,"average", AVERAGE(Instances!E7:Instances!E7),"median", MEDIAN(Instances!E7:Instances!E7),"min", MIN(Instances!E7:Instances!E7),"max", MAX(Instances!E7:Instances!E7),"diff", MAX(Instances!E7:Instances!E7)-MIN(Instances!E7:Instances!E7))} -> 0 | F7: {=_xlfn.SWITCH($A$2,"average", AVERAGE(Instances!F7:Instances!F7),"median", MEDIAN(Instances!F7:Instances!F7),"min", MIN(Instances!F7:Instances!F7),"max", MAX(Instances!F7:Instances!F7),"diff", MAX(Instances!F7:Instances!F7)-MIN(Instances!F7:Instances!F7))} -> 0 | G7: {=_xlfn.SWITCH($A$2,"average", AVERAGE(Instances!G7:Instances!G7),"median", MEDIAN(Instances!G7:Instances!G7),"min", MIN(Instances!G7:Instances!G7),"max", MAX(Instances!G7:Instances!G7),"diff", MAX(Instances!G7:Instances!G7)-MIN(Instances!G7:Instances!G7))} -> 0 | H7: {=_xlfn.SWITCH($A$2,"average", AVERAGE(Instances!H7:Instances!H7),"median", MEDIAN(Instances!H7:Instances!H7),"min", MIN(Instances!H7:Instances!H7),"max", MAX(Instances!H7:Instances!H7),"diff", MAX(Instances!H7:Instances!H7)-MIN(Instances!H7:Instances!H7))} -> 0 | I7: {=_xlfn.SWITCH($A$2,"average", AVERAGE(Instances!I7:Instances!I7),"median", MEDIAN(Instances!I7:Instances!I7),"min", MIN(Instances!I7:Instances!I7),"max", MAX(Instances!I7:Instances!I7),"diff", MAX(Instances!I7:Instances!I7)-MIN(Instances!I7:Instances!I7))} -> 0 | ... K7: {=_xlfn.SWITCH($A$2,"average", AVERAGE(Instances!K7:Instances!K7),"median", MEDIAN(Instances!K7:Instances!K7),"min", MIN(Instances!K7:Instances!K7),"max", MAX(Instances!K7:Instances!K7),"diff", MAX(Instances!K7:Instances!K7)-MIN(Instances!K7:Instances!K7))} -> 0 | M7: {=_xlfn.SWITCH($A$2,"average", AVERAGE(Instances!M7:Instances!M7),"median", MEDIAN(Instances!M7:Instances!M7),"min", MIN(Instances!M7:Instances!M7),"max", MAX(Instances!M7:Instances!M7),"diff", MAX(Instances!M7:Instances!M7)-MIN(Instances!M7:Instances!M7))} -> 0 | N7: {=_xlfn.SWITCH($A$2,"average", AVERAGE(Instances!N7:Instances!N7),"median", MEDIAN(Instances!N7:Instances!N7),"min", MIN(Instances!N7:Instances!N7),"max", MAX(Instances!N7:Instances!N7),"diff", MAX(Instances!N7:Instances!N7)-MIN(Instances!N7:Instances!N7))} -> 0 | P7: {=_xlfn.SWITCH($A$2,"average", AVERAGE(Instances!P7:Instances!P7),"median", MEDIAN(Instances!P7:Instances!P7),"min", MIN(Instances!P7:Instances!P7),"max", MAX(Instances!P7:Instances!P7),"diff", MAX(Instances!P7:Instances!P7)-MIN(Instances!P7:Instances!P7))} -> 0 | Q7: {=_xlfn.SWITCH($A$2,"average", AVERAGE(Instances!Q7:Instances!Q7),"median", MEDIAN(Instances!Q7:Instances!Q7),"min", MIN(Instances!Q7:Instances!Q7),"max", MAX(Instances!Q7:Instances!Q7),"diff", MAX(Instances!Q7:Instances!Q7)-MIN(Instances!Q7:Instances!Q7))} -> 0 | R7: {=_xlfn.SWITCH($A$2,"average", AVERAGE(Instances!R7:Instances!R7),"median", MEDIAN(Instances!R7:Instances!R7),"min", MIN(Instances!R7:Instances!R7),"max", MAX(Instances!R7:Instances!R7),"diff", MAX(Instances!R7:Instances!R7)-MIN(Instances!R7:Instances!R7))} -> 0 | S7: =MIN($B7) -> 0 | T7: =MIN($C7) -> 0 | U7: =MIN($D7) -> 0 | V7: =MIN($E7) -> 0 | W7: =MIN($F7) -> 0 | X7: =MIN($G7) -> 0 | Y7: =MIN($H7) -> 0 | Z7: =MIN($I7) -> 0 | AA7: =MIN($J7) -> 0 | AB7: =MIN($K7) -> 0 | AC7: =MIN($M7) -> 0 | AD7: =MIN($N7) -> 0 | AE7: =MIN($P7) -> 0 | AF7: =MIN($Q7) -> 0 | AG7: =MIN($R7) -> 0 | AH7: =MEDIAN($B7) -> 0 | AI7: =MEDIAN($C7) -> 0 | AJ7: =MEDIAN($D7) -> 0 | AK7: =MEDIAN($E7) -> 0 | AL7: =MEDIAN($F7) -> 0 | AM7: =MEDIAN($G7) -> 0 | AN7: =MEDIAN($H7) -> 0 | AO7: =MEDIAN($I7) -> 0 | AP7: =MEDIAN($J7) -> 0 | AQ7: =MEDIAN($K7) -> 0 | AR7: =MEDIAN($M7) -> 0 | AS7: =MEDIAN($N7) -> 0 | AT7: =MEDIAN($P7) -> 0 | AU7: =MEDIAN($Q7) -> 0 | AV7: =MEDIAN($R7) -> 0 | AW7: =MAX($B7) -> 0 | AX7: =MAX($C7) -> 0 | AY7: =MAX($D7) -> 0 | AZ7: =MAX($E7) -> 0 | BA7: =MAX($F7) -> 0 | BB7: =MAX($G7) -> 0 | BC7: =MAX($H7) -> 0 | BD7: =MAX($I7) -> 0 | BE7: =MAX($J7) -> 0 | BF7: =MAX($K7) -> 0 | BG7: =MAX($M7) -> 0 | BH7: =MAX($N7) -> 0 | BI7: =MAX($P7) -> 0 | BJ7: =MAX($Q7) -> 0 | BK7: =MAX($R7) -> 0
A8: /Level_5 | B8: {=_xlfn.SWITCH($A$2,"average", AVERAGE(Instances!B8:Instances!B8),"median", MEDIAN(Instances!B8:Instances!B8),"min", MIN(Instances!B8:Instances!B8),"max", MAX(Instances!B8:Instances!B8),"diff", MAX(Instances!B8:Instances!B8)-MIN(Instances!B8:Instances!B8))} -> 0 | C8: {=_xlfn.SWITCH($A$2,"average", AVERAGE(Instances!C8:Instances!C8),"median", MEDIAN(Instances!C8:Instances!C8),"min", MIN(Instances!C8:Instances!C8),"max", MAX(Instances!C8:Instances!C8),"diff", MAX(Instances!C8:Instances!C8)-MIN(Instances!C8:Instances!C8))} -> 0 | D8: {=_xlfn.SWITCH($A$2,"average", AVERAGE(Instances!D8:Instances!D8),"median", MEDIAN(Instances!D8:Instances!D8),"min", MIN(Instances!D8:Instances!D8),"max", MAX(Instances!D8:Instances!D8),"diff", MAX(Instances!D8:Instances!D8)-MIN(Instances!D8:Instances!D8))} -> 0 | E8: {=_xlfn.SWITCH($A$2,"average", AVERAGE(Instances!E8:Instances!E8),"median", MEDIAN(Instances!E8:Instances!E8),"min", MIN(Instances!E8:Instances!E8),"max", MAX(Instances!E8:Instances!E8),"diff", MAX(Instances!E8:Instances!E8)-MIN(Instances!E8:Instances!E8))} -> 0 | F8: {=_xlfn.SWITCH($A$2,"average", AVERAGE(Instances!F8:Instances!F8),"median", MEDIAN(Instances!F8:Instances!F8),"min", MIN(Instances!F8:Instances!F8),"max", MAX(Instances!F8:Instances!F8),"diff", MAX(Instances!F8:Instances!F8)-MIN(Instances!F8:Instances!F8))} -> 0 | G8: {=_xlfn.SWITCH($A$2,"average", AVERAGE(Instances!G8:Instances!G8),"median", MEDIAN(Instances!G8:Instances!G8),"min", MIN(Instances!G8:Instances!G8),"max", MAX(Instances!G8:Instances!G8),"diff", MAX(Instances!G8:Instances!G8)-MIN(Instances!G8:Instances!G8))} -> 0 | H8: {=_xlfn.SWITCH($A$2,"average", AVERAGE(Instances!H8:Instances!H8),"median", MEDIAN(Instances!H8:Instances!H8),"min", MIN(Instances!H8:Instances!H8),"max", MAX(Instances!H8:Instances!H8),"diff", MAX(Instances!H8:Instances!H8)-MIN(Instances!H8:Instances!H8))} -> 0 | I8: {=_xlfn.SWITCH($A$2,"average", AVERAGE(Instances!I8:Instances!I8),"median", MEDIAN(Instances!I8:Instances!I8),"min", MIN(Instances!I8:Instances!I8),"max", MAX(Instances!I8:Instances!I8),"diff", MAX(Instances!I8:Instances!I8)-MIN(Instances!I8:Instances!I8))} -> 0 | ... K8: {=_xlfn.SWITCH($A$2,"average", AVERAGE(Instances!K8:Instances!K8),"median", MEDIAN(Instances!K8:Instances!K8),"min", MIN(Instances!K8:Instances!K8),"max", MAX(Instances!K8:Instances!K8),"diff", MAX(Instances!K8:Instances!K8)-MIN(Instances!K8:Instances!K8))} -> 0 | M8: {=_xlfn.SWITCH($A$2,"average", AVERAGE(Instances!M8:Instances!M8),"median", MEDIAN(Instances!M8:Instances!M8),"min", MIN(Instances!M8:Instances!M8),"max", MAX(Instances!M8:Instances!M8),"diff", MAX(Instances!M8:Instances!M8)-MIN(Instances!M8:Instances!M8))} -> 0 | N8: {=_xlfn.SWITCH($A$2,"average", AVERAGE(Instances!N8:Instances!N8),"median", MEDIAN(Instances!N8:Instances!N8),"min", MIN(Instances!N8:Instances!N8),"max", MAX(Instances!N8:Instances!N8),"diff", MAX(Instances!N8:Instances!N8)-MIN(Instances!N8:Instances!N8))} -> 0 | P8: {=_xlfn.SWITCH($A$2,"average", AVERAGE(Instances!P8:Instances!P8),"median", MEDIAN(Instances!P8:Instances!P8),"min", MIN(Instances!P8:Instances!P8),"max", MAX(Instances!P8:Instances!P8),"diff", MAX(Instances!P8:Instances!P8)-MIN(Instances!P8:Instances!P8))} -> 0 | Q8: {=_xlfn.SWITCH($A$2,"average", AVERAGE(Instances!Q8:Instances!Q8),"median", MEDIAN(Instances!Q8:Instances!Q8),"min", MIN(Instances!Q8:Instances!Q8),"max", MAX(Instances!Q8:Instances!Q8),"diff", MAX(Instances!Q8:Instances!Q8)-MIN(Instances!Q8:Instances!Q8))} -> 0 | R8: {=_xlfn.SWITCH($A$2,"average", AVERAGE(Instances!R8:Instances!R8),"median", MEDIAN(Instances!R8:Instances!R8),"min", MIN(Instances!R8:Instances!R8),"max", MAX(Instances!R8:Instances!R8),"diff", MAX(Instances!R8:Instances!R8)-MIN(Instances!R8:Instances!R8))} -> 0 | S8: =MIN($B8) -> 0 | T8: =MIN($C8) -> 0 | U8: =MIN($D8) -> 0 | V8: =MIN($E8) -> 0 | W8: =MIN($F8) -> 0 | X8: =MIN($G8) -> 0 | Y8: =MIN($H8) -> 0 | Z8: =MIN($I8) -> 0 | AA8: =MIN($J8) -> 0 | AB8: =MIN($K8) -> 0 | AC8: =MIN($M8) -> 0 | AD8: =MIN($N8) -> 0 | AE8: =MIN($P8) -> 0 | AF8: =MIN($Q8) -> 0 | AG8: =MIN($R8) -> 0 | AH8: =MEDIAN($B8) -> 0 | AI8: =MEDIAN($C8) -> 0 | AJ8: =MEDIAN($D8) -> 0 | AK8: =MEDIAN($E8) -> 0 | AL8: =MEDIAN($F8) -> 0 | AM8: =MEDIAN($G8) -> 0 | AN8: =MEDIAN($H8) -> 0 | AO8: =MEDIAN($I8) -> 0 | AP8: =MEDIAN($J8) -> 0 | AQ8: =MEDIAN($K8) -> 0 | AR8: =MEDIAN($M8) -> 0 | AS8: =MEDIAN($N8) -> 0 | AT8: =MEDIAN($P8) -> 0 | AU8: =MEDIAN($Q8) -> 0 | AV8: =MEDIAN($R8) -> 0 | AW8: =MAX($B8) -> 0 | AX8: =MAX($C8) -> 0 | AY8: =MAX($D8) -> 0 | AZ8: =MAX($E8) -> 0 | BA8: =MAX($F8) -> 0 | BB8: =MAX($G8) -> 0 | BC8: =MAX($H8) -> 0 | BD8: =MAX($I8) -> 0 | BE8: =MAX($J8) -> 0 | BF8: =MAX($K8) -> 0 | BG8: =MAX($M8) -> 0 | BH8: =MAX($N8) -> 0 | BI8: =MAX($P8) -> 0 | BJ8: =MAX($Q8) -> 0 | BK8: =MAX($R8) -> 0
A9: /Level_6 | B9: {=_xlfn.SWITCH($A$2,"average", AVERAGE(Instances!B9:Instances!B9),"median", MEDIAN(Instances!B9:Instances!B9),"min", MIN(Instances!B9:Instances!B9),"max", MAX(Instances!B9:Instances!B9),"diff", MAX(Instances!B9:Instances!B9)-MIN(Instances!B9:Instances!B9))} -> 0 | C9: {=_xlfn.SWITCH($A$2,"average", AVERAGE(Instances!C9:Instances!C9),"median", MEDIAN(Instances!C9:Instances!C9),"min", MIN(Instances!C9:Instances!C9),"max", MAX(Instances!C9:Instances!C9),"diff", MAX(Instances!C9:Instances!C9)-MIN(Instances!C9:Instances!C9))} -> 0 | D9: {=_xlfn.SWITCH($A$2,"average", AVERAGE(Instances!D9:Instances!D9),"median", MEDIAN(Instances!D9:Instances!D9),"min", MIN(Instances!D9:Instances!D9),"max", MAX(Instances!D9:Instances!D9),"diff", MAX(Instances!D9:Instances!D9)-MIN(Instances!D9:Instances!D9))} -> 0 | E9: {=_xlfn.SWITCH($A$2,"average", AVERAGE(Instances!E9:Instances!E9),"median", MEDIAN(Instances!E9:Instances!E9),"min", MIN(Instances!E9:Instances!E9),"max", MAX(Instances!E9:Instances!E9),"diff", MAX(Instances!E9:Instances!E9)-MIN(Instances!E9:Instances!E9))} -> 0 | F9: {=_xlfn.SWITCH($A$2,"average", AVERAGE(Instances!F9:Instances!F9),"median", MEDIAN(Instances!F9:Instances!F9),"min", MIN(Instances!F9:Instances!F9),"max", MAX(Instances!F9:Instances!F9),"diff", MAX(Instances!F9:Instances!F9)-MIN(Instances!F9:Instances!F9))} -> 0 | G9: {=_xlfn.SWITCH($A$2,"average", AVERAGE(Instances!G9:Instances!G9),"median", MEDIAN(Instances!G9:Instances!G9),"min", MIN(Instances!G9:Instances!G9),"max", MAX(Instances!G9:Instances!G9),"diff", MAX(Instances!G9:Instances!G9)-MIN(Instances!G9:Instances!G9))} -> 0 | H9: {=_xlfn.SWITCH($A$2,"average", AVERAGE(Instances!H9:Instances!H9),"median", MEDIAN(Instances!H9:Instances!H9),"min", MIN(Instances!H9:Instances!H9),"max", MAX(Instances!H9:Instances!H9),"diff", MAX(Instances!H9:Instances!H9)-MIN(Instances!H9:Instances!H9))} -> 0 | I9: {=_xlfn.SWITCH($A$2,"average", AVERAGE(Instances!I9:Instances!I9),"median", MEDIAN(Instances!I9:Instances!I9),"min", MIN(Instances!I9:Instances!I9),"max", MAX(Instances!I9:Instances!I9),"diff", MAX(Instances!I9:Instances!I9)-MIN(Instances!I9:Instances!I9))} -> 0 | ... K9: {=_xlfn.SWITCH($A$2,"average", AVERAGE(Instances!K9:Instances!K9),"median", MEDIAN(Instances!K9:Instances!K9),"min", MIN(Instances!K9:Instances!K9),"max", MAX(Instances!K9:Instances!K9),"diff", MAX(Instances!K9:Instances!K9)-MIN(Instances!K9:Instances!K9))} -> 0 | M9: {=_xlfn.SWITCH($A$2,"average", AVERAGE(Instances!M9:Instances!M9),"median", MEDIAN(Instances!M9:Instances!M9),"min", MIN(Instances!M9:Instances!M9),"max", MAX(Instances!M9:Instances!M9),"diff", MAX(Instances!M9:Instances!M9)-MIN(Instances!M9:Instances!M9))} -> 0 | N9: {=_xlfn.SWITCH($A$2,"average", AVERAGE(Instances!N9:Instances!N9),"median", MEDIAN(Instances!N9:Instances!N9),"min", MIN(Instances!N9:Instances!N9),"max", MAX(Instances!N9:Instances!N9),"diff", MAX(Instances!N9:Instances!N9)-MIN(Instances!N9:Instances!N9))} -> 0 | P9: {=_xlfn.SWITCH($A$2,"average", AVERAGE(Instances!P9:Instances!P9),"median", MEDIAN(Instances!P9:Instances!P9),"min", MIN(Instances!P9:Instances!P9),"max", MAX(Instances!P9:Instances!P9),"diff", MAX(Instances!P9:Instances!P9)-MIN(Instances!P9:Instances!P9))} -> 0 | Q9: {=_xlfn.SWITCH($A$2,"average", AVERAGE(Instances!Q9:Instances!Q9),"median", MEDIAN(Instances!Q9:Instances!Q9),"min", MIN(Instances!Q9:Instances!Q9),"max", MAX(Instances!Q9:Instances!Q9),"diff", MAX(Instances!Q9:Instances!Q9)-MIN(Instances!Q9:Instances!Q9))} -> 0 | R9: {=_xlfn.SWITCH($A$2,"average", AVERAGE(Instances!R9:Instances!R9),"median", MEDIAN(Instances!R9:Instances!R9),"min", MIN(Instances!R9:Instances!R9),"max", MAX(Instances!R9:Instances!R9),"diff", MAX(Instances!R9:Instances!R9)-MIN(Instances!R9:Instances!R9))} -> 0 | S9: =MIN($B9) -> 0 | T9: =MIN($C9) -> 0 | U9: =MIN($D9) -> 0 | V9: =MIN($E9) -> 0 | W9: =MIN($F9) -> 0 | X9: =MIN($G9) -> 0 | Y9: =MIN($H9) -> 0 | Z9: =MIN($I9) -> 0 | AA9: =MIN($J9) -> 0 | AB9: =MIN($K9) -> 0 | AC9: =MIN($M9) -> 0 | AD9: =MIN($N9) -> 0 | AE9: =MIN($P9) -> 0 | AF9: =MIN($Q9) -> 0 | AG9: =MIN($R9) -> 0 | AH9: =MEDIAN($B9) -> 0 | AI9: =MEDIAN($C9) -> 0 | AJ9: =MEDIAN($D9) -> 0 | AK9: =MEDIAN($E9) -> 0 | AL9: =MEDIAN($F9) -> 0 | AM9: =MEDIAN($G9) -> 0 | AN9: =MEDIAN($H9) -> 0 | AO9: =MEDIAN($I9) -> 0 | AP9: =MEDIAN($J9) -> 0 | AQ9: =MEDIAN($K9) -> 0 | AR9: =MEDIAN($M9) -> 0 | AS9: =MEDIAN($N9) -> 0 | AT9: =MEDIAN($P9) -> 0 | AU9: =MEDIAN($Q9) -> 0 | AV9: =MEDIAN($R9) -> 0 | AW9: =MAX($B9) -> 0 | AX9: =MAX($C9) -> 0 | AY9: =MAX($D9) -> 0 | AZ9: =MAX($E9) -> 0 | BA9: =MAX($F9) -> 0 | BB9: =MAX($G9) -> 0 | BC9: =MAX($H9) -> 0 | BD9: =MAX($I9) -> 0 | BE9: =MAX($J9) -> 0 | BF9: =MAX($K9) -> 0 | BG9: =MAX($M9) -> 0 | BH9: =MAX($N9) -> 0 | BI9: =MAX($P9) -> 0 | BJ9: =MAX($Q9) -> 0 | BK9: =MAX($R9) -> 0
A10: /Level_7 | B10: {=_xlfn.SWITCH($A$2,"average", AVERAGE(Instances!B10:Instances!B10),"median", MEDIAN(Instances!B10:Instances!B10),"min", MIN(Instances!B10:Instances!B10),"max", MAX(Instances!B10:Instances!B10),"diff", MAX(Instances!B10:Instances!B10)-MIN(Instances!B10:Instances!B10))} -> 0 | C10: {=_xlfn.SWITCH($A$2,"average", AVERAGE(Instances!C10:Instances!C10),"median", MEDIAN(Instances!C10:Instances!C10),"min", MIN(Instances!C10:Instances!C10),"max", MAX(Instances!C10:Instances!C10),"diff", MAX(Instances!C10:Instances!C10)-MIN(Instances!C10:Instances!C10))} -> 0 | D10: {=_xlfn.SWITCH($A$2,"average", AVERAGE(Instances!D10:Instances!D10),"median", MEDIAN(Instances!D10:Instances!D10),"min", MIN(Instances!D10:Instances!D10),"max", MAX(Instances!D10:Instances!D10),"diff", MAX(Instances!D10:Instances!D10)-MIN(Instances!D10:Instances!D10))} -> 0 | E10: {=_xlfn.SWITCH($A$2,"average", AVERAGE(Instances!E10:Instances!E10),"median", MEDIAN(Instances!E10:Instances!E10),"min", MIN(Instances!E10:Instances!E10),"max", MAX(Instances!E10:Instances!E10),"diff", MAX(Instances!E10:Instances!E10)-MIN(Instances!E10:Instances!E10))} -> 0 | F10: {=_xlfn.SWITCH($A$2,"average", AVERAGE(Instances!F10:Instances!F10),"median", MEDIAN(Instances!F10:Instances!F10),"min", MIN(Instances!F10:Instances!F10),"max", MAX(Instances!F10:Instances!F10),"diff", MAX(Instances!F10:Instances!F10)-MIN(Instances!F10:Instances!F10))} -> 0 | G10: {=_xlfn.SWITCH($A$2,"average", AVERAGE(Instances!G10:Instances!G10),"median", MEDIAN(Instances!G10:Instances!G10),"min", MIN(Instances!G10:Instances!G10),"max", MAX(Instances!G10:Instances!G10),"diff", MAX(Instances!G10:Instances!G10)-MIN(Instances!G10:Instances!G10))} -> 0 | H10: {=_xlfn.SWITCH($A$2,"average", AVERAGE(Instances!H10:Instances!H10),"median", MEDIAN(Instances!H10:Instances!H10),"min", MIN(Instances!H10:Instances!H10),"max", MAX(Instances!H10:Instances!H10),"diff", MAX(Instances!H10:Instances!H10)-MIN(Instances!H10:Instances!H10))} -> 0 | I10: {=_xlfn.SWITCH($A$2,"average", AVERAGE(Instances!I10:Instances!I10),"median", MEDIAN(Instances!I10:Instances!I10),"min", MIN(Instances!I10:Instances!I10),"max", MAX(Instances!I10:Instances!I10),"diff", MAX(Instances!I10:Instances!I10)-MIN(Instances!I10:Instances!I10))} -> 0 | ... K10: {=_xlfn.SWITCH($A$2,"average", AVERAGE(Instances!K10:Instances!K10),"median", MEDIAN(Instances!K10:Instances!K10),"min", MIN(Instances!K10:Instances!K10),"max", MAX(Instances!K10:Instances!K10),"diff", MAX(Instances!K10:Instances!K10)-MIN(Instances!K10:Instances!K10))} -> 0 | M10: {=_xlfn.SWITCH($A$2,"average", AVERAGE(Instances!M10:Instances!M10),"median", MEDIAN(Instances!M10:Instances!M10),"min", MIN(Instances!M10:Instances!M10),"max", MAX(Instances!M10:Instances!M10),"diff", MAX(Instances!M10:Instances!M10)-MIN(Instances!M10:Instances!M10))} -> 0 | N10: {=_xlfn.SWITCH($A$2,"average", AVERAGE(Instances!N10:Instances!N10),"median", MEDIAN(Instances!N10:Instances!N10),"min", MIN(Instances!N10:Instances!N10),"max", MAX(Instances!N10:Instances!N10),"diff", MAX(Instances!N10:Instances!N10)-MIN(Instances!N10:Instances!N10))} -> 0 | P10: {=_xlfn.SWITCH($A$2,"average", AVERAGE(Instances!P10:Instances!P10),"median", MEDIAN(Instances!P10:Instances!P10),"min", MIN(Instances!P10:Instances!P10),"max", MAX(Instances!P10:Instances!P10),"diff", MAX(Instances!P10:Instances!P10)-MIN(Instances!P10:Instances!P10))} -> 0 | Q10: {=_xlfn.SWITCH($A$2,"average", AVERAGE(Instances!Q10:Instances!Q10),"median", MEDIAN(Instances!Q10:Instances!Q10),"min", MIN(Instances!Q10:Instances!Q10),"max", MAX(Instances!Q10:Instances!Q10),"diff", MAX(Instances!Q10:Instances!Q10)-MIN(Instances!Q10:Instances!Q10))} -> 0 | R10: {=_xlfn.SWITCH($A$2,"average", AVERAGE(Instances!R10:Instances!R10),"median", MEDIAN(Instances!R10:Instances!R10),"min", MIN(Instances!R10:Instances!R10),"max", MAX(Instances!R10:Instances!R10),"diff", MAX(Instances!R10:Instances!R10)-MIN(Instances!R10:Instances!R10))} -> 0 | S10: =MIN($B10) -> 0 | T10: =MIN($C10) -> 0 | U10: =MIN($D10) -> 0 | V10: =MIN($E10) -> 0 | W10: =MIN($F10) -> 0 | X10: =MIN($G10) -> 0 | Y10: =MIN($H10) -> 0 | Z10: =MIN($I10) -> 0 | AA10: =MIN($J10) -> 0 | AB10: =MIN($K10) -> 0 | AC10: =MIN($M10) -> 0 | AD10: =MIN($N10) -> 0 | AE10: =MIN($P10) -> 0 | AF10: =MIN($Q10) -> 0 | AG10: =MIN($R10) -> 0 | AH10: =MEDIAN($B10) -> 0 | AI10: =MEDIAN($C10) -> 0 | AJ10: =MEDIAN($D10) -> 0 | AK10: =MEDIAN($E10) -> 0 | AL10: =MEDIAN($F10) -> 0 | AM10: =MEDIAN($G10) -> 0 | AN10: =MEDIAN($H10) -> 0 | AO10: =MEDIAN($I10) -> 0 | AP10: =MEDIAN($J10) -> 0 | AQ10: =MEDIAN($K10) -> 0 | AR10: =MEDIAN($M10) -> 0 | AS10: =MEDIAN($N10) -> 0 | AT10: =MEDIAN($P10) -> 0 | AU10: =MEDIAN($Q10) -> 0 | AV10: =MEDIAN($R10) -> 0 | AW10: =MAX($B10) -> 0 | AX10: =MAX($C10) -> 0 | AY10: =MAX($D10) -> 0 | AZ10: =MAX($E10) -> 0 | BA10: =MAX($F10) -> 0 | BB10: =MAX($G10) -> 0 | BC10: =MAX($H10) -> 0 | BD10: =MAX($I10) -> 0 | BE10: =MAX($J10) -> 0 | BF10: =MAX($K10) -> 0 | BG10: =MAX($M10) -> 0 | BH10: =MAX($N10) -> 0 | BI10: =MAX($P10) -> 0 | BJ10: =MAX($Q10) -> 0 | BK10: =MAX($R10) -> 0
A11: /Level_8 | B11: {=_xlfn.SWITCH($A$2,"average", AVERAGE(Instances!B11:Instances!B11),"median", MEDIAN(Instances!B11:Instances!B11),"min", MIN(Instances!B11:Instances!B11),"max", MAX(Instances!B11:Instances!B11),"diff", MAX(Instances!B11:Instances!B11)-MIN(Instances!B11:Instances!B11))} -> 0 | C11: {=_xlfn.SWITCH($A$2,"average", AVERAGE(Instances!C11:Instances!C11),"median", MEDIAN(Instances!C11:Instances!C11),"min", MIN(Instances!C11:Instances!C11),"max", MAX(Instances!C11:Instances!C11),"diff", MAX(Instances!C11:Instances!C11)-MIN(Instances!C11:Instances!C11))} -> 0 | D11: {=_xlfn.SWITCH($A$2,"average", AVERAGE(Instances!D11:Instances!D11),"median", MEDIAN(Instances!D11:Instances!D11),"min", MIN(Instances!D11:Instances!D11),"max", MAX(Instances!D11:Instances!D11),"diff", MAX(Instances!D11:Instances!D11)-MIN(Instances!D11:Instances!D11))} -> 0 | E11: {=_xlfn.SWITCH($A$2,"average", AVERAGE(Instances!E11:Instances!E11),"median", MEDIAN(Instances!E11:Instances!E11),"min", MIN(Instances!E11:Instances!E11),"max", MAX(Instances!E11:Instances!E11),"diff", MAX(Instances!E11:Instances!E11)-MIN(Instances!E11:Instances!E11))} -> 0 | F11: {=_xlfn.SWITCH($A$2,"average", AVERAGE(Instances!F11:Instances!F11),"median", MEDIAN(Instances!F11:Instances!F11),"min", MIN(Instances!F11:Instances!F11),"max", MAX(Instances!F11:Instances!F11),"diff", MAX(Instances!F11:Instances!F11)-MIN(Instances!F11:Instances!F11))} -> 0 | G11: {=_xlfn.SWITCH($A$2,"average", AVERAGE(Instances!G11:Instances!G11),"median", MEDIAN(Instances!G11:Instances!G11),"min", MIN(Instances!G11:Instances!G11),"max", MAX(Instances!G11:Instances!G11),"diff", MAX(Instances!G11:Instances!G11)-MIN(Instances!G11:Instances!G11))} -> 0 | H11: {=_xlfn.SWITCH($A$2,"average", AVERAGE(Instances!H11:Instances!H11),"median", MEDIAN(Instances!H11:Instances!H11),"min", MIN(Instances!H11:Instances!H11),"max", MAX(Instances!H11:Instances!H11),"diff", MAX(Instances!H11:Instances!H11)-MIN(Instances!H11:Instances!H11))} -> 0 | I11: {=_xlfn.SWITCH($A$2,"average", AVERAGE(Instances!I11:Instances!I11),"median", MEDIAN(Instances!I11:Instances!I11),"min", MIN(Instances!I11:Instances!I11),"max", MAX(Instances!I11:Instances!I11),"diff", MAX(Instances!I11:Instances!I11)-MIN(Instances!I11:Instances!I11))} -> 0 | ... K11: {=_xlfn.SWITCH($A$2,"average", AVERAGE(Instances!K11:Instances!K11),"median", MEDIAN(Instances!K11:Instances!K11),"min", MIN(Instances!K11:Instances!K11),"max", MAX(Instances!K11:Instances!K11),"diff", MAX(Instances!K11:Instances!K11)-MIN(Instances!K11:Instances!K11))} -> 0 | M11: {=_xlfn.SWITCH($A$2,"average", AVERAGE(Instances!M11:Instances!M11),"median", MEDIAN(Instances!M11:Instances!M11),"min", MIN(Instances!M11:Instances!M11),"max", MAX(Instances!M11:Instances!M11),"diff", MAX(Instances!M11:Instances!M11)-MIN(Instances!M11:Instances!M11))} -> 0 | N11: {=_xlfn.SWITCH($A$2,"average", AVERAGE(Instances!N11:Instances!N11),"median", MEDIAN(Instances!N11:Instances!N11),"min", MIN(Instances!N11:Instances!N11),"max", MAX(Instances!N11:Instances!N11),"diff", MAX(Instances!N11:Instances!N11)-MIN(Instances!N11:Instances!N11))} -> 0 | P11: {=_xlfn.SWITCH($A$2,"average", AVERAGE(Instances!P11:Instances!P11),"median", MEDIAN(Instances!P11:Instances!P11),"min", MIN(Instances!P11:Instances!P11),"max", MAX(Instances!P11:Instances!P11),"diff", MAX(Instances!P11:Instances!P11)-MIN(Instances!P11:Instances!P11))} -> 0 | Q11: {=_xlfn.SWITCH($A$2,"average", AVERAGE(Instances!Q11:Instances!Q11),"median", MEDIAN(Instances!Q11:Instances!Q11),"min", MIN(Instances!Q11:Instances!Q11),"max", MAX(Instances!Q11:Instances!Q11),"diff", MAX(Instances!Q11:Instances!Q11)-MIN(Instances!Q11:Instances!Q11))} -> 0 | R11: {=_xlfn.SWITCH($A$2,"average", AVERAGE(Instances!R11:Instances!R11),"median", MEDIAN(Instances!R11:Instances!R11),"min", MIN(Instances!R11:Instances!R11),"max", MAX(Instances!R11:Instances!R11),"diff", MAX(Instances!R11:Instances!R11)-MIN(Instances!R11:Instances!R11))} -> 0 | S11: =MIN($B11) -> 0 | T11: =MIN($C11) -> 0 | U11: =MIN($D11) -> 0 | V11: =MIN($E11) -> 0 | W11: =MIN($F11) -> 0 | X11: =MIN($G11) -> 0 | Y11: =MIN($H11) -> 0 | Z11: =MIN($I11) -> 0 | AA11: =MIN($J11) -> 0 | AB11: =MIN($K11) -> 0 | AC11: =MIN($M11) -> 0 | AD11: =MIN($N11) -> 0 | AE11: =MIN($P11) -> 0 | AF11: =MIN($Q11) -> 0 | AG11: =MIN($R11) -> 0 | AH11: =MEDIAN($B11) -> 0 | AI11: =MEDIAN($C11) -> 0 | AJ11: =MEDIAN($D11) -> 0 | AK11: =MEDIAN($E11) -> 0 | AL11: =MEDIAN($F11) -> 0 | AM11: =MEDIAN($G11) -> 0 | AN11: =MEDIAN($H11) -> 0 | AO11: =MEDIAN($I11) -> 0 | AP11: =MEDIAN($J11) -> 0 | AQ11: =MEDIAN($K11) -> 0 | AR11: =MEDIAN($M11) -> 0 | AS11: =MEDIAN($N11) -> 0 | AT11: =MEDIAN($P11) -> 0 | AU11: =MEDIAN($Q11) -> 0 | AV11: =MEDIAN($R11) -> 0 | AW11: =MAX($B11) -> 0 | AX11: =MAX($C11) -> 0 | AY11: =MAX($D11) -> 0 | AZ11: =MAX($E11) -> 0 | BA11: =MAX($F11) -> 0 | BB11: =MAX($G11) -> 0 | BC11: =MAX($H11) -> 0 | BD11: =MAX($I11) -> 0 | BE11: =MAX($J11) -> 0 | BF11: =MAX($K11) -> 0 | BG11: =MAX($M11) -> 0 | BH11: =MAX($N11) -> 0 | BI11: =MAX($P11) -> 0 | BJ11: =MAX($Q11) -> 0 | BK11: =MAX($R11) -> 0
A12: /Level_9 | B12: {=_xlfn.SWITCH($A$2,"average", AVERAGE(Instances!B12:Instances!B12),"median", MEDIAN(Instances!B12:Instances!B12),"min", MIN(Instances!B12:Instances!B12),"max", MAX(Instances!B12:Instances!B12),"diff", MAX(Instances!B12:Instances!B12)-MIN(Instances!B12:Instances!B12))} -> 0 | C12: {=_xlfn.SWITCH($A$2,"average", AVERAGE(Instances!C12:Instances!C12),"median", MEDIAN(Instances!C12:Instances!C12),"min", MIN(Instances!C12:Instances!C12),"max", MAX(Instances!C12:Instances!C12),"diff", MAX(Instances!C12:Instances!C12)-MIN(Instances!C12:Instances!C12))} -> 0 | D12: {=_xlfn.SWITCH($A$2,"average", AVERAGE(Instances!D12:Instances!D12),"median", MEDIAN(Instances!D12:Instances!D12),"min", MIN(Instances!D12:Instances!D12),"max", MAX(Instances!D12:Instances!D12),"diff", MAX(Instances!D12:Instances!D12)-MIN(Instances!D12:Instances!D12))} -> 0 | E12: {=_xlfn.SWITCH($A$2,"average", AVERAGE(Instances!E12:Instances!E12),"median", MEDIAN(Instances!E12:Instances!E12),"min", MIN(Instances!E12:Instances!E12),"max", MAX(Instances!E12:Instances!E12),"diff", MAX(Instances!E12:Instances!E12)-MIN(Instances!E12:Instances!E12))} -> 0 | F12: {=_xlfn.SWITCH($A$2,"average", AVERAGE(Instances!F12:Instances!F12),"median", MEDIAN(Instances!F12:Instances!F12),"min", MIN(Instances!F12:Instances!F12),"max", MAX(Instances!F12:Instances!F12),"diff", MAX(Instances!F12:Instances!F12)-MIN(Instances!F12:Instances!F12))} -> 0 | G12: {=_xlfn.SWITCH($A$2,"average", AVERAGE(Instances!G12:Instances!G12),"median", MEDIAN(Instances!G12:Instances!G12),"min", MIN(Instances!G12:Instances!G12),"max", MAX(Instances!G12:Instances!G12),"diff", MAX(Instances!G12:Instances!G12)-MIN(Instances!G12:Instances!G12))} -> 0 | H12: {=_xlfn.SWITCH($A$2,"average", AVERAGE(Instances!H12:Instances!H12),"median", MEDIAN(Instances!H12:Instances!H12),"min", MIN(Instances!H12:Instances!H12),"max", MAX(Instances!H12:Instances!H12),"diff", MAX(Instances!H12:Instances!H12)-MIN(Instances!H12:Instances!H12))} -> 0 | I12: {=_xlfn.SWITCH($A$2,"average", AVERAGE(Instances!I12:Instances!I12),"median", MEDIAN(Instances!I12:Instances!I12),"min", MIN(Instances!I12:Instances!I12),"max", MAX(Instances!I12:Instances!I12),"diff", MAX(Instances!I12:Instances!I12)-MIN(Instances!I12:Instances!I12))} -> 0 | ... K12: {=_xlfn.SWITCH($A$2,"average", AVERAGE(Instances!K12:Instances!K12),"median", MEDIAN(Instances!K12:Instances!K12),"min", MIN(Instances!K12:Instances!K12),"max", MAX(Instances!K12:Instances!K12),"diff", MAX(Instances!K12:Instances!K12)-MIN(Instances!K12:Instances!K12))} -> 0 | M12: {=_xlfn.SWITCH($A$2,"average", AVERAGE(Instances!M12:Instances!M12),"median", MEDIAN(Instances!M12:Instances!M12),"min", MIN(Instances!M12:Instances!M12),"max", MAX(Instances!M12:Instances!M12),"diff", MAX(Instances!M12:Instances!M12)-MIN(Instances!M12:Instances!M12))} -> 0 | N12: {=_xlfn.SWITCH($A$2,"average", AVERAGE(Instances!N12:Instances!N12),"median", MEDIAN(Instances!N12:Instances!N12),"min", MIN(Instances!N12:Instances!N12),"max", MAX(Instances!N12:Instances!N12),"diff", MAX(Instances!N12:Instances!N12)-MIN(Instances!N12:Instances!N12))} -> 0 | P12: {=_xlfn.SWITCH($A$2,"average", AVERAGE(Instances!P12:Instances!P12),"median", MEDIAN(Instances!P12:Instances!P12),"min", MIN(Instances!P12:Instances!P12),"max", MAX(Instances!P12:Instances!P12),"diff", MAX(Instances!P12:Instances!P12)-MIN(Instances!P12:Instances!P12))} -> 0 | Q12: {=_xlfn.SWITCH($A$2,"average", AVERAGE(Instances!Q12:Instances!Q12),"median", MEDIAN(Instances!Q12:Instances!Q12),"min", MIN(Instances!Q12:Instances!Q12),"max", MAX(Instances!Q12:Instances!Q12),"diff", MAX(Instances!Q12:Instances!Q12)-MIN(Instances!Q12:Instances!Q12))} -> 0 | R12: {=_xlfn.SWITCH($A$2,"average", AVERAGE(Instances!R12:Instances!R12),"median", MEDIAN(Instances!R12:Instances!R12),"min", MIN(Instances!R12:Instances!R12),"max", MAX(Instances!R12:Instances!R12),"diff", MAX(Instances!R12:Instances!R12)-MIN(Instances!R12:Instances!R12))} -> 0 | S12: =MIN($B12) -> 0 | T12: =MIN($C12) -> 0 | U12: =MIN($D12) -> 0 | V12: =MIN($E12) -> 0 | W12: =MIN($F12) -> 0 | X12: =MIN($G12) -> 0 | Y12: =MIN($H12) -> 0 | Z12: =MIN($I12) -> 0 | AA12: =MIN($J12) -> 0 | AB12: =MIN($K12) -> 0 | AC12: =MIN($M12) -> 0 | AD12: =MIN($N12) -> 0 | AE12: =MIN($P12) -> 0 | AF12: =MIN($Q12) -> 0 | AG12: =MIN($R12) -> 0 | AH12: =MEDIAN($B12) -> 0 | AI12: =MEDIAN($C12) -> 0 | AJ12: =MEDIAN($D12) -> 0 | AK12: =MEDIAN($E12) -> 0 | AL12: =MEDIAN($F12) -> 0 | AM12: =MEDIAN($G12) -> 0 | AN12: =MEDIAN($H12) -> 0 | AO12: =MEDIAN($I12) -> 0 | AP12: =MEDIAN($J12) -> 0 | AQ12: =MEDIAN($K12) -> 0 | AR12: =MEDIAN($M12) -> 0 | AS12: =MEDIAN($N12) -> 0 | AT12: =MEDIAN($P12) -> 0 | AU12: =MEDIAN($Q12) -> 0 | AV12: =MEDIAN($R12) -> 0 | AW12: =MAX($B12) -> 0 | AX12: =MAX($C12) -> 0 | AY12: =MAX($D12) -> 0 | AZ12: =MAX($E12) -> 0 | BA12: =MAX($F12) -> 0 | BB12: =MAX($G12) -> 0 | BC12: =MAX($H12) -> 0 | BD12: =MAX($I12) -> 0 | BE12: =MAX($J12) -> 0 | BF12: =MAX($K12) -> 0 | BG12: =MAX($M12) -> 0 | BH12: =MAX($N12) -> 0 | BI12: =MAX($P12) -> 0 | BJ12: =MAX($Q12) -> 0 | BK12: =MAX($R12) -> 0
A13: /Level_0 | B13: {=_xlfn.SWITCH($A$2,"average", AVERAGE(Instances!B13:Instances!B13),"median", MEDIAN(Instances!B13:Instances!B13),"min", MIN(Instances!B13:Instances!B13),"max", MAX(Instances!B13:Instances!B13),"diff", MAX(Instances!B13:Instances!B13)-MIN(Instances!B13:Instances!B13))} -> 0 | C13: {=_xlfn.SWITCH($A$2,"average", AVERAGE(Instances!C13:Instances!C13),"median", MEDIAN(Instances!C13:Instances!C13),"min", MIN(Instances!C13:Instances!C13),"max", MAX(Instances!C13:Instances!C13),"diff", MAX(Instances!C13:Instances!C13)-MIN(Instances!C13:Instances!C13))} -> 0 | D13: {=_xlfn.SWITCH($A$2,"average", AVERAGE(Instances!D13:Instances!D13),"median", MEDIAN(Instances!D13:Instances!D13),"min", MIN(Instances!D13:Instances!D13),"max", MAX(Instances!D13:Instances!D13),"diff", MAX(Instances!D13:Instances!D13)-MIN(Instances!D13:Instances!D13))} -> 0 | E13: {=_xlfn.SWITCH($A$2,"average", AVERAGE(Instances!E13:Instances!E13),"median", MEDIAN(Instances!E13:Instances!E13),"min", MIN(Instances!E13:Instances!E13),"max", MAX(Instances!E13:Instances!E13),"diff", MAX(Instances!E13:Instances!E13)-MIN(Instances!E13:Instances!E13))} -> 0 | F13: {=_xlfn.SWITCH($A$2,"average", AVERAGE(Instances!F13:Instances!F13),"median", MEDIAN(Instances!F13:Instances!F13),"min", MIN(Instances!F13:Instances!F13),"max", MAX(Instances!F13:Instances!F13),"diff", MAX(Instances!F13:Instances!F13)-MIN(Instances!F13:Instances!F13))} -> 0 | G13: {=_xlfn.SWITCH($A$2,"average", AVERAGE(Instances!G13:Instances!G13),"median", MEDIAN(Instances!G13:Instances!G13),"min", MIN(Instances!G13:Instances!G13),"max", MAX(Instances!G13:Instances!G13),"diff", MAX(Instances!G13:Instances!G13)-MIN(Instances!G13:Instances!G13))} -> 0 | H13: {=_xlfn.SWITCH($A$2,"average", AVERAGE(Instances!H13:Instances!H13),"median", MEDIAN(Instances!H13:Instances!H13),"min", MIN(Instances!H13:Instances!H13),"max", MAX(Instances!H13:Instances!H13),"diff", MAX(Instances!H13:Instances!H13)-MIN(Instances!H13:Instances!H13))} -> 0 | I13: {=_xlfn.SWITCH($A$2,"average", AVERAGE(Instances!I13:Instances!I13),"median", MEDIAN(Instances!I13:Instances!I13),"min", MIN(Instances!I13:Instances!I13),"max", MAX(Instances!I13:Instances!I13),"diff", MAX(Instances!I13:Instances!I13)-MIN(Instances!I13:Instances!I13))} -> 0 | ... K13: {=_xlfn.SWITCH($A$2,"average", AVERAGE(Instances!K13:Instances!K13),"median", MEDIAN(Instances!K13:Instances!K13),"min", MIN(Instances!K13:Instances!K13),"max", MAX(Instances!K13:Instances!K13),"diff", MAX(Instances!K13:Instances!K13)-MIN(Instances!K13:Instances!K13))} -> 0 | M13: {=_xlfn.SWITCH($A$2,"average", AVERAGE(Instances!M13:Instances!M13),"median", MEDIAN(Instances!M13:Instances!M13),"min", MIN(Instances!M13:Instances!M13),"max", MAX(Instances!M13:Instances!M13),"diff", MAX(Instances!M13:Instances!M13)-MIN(Instances!M13:Instances!M13))} -> 0 | N13: {=_xlfn.SWITCH($A$2,"average", AVERAGE(Instances!N13:Instances!N13),"median", MEDIAN(Instances!N13:Instances!N13),"min", MIN(Instances!N13:Instances!N13),"max", MAX(Instances!N13:Instances!N13),"diff", MAX(Instances!N13:Instances!N13)-MIN(Instances!N13:Instances!N13))} -> 0 | P13: {=_xlfn.SWITCH($A$2,"average", AVERAGE(Instances!P13:Instances!P13),"median", MEDIAN(Instances!P13:Instances!P13),"min", MIN(Instances!P13:Instances!P13),"max", MAX(Instances!P13:Instances!P13),"diff", MAX(Instances!P13:Instances!P13)-MIN(Instances!P13:Instances!P13))} -> 0 | Q13: {=_xlfn.SWITCH($A$2,"average", AVERAGE(Instances!Q13:Instances!Q13),"median", MEDIAN(Instances!Q13:Instances!Q13),"min", MIN(Instances!Q13:Instances!Q13),"max", MAX(Instances!Q13:Instances!Q13),"diff", MAX(Instances!Q13:Instances!Q13)-MIN(Instances!Q13:Instances!Q13))} -> 0 | R13: {=_xlfn.SWITCH($A$2,"average", AVERAGE(Instances!R13:Instances!R13),"median", MEDIAN(Instances!R13:Instances!R13),"min", MIN(Instances!R13:Instances!R13),"max", MAX(Instances!R13:Instances!R13),"diff", MAX(Instances!R13:Instances!R13)-MIN(Instances!R13:Instances!R13))} -> 0 | S13: =MIN($B13) -> 0 | T13: =MIN($C13) -> 0 | U13: =MIN($D13) -> 0 | V13: =MIN($E13) -> 0 | W13: =MIN($F13) -> 0 | X13: =MIN($G13) -> 0 | Y13: =MIN($H13) -> 0 | Z13: =MIN($I13) -> 0 | AA13: =MIN($J13) -> 0 | AB13: =MIN($K13) -> 0 | AC13: =MIN($M13) -> 0 | AD13: =MIN($N13) -> 0 | AE13: =MIN($P13) -> 0 | AF13: =MIN($Q13) -> 0 | AG13: =MIN($R13) -> 0 | AH13: =MEDIAN($B13) -> 0 | AI13: =MEDIAN($C13) -> 0 | AJ13: =MEDIAN($D13) -> 0 | AK13: =MEDIAN($E13) -> 0 | AL13: =MEDIAN($F13) -> 0 | AM13: =MEDIAN($G13) -> 0 | AN13: =MEDIAN($H13) -> 0 | AO13: =MEDIAN($I13) -> 0 | AP13: =MEDIAN($J13) -> 0 | AQ13: =MEDIAN($K13) -> 0 | AR13: =MEDIAN($M13) -> 0 | AS13: =MEDIAN($N13) -> 0 | AT13: =MEDIAN($P13) -> 0 | AU13: =MEDIAN($Q13) -> 0 | AV13: =MEDIAN($R13) -> 0 | AW13: =MAX($B13) -> 0 | AX13: =MAX($C13) -> 0 | AY13: =MAX($D13) -> 0 | AZ13: =MAX($E13) -> 0 | BA13: =MAX($F13) -> 0 | BB13: =MAX($G13) -> 0 | BC13: =MAX($H13) -> 0 | BD13: =MAX($I13) -> 0 | BE13: =MAX($J13) -> 0 | BF13: =MAX($K13) -> 0 | BG13: =MAX($M13) -> 0 | BH13: =MAX($N13) -> 0 | BI13: =MAX($P13) -> 0 | BJ13: =MAX($Q13) -> 0 | BK13: =MAX($R13) -> 0
A14: /Level_1 | B14: {=_xlfn.SWITCH($A$2,"average", AVERAGE(Instances!B14:Instances!B14),"median", MEDIAN(Instances!B14:Instances!B14),"min", MIN(Instances!B14:Instances!B14),"max", MAX(Instances!B14:Instances!B14),"diff", MAX(Instances!B14:Instances!B14)-MIN(Instances!B14:Instances!B14))} -> 0 | C14: {=_xlfn.SWITCH($A$2,"average", AVERAGE(Instances!C14:Instances!C14),"median", MEDIAN(Instances!C14:Instances!C14),"min", MIN(Instances!C14:Instances!C14),"max", MAX(Instances!C14:Instances!C14),"diff", MAX(Instances!C14:Instances!C14)-MIN(Instances!C14:Instances!C14))} -> 0 | D14: {=_xlfn.SWITCH($A$2,"average", AVERAGE(Instances!D14:Instances!D14),"median", MEDIAN(Instances!D14:Instances!D14),"min", MIN(Instances!D14:Instances!D14),"max", MAX(Instances!D14:Instances!D14),"diff", MAX(Instances!D14:Instances!D14)-MIN(Instances!D14:Instances!D14))} -> 0 | E14: {=_xlfn.SWITCH($A$2,"average", AVERAGE(Instances!E14:Instances!E14),"median", MEDIAN(Instances!E14:Instances!E14),"min", MIN(Instances!E14:Instances!E14),"max", MAX(Instances!E14:Instances!E14),"diff", MAX(Instances!E14:Instances!E14)-MIN(Instances!E14:Instances!E14))} -> 0 | F14: {=_xlfn.SWITCH($A$2,"average", AVERAGE(Instances!F14:Instances!F14),"median", MEDIAN(Instances!F14:Instances!F14),"min", MIN(Instances!F14:Instances!F14),"max", MAX(Instances!F14:Instances!F14),"diff", MAX(Instances!F14:Instances!F14)-MIN(Instances!F14:Instances!F14))} -> 0 | G14: {=_xlfn.SWITCH($A$2,"average", AVERAGE(Instances!G14:Instances!G14),"median", MEDIAN(Instances!G14:Instances!G14),"min", MIN(Instances!G14:Instances!G14),"max", MAX(Instances!G14:Instances!G14),"diff", MAX(Instances!G14:Instances!G14)-MIN(Instances!G14:Instances!G14))} -> 0 | H14: {=_xlfn.SWITCH($A$2,"average", AVERAGE(Instances!H14:Instances!H14),"median", MEDIAN(Instances!H14:Instances!H14),"min", MIN(Instances!H14:Instances!H14),"max", MAX(Instances!H14:Instances!H14),"diff", MAX(Instances!H14:Instances!H14)-MIN(Instances!H14:Instances!H14))} -> 0 | I14: {=_xlfn.SWITCH($A$2,"average", AVERAGE(Instances!I14:Instances!I14),"median", MEDIAN(Instances!I14:Instances!I14),"min", MIN(Instances!I14:Instances!I14),"max", MAX(Instances!I14:Instances!I14),"diff", MAX(Instances!I14:Instances!I14)-MIN(Instances!I14:Instances!I14))} -> 0 | ... K14: {=_xlfn.SWITCH($A$2,"average", AVERAGE(Instances!K14:Instances!K14),"median", MEDIAN(Instances!K14:Instances!K14),"min", MIN(Instances!K14:Instances!K14),"max", MAX(Instances!K14:Instances!K14),"diff", MAX(Instances!K14:Instances!K14)-MIN(Instances!K14:Instances!K14))} -> 0 | M14: {=_xlfn.SWITCH($A$2,"average", AVERAGE(Instances!M14:Instances!M14),"median", MEDIAN(Instances!M14:Instances!M14),"min", MIN(Instances!M14:Instances!M14),"max", MAX(Instances!M14:Instances!M14),"diff", MAX(Instances!M14:Instances!M14)-MIN(Instances!M14:Instances!M14))} -> 0 | N14: {=_xlfn.SWITCH($A$2,"average", AVERAGE(Instances!N14:Instances!N14),"median", MEDIAN(Instances!N14:Instances!N14),"min", MIN(Instances!N14:Instances!N14),"max", MAX(Instances!N14:Instances!N14),"diff", MAX(Instances!N14:Instances!N14)-MIN(Instances!N14:Instances!N14))} -> 0 | P14: {=_xlfn.SWITCH($A$2,"average", AVERAGE(Instances!P14:Instances!P14),"median", MEDIAN(Instances!P14:Instances!P14),"min", MIN(Instances!P14:Instances!P14),"max", MAX(Instances!P14:Instances!P14),"diff", MAX(Instances!P14:Instances!P14)-MIN(Instances!P14:Instances!P14))} -> 0 | Q14: {=_xlfn.SWITCH($A$2,"average", AVERAGE(Instances!Q14:Instances!Q14),"median", MEDIAN(Instances!Q14:Instances!Q14),"min", MIN(Instances!Q14:Instances!Q14),"max", MAX(Instances!Q14:Instances!Q14),"diff", MAX(Instances!Q14:Instances!Q14)-MIN(Instances!Q14:Instances!Q14))} -> 0 | R14: {=_xlfn.SWITCH($A$2,"average", AVERAGE(Instances!R14:Instances!R14),"median", MEDIAN(Instances!R14:Instances!R14),"min", MIN(Instances!R14:Instances!R14),"max", MAX(Instances!R14:Instances!R14),"diff", MAX(Instances!R14:Instances!R14)-MIN(Instances!R14:Instances!R14))} -> 0 | S14: =MIN($B14) -> 0 | T14: =MIN($C14) -> 0 | U14: =MIN($D14) -> 0 | V14: =MIN($E14) -> 0 | W14: =MIN($F14) -> 0 | X14: =MIN($G14) -> 0 | Y14: =MIN($H14) -> 0 | Z14: =MIN($I14) -> 0 | AA14: =MIN($J14) -> 0 | AB14: =MIN($K14) -> 0 | AC14: =MIN($M14) -> 0 | AD14: =MIN($N14) -> 0 | AE14: =MIN($P14) -> 0 | AF14: =MIN($Q14) -> 0 | AG14: =MIN($R14) -> 0 | AH14: =MEDIAN($B14) -> 0 | AI14: =MEDIAN($C14) -> 0 | AJ14: =MEDIAN($D14) -> 0 | AK14: =MEDIAN($E14) -> 0 | AL14: =MEDIAN($F14) -> 0 | AM14: =MEDIAN($G14) -> 0 | AN14: =MEDIAN($H14) -> 0 | AO14: =MEDIAN($I14) -> 0 | AP14: =MEDIAN($J14) -> 0 | AQ14: =MEDIAN($K14) -> 0 | AR14: =MEDIAN($M14) -> 0 | AS14: =MEDIAN($N14) -> 0 | AT14: =MEDIAN($P14) -> 0 | AU14: =MEDIAN($Q14) -> 0 | AV14: =MEDIAN($R14) -> 0 | AW14: =MAX($B14) -> 0 | AX14: =MAX($C14) -> 0 | AY14: =MAX($D14) -> 0 | AZ14: =MAX($E14) -> 0 | BA14: =MAX($F14) -> 0 | BB14: =MAX($G14) -> 0 | BC14: =MAX($H14) -> 0 | BD14: =MAX($I14) -> 0 | BE14: =MAX($J14) -> 0 | BF14: =MAX($K14) -> 0 | BG14: =MAX($M14) -> 0 | BH14: =MAX($N14) -> 0 | BI14: =MAX($P14) -> 0 | BJ14: =MAX($Q14) -> 0 | BK14: =MAX($R14) -> 0
... A32: /Level_9 | B32: {=_xlfn.SWITCH($A$2,"average", AVERAGE(Instances!B32:Instances!B32),"median", MEDIAN(Instances!B32:Instances!B32),"min", MIN(Instances!B32:Instances!B32),"max", MAX(Instances!B32:Instances!B32),"diff", MAX(Instances!B32:Instances!B32)-MIN(Instances!B32:Instances!B32))} -> 0 | C32: {=_xlfn.SWITCH($A$2,"average", AVERAGE(Instances!C32:Instances!C32),"median", MEDIAN(Instances!C32:Instances!C32),"min", MIN(Instances!C32:Instances!C32),"max", MAX(Instances!C32:Instances!C32),"diff", MAX(Instances!C32:Instances!C32)-MIN(Instances!C32:Instances!C32))} -> 0 | D32: {=_xlfn.SWITCH($A$2,"average", AVERAGE(Instances!D32:Instances!D32),"median", MEDIAN(Instances!D32:Instances!D32),"min", MIN(Instances!D32:Instances!D32),"max", MAX(Instances!D32:Instances!D32),"diff", MAX(Instances!D32:Instances!D32)-MIN(Instances!D32:Instances!D32))} -> 0 | E32: {=_xlfn.SWITCH($A$2,"average", AVERAGE(Instances!E32:Instances!E32),"median", MEDIAN(Instances!E32:Instances!E32),"min", MIN(Instances!E32:Instances!E32),"max", MAX(Instances!E32:Instances!E32),"diff", MAX(Instances!E32:Instances!E32)-MIN(Instances!E32:Instances!E32))} -> 0 | F32: {=_xlfn.SWITCH($A$2,"average", AVERAGE(Instances!F32:Instances!F32),"median", MEDIAN(Instances!F32:Instances!F32),"min", MIN(Instances!F32:Instances!F32),"max", MAX(Instances!F32:Instances!F32),"diff", MAX(Instances!F32:Instances!F32)-MIN(Instances!F32:Instances!F32))} -> 0 | G32: {=_xlfn.SWITCH($A$2,"average", AVERAGE(Instances!G32:Instances!G32),"median", MEDIAN(Instances!G32:Instances!G32),"min", MIN(Instances!G32:Instances!G32),"max", MAX(Instances!G32:Instances!G32),"diff", MAX(Instances!G32:Instances!G32)-MIN(Instances!G32:Instances!G32))} -> 0 | H32: {=_xlfn.SWITCH($A$2,"average", AVERAGE(Instances!H32:Instances!H32),"median", MEDIAN(Instances!H32:Instances!H32),"min", MIN(Instances!H32:Instances!H32),"max", MAX(Instances!H32:Instances!H32),"diff", MAX(Instances!H32:Instances!H32)-MIN(Instances!H32:Instances!H32))} -> 0 | I32: {=_xlfn.SWITCH($A$2,"average", AVERAGE(Instances!I32:Instances!I32),"median", MEDIAN(Instances!I32:Instances!I32),"min", MIN(Instances!I32:Instances!I32),"max", MAX(Instances!I32:Instances!I32),"diff", MAX(Instances!I32:Instances!I32)-MIN(Instances!I32:Instances!I32))} -> 0 | ... K32: {=_xlfn.SWITCH($A$2,"average", AVERAGE(Instances!K32:Instances!K32),"median", MEDIAN(Instances!K32:Instances!K32),"min", MIN(Instances!K32:Instances!K32),"max", MAX(Instances!K32:Instances!K32),"diff", MAX(Instances!K32:Instances!K32)-MIN(Instances!K32:Instances!K32))} -> 0 | M32: {=_xlfn.SWITCH($A$2,"average", AVERAGE(Instances!M32:Instances!M32),"median", MEDIAN(Instances!M32:Instances!M32),"min", MIN(Instances!M32:Instances!M32),"max", MAX(Instances!M32:Instances!M32),"diff", MAX(Instances!M32:Instances!M32)-MIN(Instances!M32:Instances!M32))} -> 0 | N32: {=_xlfn.SWITCH($A$2,"average", AVERAGE(Instances!N32:Instances!N32),"median", MEDIAN(Instances!N32:Instances!N32),"min", MIN(Instances!N32:Instances!N32),"max", MAX(Instances!N32:Instances!N32),"diff", MAX(Instances!N32:Instances!N32)-MIN(Instances!N32:Instances!N32))} -> 0 | P32: {=_xlfn.SWITCH($A$2,"average", AVERAGE(Instances!P32:Instances!P32),"median", MEDIAN(Instances!P32:Instances!P32),"min", MIN(Instances!P32:Instances!P32),"max", MAX(Instances!P32:Instances!P32),"diff", MAX(Instances!P32:Instances!P32)-MIN(Instances!P32:Instances!P32))} -> 0 | Q32: {=_xlfn.SWITCH($A$2,"average", AVERAGE(Instances!Q32:Instances!Q32),"median", MEDIAN(Instances!Q32:Instances!Q32),"min", MIN(Instances!Q32:Instances!Q32),"max", MAX(Instances!Q32:Instances!Q32),"diff", MAX(Instances!Q32:Instances!Q32)-MIN(Instances!Q32:Instances!Q32))} -> 0 | R32: {=_xlfn.SWITCH($A$2,"average", AVERAGE(Instances!R32:Instances!R32),"median", MEDIAN(Instances!R32:Instances!R32),"min", MIN(Instances!R32:Instances!R32),"max", MAX(Instances!R32:Instances!R32),"diff", MAX(Instances!R32:Instances!R32)-MIN(Instances!R32:Instances!R32))} -> 0 | S32: =MIN($B32) -> 0 | T32: =MIN($C32) -> 0 | U32: =MIN($D32) -> 0 | V32: =MIN($E32) -> 0 | W32: =MIN($F32) -> 0 | X32: =MIN($G32) -> 0 | Y32: =MIN($H32) -> 0 | Z32: =MIN($I32) -> 0 | AA32: =MIN($J32) -> 0 | AB32: =MIN($K32) -> 0 | AC32: =MIN($M32) -> 0 | AD32: =MIN($N32) -> 0 | AE32: =MIN($P32) -> 0 | AF32: =MIN($Q32) -> 0 | AG32: =MIN($R32) -> 0 | AH32: =MEDIAN($B32) -> 0 | AI32: =MEDIAN($C32) -> 0 | AJ32: =MEDIAN($D32) -> 0 | AK32: =MEDIAN($E32) -> 0 | AL32: =MEDIAN($F32) -> 0 | AM32: =MEDIAN($G32) -> 0 | AN32: =MEDIAN($H32) -> 0 | AO32: =MEDIAN($I32) -> 0 | AP32: =MEDIAN($J32) -> 0 | AQ32: =MEDIAN($K32) -> 0 | AR32: =MEDIAN($M32) -> 0 | AS32: =MEDIAN($N32) -> 0 | AT32: =MEDIAN($P32) -> 0 | AU32: =MEDIAN($Q32) -> 0 | AV32: =MEDIAN($R32) -> 0 | AW32: =MAX($B32) -> 0 | AX32: =MAX($C32) -> 0 | AY32: =MAX($D32) -> 0 | AZ32: =MAX($E32) -> 0 | BA32: =MAX($F32) -> 0 | BB32: =MAX($G32) -> 0 | BC32: =MAX($H32) -> 0 | BD32: =MAX($I32) -> 0 | BE32: =MAX($J32) -> 0 | BF32: =MAX($K32) -> 0 | BG32: =MAX($M32) -> 0 | BH32: =MAX($N32) -> 0 | BI32: =MAX($P32) -> 0 | BJ32: =MAX($Q32) -> 0 | BK32: =MAX($R32) -> 0
A34: SUM | B34: =SUM(B$3:B$32) -> 0 | C34: =SUM(C$3:C$32) -> 0 | D34: =SUM(D$3:D$32) -> 0 | E34: =SUM(E$3:E$32) -> 0 | F34: =SUM(F$3:F$32) -> 0 | G34: =SUM(G$3:G$32) -> 0 | H34: =SUM(H$3:H$32) -> 0 | I34: =SUM(I$3:I$32) -> 0 | ... K34: =SUM(K$3:K$32) -> 0 | M34: =SUM(M$3:M$32) -> 0 | N34: =SUM(N$3:N$32) -> 0 | P34: =SUM(P$3:P$32) -> 0 | Q34: =SUM(Q$3:Q$32) -> 0 | R34: =SUM(R$3:R$32) -> 0 | S34: =SUM(S$3:S$32) -> 0 | T34: =SUM(T$3:T$32) -> 0 | U34: =SUM(U$3:U$32) -> 0 | V34: =SUM(V$3:V$32) -> 0 | W34: =SUM(W$3:W$32) -> 0 | ... BK34: =SUM(BK$3:BK$32) -> 0
A35: AVG | B35: =AVERAGE(B$3:B$32) -> 0 | C35: =AVERAGE(C$3:C$32) -> 0 | D35: =AVERAGE(D$3:D$32) -> 0 | E35: =AVERAGE(E$3:E$32) -> 0 | F35: =AVERAGE(F$3:F$32) -> 0 | G35: =AVERAGE(G$3:G$32) -> 0 | H35: =AVERAGE(H$3:H$32) -> 0 | I35: =AVERAGE(I$3:I$32) -> 0 | ... K35: =AVERAGE(K$3:K$32) -> 0 | M35: =AVERAGE(M$3:M$32) -> 0 | N35: =AVERAGE(N$3:N$32) -> 0 | P35: =AVERAGE(P$3:P$32) -> 0 | Q35: =AVERAGE(Q$3:Q$32) -> 0 | R35: =AVERAGE(R$3:R$32) -> 0 | S35: =AVERAGE(S$3:S$32) -> 0 | T35: =AVERAGE(T$3:T$32) -> 0 | U35: =AVERAGE(U$3:U$32) -> 0 | V35: =AVERAGE(V$3:V$32) -> 0 | W35: =AVERAGE(W$3:W$32) -> 0 | ... BK35: =AVERAGE(BK$3:BK$32) -> 0
A36: DEV | B36: =STDEV(B$3:B$32) -> 0 | C36: =STDEV(C$3:C$32) -> 0 | D36: =STDEV(D$3:D$32) -> 0 | E36: =STDEV(E$3:E$32) -> 0 | F36: =STDEV(F$3:F$32) -> 0 | G36: =STDEV(G$3:G$32) -> 0 | H36: =STDEV(H$3:H$32) -> 0 | I36: =STDEV(I$3:I$32) -> 0 | ... K36: =STDEV(K$3:K$32) -> 0 | M36: =STDEV(M$3:M$32) -> 0 | N36: =STDEV(N$3:N$32) -> 0 | P36: =STDEV(P$3:P$32) -> 0 | Q36: =STDEV(Q$3:Q$32) -> 0 | R36: =STDEV(R$3:R$32) -> 0 | S36: =STDEV(S$3:S$32) -> 0 | T36: =STDEV(T$3:T$32) -> 0 | U36: =STDEV(U$3:U$32) -> 0 | V36: =STDEV(V$3:V$32) -> 0 | W36: =STDEV(W$3:W$32) -> 0 | ... BK36: =STDEV(BK$3:BK$32) -> 0
A37: DST | B37: =SUMPRODUCT(--(B$3:B$32-$S$3:$S$32)^2)^0.5 -> 0 | C37: =SUMPRODUCT(--(C$3:C$32-$T$3:$T$32)^2)^0.5 -> 0 | D37: =SUMPRODUCT(--(D$3:D$32-$U$3:$U$32)^2)^0.5 -> 0 | E37: =SUMPRODUCT(--(E$3:E$32-$V$3:$V$32)^2)^0.5 -> 0 | F37: =SUMPRODUCT(--(F$3:F$32-$W$3:$W$32)^2)^0.5 -> 0 | G37: =SUMPRODUCT(--(G$3:G$32-$X$3:$X$32)^2)^0.5 -> 0 | H37: =SUMPRODUCT(--(H$3:H$32-$Y$3:$Y$32)^2)^0.5 -> 0 | I37: =SUMPRODUCT(--(I$3:I$32-$Z$3:$Z$32)^2)^0.5 -> 0 | J37: =SUMPRODUCT(--(J$3:J$32-$AA$3:$AA$32)^2)^0.5 -> 0 | K37: =SUMPRODUCT(--(K$3:K$32-$AB$3:$AB$32)^2)^0.5 -> 0 | M37: =SUMPRODUCT(--(M$3:M$32-$AC$3:$AC$32)^2)^0.5 -> 0 | N37: =SUMPRODUCT(--(N$3:N$32-$AD$3:$AD$32)^2)^0.5 -> 0 | P37: =SUMPRODUCT(--(P$3:P$32-$AE$3:$AE$32)^2)^0.5 -> 0 | Q37: =SUMPRODUCT(--(Q$3:Q$32-$AF$3:$AF$32)^2)^0.5 -> 0 | R37: =SUMPRODUCT(--(R$3:R$32-$AG$3:$AG$32)^2)^0.5 -> 0
A38: BEST | B38: =SUMPRODUCT(NOT(ISBLANK(B$3:B$32))*(B$3:B$32=$S$3:$S$32)) -> 0 | C38: =SUMPRODUCT(NOT(ISBLANK(C$3:C$32))*(C$3:C$32=$T$3:$T$32)) -> 0 | D38: =SUMPRODUCT(NOT(ISBLANK(D$3:D$32))*(D$3:D$32=$U$3:$U$32)) -> 0 | E38: =SUMPRODUCT(NOT(ISBLANK(E$3:E$32))*(E$3:E$32=$V$3:$V$32)) -> 0 | F38: =SUMPRODUCT(NOT(ISBLANK(F$3:F$32))*(F$3:F$32=$W$3:$W$32)) -> 0 | G38: =SUMPRODUCT(NOT(ISBLANK(G$3:G$32))*(G$3:G$32=$X$3:$X$32)) -> 0 | H38: =SUMPRODUCT(NOT(ISBLANK(H$3:H$32))*(H$3:H$32=$Y$3:$Y$32)) -> 0 | I38: =SUMPRODUCT(NOT(ISBLANK(I$3:I$32))*(I$3:I$32=$Z$3:$Z$32)) -> 0 | J38: =SUMPRODUCT(NOT(ISBLANK(J$3:J$32))*(J$3:J$32=$AA$3:$AA$32)) -> 0 | K38: =SUMPRODUCT(NOT(ISBLANK(K$3:K$32))*(K$3:K$32=$AB$3:$AB$32)) -> 0 | M38: =SUMPRODUCT(NOT(ISBLANK(M$3:M$32))*(M$3:M$32=$AC$3:$AC$32)) -> 0 | N38: =SUMPRODUCT(NOT(ISBLANK(N$3:N$32))*(N$3:N$32=$AD$3:$AD$32)) -> 0 | P38: =SUMPRODUCT(NOT(ISBLANK(P$3:P$32))*(P$3:P$32=$AE$3:$AE$32)) -> 0 | Q38: =SUMPRODUCT(NOT(ISBLANK(Q$3:Q$32))*(Q$3:Q$32=$AF$3:$AF$32)) -> 0 | R38: =SUMPRODUCT(NOT(ISBLANK(R$3:R$32))*(R$3:R$32=$AG$3:$AG$32)) -> 0
A39: BETTER | B39: =SUMPRODUCT(NOT(ISBLANK(B$3:B$32))*(B$3:B$32<$AH$3:$AH$32)) -> 0 | C39: =SUMPRODUCT(NOT(ISBLANK(C$3:C$32))*(C$3:C$32<$AI$3:$AI$32)) -> 0 | D39: =SUMPRODUCT(NOT(ISBLANK(D$3:D$32))*(D$3:D$32<$AJ$3:$AJ$32)) -> 0 | E39: =SUMPRODUCT(NOT(ISBLANK(E$3:E$32))*(E$3:E$32<$AK$3:$AK$32)) -> 0 | F39: =SUMPRODUCT(NOT(ISBLANK(F$3:F$32))*(F$3:F$32<$AL$3:$AL$32)) -> 0 | G39: =SUMPRODUCT(NOT(ISBLANK(G$3:G$32))*(G$3:G$32<$AM$3:$AM$32)) -> 0 | H39: =SUMPRODUCT(NOT(ISBLANK(H$3:H$32))*(H$3:H$32<$AN$3:$AN$32)) -> 0 | I39: =SUMPRODUCT(NOT(ISBLANK(I$3:I$32))*(I$3:I$32<$AO$3:$AO$32)) -> 0 | J39: =SUMPRODUCT(NOT(ISBLANK(J$3:J$32))*(J$3:J$32<$AP$3:$AP$32)) -> 0 | K39: =SUMPRODUCT(NOT(ISBLANK(K$3:K$32))*(K$3:K$32<$AQ$3:$AQ$32)) -> 0 | M39: =SUMPRODUCT(NOT(ISBLANK(M$3:M$32))*(M$3:M$32<$AR$3:$AR$32)) -> 0 | N39: =SUMPRODUCT(NOT(ISBLANK(N$3:N$32))*(N$3:N$32<$AS$3:$AS$32)) -> 0 | P39: =SUMPRODUCT(NOT(ISBLANK(P$3:P$32))*(P$3:P$32<$AT$3:$AT$32)) -> 0 | Q39: =SUMPRODUCT(NOT(ISBLANK(Q$3:Q$32))*(Q$3:Q$32<$AU$3:$AU$32)) -> 0 | R39: =SUMPRODUCT(NOT(ISBLANK(R$3:R$32))*(R$3:R$32<$AV$3:$AV$32)) -> 0
A40: WORSE | B40: =SUMPRODUCT((NOT(ISBLANK(B$3:B$32))*(B$3:B$32>$AH$3:$AH$32))+ISBLANK(B$3:B$32)) -> 0 | C40: =SUMPRODUCT((NOT(ISBLANK(C$3:C$32))*(C$3:C$32>$AI$3:$AI$32))+ISBLANK(C$3:C$32)) -> 0 | D40: =SUMPRODUCT((NOT(ISBLANK(D$3:D$32))*(D$3:D$32>$AJ$3:$AJ$32))+ISBLANK(D$3:D$32)) -> 0 | E40: =SUMPRODUCT((NOT(ISBLANK(E$3:E$32))*(E$3:E$32>$AK$3:$AK$32))+ISBLANK(E$3:E$32)) -> 0 | F40: =SUMPRODUCT((NOT(ISBLANK(F$3:F$32))*(F$3:F$32>$AL$3:$AL$32))+ISBLANK(F$3:F$32)) -> 0 | G40: =SUMPRODUCT((NOT(ISBLANK(G$3:G$32))*(G$3:G$32>$AM$3:$AM$32))+ISBLANK(G$3:G$32)) -> 0 | H40: =SUMPRODUCT((NOT(ISBLANK(H$3:H$32))*(H$3:H$32>$AN$3:$AN$32))+ISBLANK(H$3:H$32)) -> 0 | I40: =SUMPRODUCT((NOT(ISBLANK(I$3:I$32))*(I$3:I$32>$AO$3:$AO$32))+ISBLANK(I$3:I$32)) -> 0 | J40: =SUMPRODUCT((NOT(ISBLANK(J$3:J$32))*(J$3:J$32>$AP$3:$AP$32))+ISBLANK(J$3:J$32)) -> 0 | K40: =SUMPRODUCT((NOT(ISBLANK(K$3:K$32))*(K$3:K$32>$AQ$3:$AQ$32))+ISBLANK(K$3:K$32)) -> 0 | M40: =SUMPRODUCT((NOT(ISBLANK(M$3:M$32))*(M$3:M$32>$AR$3:$AR$32))+ISBLANK(M$3:M$32)) -> 0 | N40: =SUMPRODUCT((NOT(ISBLANK(N$3:N$32))*(N$3:N$32>$AS$3:$AS$32))+ISBLANK(N$3:N$32)) -> 0 | P40: =SUMPRODUCT((NOT(ISBLANK(P$3:P$32))*(P$3:P$32>$AT$3:$AT$32))+ISBLANK(P$3:P$32)) -> 0 | Q40: =SUMPRODUCT((NOT(ISBLANK(Q$3:Q$32))*(Q$3:Q$32>$AU$3:$AU$32))+ISBLANK(Q$3:Q$32)) -> 0 | R40: =SUMPRODUCT((NOT(ISBLANK(R$3:R$32))*(R$3:R$32>$AV$3:$AV$32))+ISBLANK(R$3:R$32)) -> 0
A41: WORST | B41: =SUMPRODUCT((NOT(ISBLANK(B$3:B$32))*(B$3:B$32=$AW$3:$AW$32))+ISBLANK(B$3:B$32)) -> 0 | C41: =SUMPRODUCT((NOT(ISBLANK(C$3:C$32))*(C$3:C$32=$AX$3:$AX$32))+ISBLANK(C$3:C$32)) -> 0 | D41: =SUMPRODUCT((NOT(ISBLANK(D$3:D$32))*(D$3:D$32=$AY$3:$AY$32))+ISBLANK(D$3:D$32)) -> 0 | E41: =SUMPRODUCT((NOT(ISBLANK(E$3:E$32))*(E$3:E$32=$AZ$3:$AZ$32))+ISBLANK(E$3:E$32)) -> 0 | F41: =SUMPRODUCT((NOT(ISBLANK(F$3:F$32))*(F$3:F$32=$BA$3:$BA$32))+ISBLANK(F$3:F$32)) -> 0 | G41: =SUMPRODUCT((NOT(ISBLANK(G$3:G$32))*(G$3:G$32=$BB$3:$BB$32))+ISBLANK(G$3:G$32)) -> 0 | H41: =SUMPRODUCT((NOT(ISBLANK(H$3:H$32))*(H$3:H$32=$BC$3:$BC$32))+ISBLANK(H$3:H$32)) -> 0 | I41: =SUMPRODUCT((NOT(ISBLANK(I$3:I$32))*(I$3:I$32=$BD$3:$BD$32))+ISBLANK(I$3:I$32)) -> 0 | J41: =SUMPRODUCT((NOT(ISBLANK(J$3:J$32))*(J$3:J$32=$BE$3:$BE$32))+ISBLANK(J$3:J$32)) -> 0 | K41: =SUMPRODUCT((NOT(ISBLANK(K$3:K$32))*(K$3:K$32=$BF$3:$BF$32))+ISBLANK(K$3:K$32)) -> 0 | M41: =SUMPRODUCT((NOT(ISBLANK(M$3:M$32))*(M$3:M$32=$BG$3:$BG$32))+ISBLANK(M$3:M$32)) -> 0 | N41: =SUMPRODUCT((NOT(ISBLANK(N$3:N$32))*(N$3:N$32=$BH$3:$BH$32))+ISBLANK(N$3:N$32)) -> 0 | P41: =SUMPRODUCT((NOT(ISBLANK(P$3:P$32))*(P$3:P$32=$BI$3:$BI$32))+ISBLANK(P$3:P$32)) -> 0 | Q41: =SUMPRODUCT((NOT(ISBLANK(Q$3:Q$32))*(Q$3:Q$32=$BJ$3:$BJ$32))+ISBLANK(Q$3:Q$32)) -> 0 | R41: =SUMPRODUCT((NOT(ISBLANK(R$3:R$32))*(R$3:R$32=$BK$3:$BK$32))+ISBLANK(R$3:R$32)) -> 0

Sheet Classes
B1: clingo-5.8.0/one-as | S1: min | AH1: median | AW1: max
B2: choices | C2: conflicts | D2: constraints | E2: error | F2: mem | G2: memout | H2: models | I2: overall-time | J2: par2 | K2: restarts | L2: rstatus | M2: rules | N2: solving-time | O2: status | P2: time | Q2: timeout | R2: variables | S2: choices | T2: conflicts | U2: constraints | V2: error | W2: mem | X2: memout | Y2: models | Z2: overall-time | AA2: par2 | AB2: restarts | AC2: rules | AD2: solving-time | AE2: time | AF2: timeout | AG2: variables | AH2: choices | AI2: conflicts | AJ2: constraints | AK2: error | AL2: mem | AM2: memout | AN2: models | AO2: overall-time | AP2: par2 | AQ2: restarts | AR2: rules | AS2: solving-time | AT2: time | AU2: timeout | AV2: variables | AW2: choices | AX2: conflicts | AY2: constraints | AZ2: error | BA2: mem | BB2: memout | BC2: models | BD2: overall-time | BE2: par2 | BF2: restarts | BG2: rules | BH2: solving-time | BI2: time | BJ2: timeout | BK2: variables
B3: =AVERAGE(Instances!B3:Instances!B12) -> 0 | C3: =AVERAGE(Instances!C3:Instances!C12) -> 0 | D3: =AVERAGE(Instances!D3:Instances!D12) -> 0 | E3: =AVERAGE(Instances!E3:Instances!E12) -> 0 | F3: =AVERAGE(Instances!F3:Instances!F12) -> 0 | G3: =AVERAGE(Instances!G3:Instances!G12) -> 0 | H3: =AVERAGE(Instances!H3:Instances!H12) -> 0 | I3: =AVERAGE(Instances!I3:Instances!I12) -> 0 | ... K3: =AVERAGE(Instances!K3:Instances!K12) -> 0 | M3: =AVERAGE(Instances!M3:Instances!M12) -> 0 | N3: =AVERAGE(Instances!N3:Instances!N12) -> 0 | P3: =AVERAGE(Instances!P3:Instances!P12) -> 0 | Q3: =SUM(Instances!Q3:Instances!Q12) -> 0 | R3: =AVERAGE(Instances!R3:Instances!R12) -> 0 | S3: =MIN($B3) -> 0 | T3: =MIN($C3) -> 0 | U3: =MIN($D3) -> 0 | V3: =MIN($E3) -> 0 | W3: =MIN($F3) -> 0 | X3: =MIN($G3) -> 0 | Y3: =MIN($H3) -> 0 | Z3: =MIN($I3) -> 0 | AA3: =MIN($J3) -> 0 | AB3: =MIN($K3) -> 0 | AC3: =MIN($M3) -> 0 | AD3: =MIN($N3) -> 0 | AE3: =MIN($P3) -> 0 | AF3: =MIN($Q3) -> 0 | AG3: =MIN($R3) -> 0 | AH3: =MEDIAN($B3) -> 0 | AI3: =MEDIAN($C3) -> 0 | AJ3: =MEDIAN($D3) -> 0 | AK3: =MEDIAN($E3) -> 0 | AL3: =MEDIAN($F3) -> 0 | AM3: =MEDIAN($G3) -> 0 | AN3: =MEDIAN($H3) -> 0 | AO3: =MEDIAN($I3) -> 0 | AP3: =MEDIAN($J3) -> 0 | AQ3: =MEDIAN($K3) -> 0 | AR3: =MEDIAN($M3) -> 0 | AS3: =MEDIAN($N3) -> 0 | AT3: =MEDIAN($P3) -> 0 | AU3: =MEDIAN($Q3) -> 0 | AV3: =MEDIAN($R3) -> 0 | AW3: =MAX($B3) -> 0 | AX3: =MAX($C3) -> 0 | AY3: =MAX($D3) -> 0 | AZ3: =MAX($E3) -> 0 | BA3: =MAX($F3) -> 0 | BB3: =MAX($G3) -> 0 | BC3: =MAX($H3) -> 0 | BD3: =MAX($I3) -> 0 | BE3: =MAX($J3) -> 0 | BF3: =MAX($K3) -> 0 | BG3: =MAX($M3) -> 0 | BH3: =MAX($N3) -> 0 | BI3: =MAX($P3) -> 0 | BJ3: =MAX($Q3) -> 0 | BK3: =MAX($R3) -> 0
B4: =AVERAGE(Instances!B13:Instances!B22) -> 0 | C4: =AVERAGE(Instances!C13:Instances!C22) -> 0 | D4: =AVERAGE(Instances!D13:Instances!D22) -> 0 | E4: =AVERAGE(Instances!E13:Instances!E22) -> 0 | F4: =AVERAGE(Instances!F13:Instances!F22) -> 0 | G4: =AVERAGE(Instances!G13:Instances!G22) -> 0 | H4: =AVERAGE(Instances!H13:Instances!H22) -> 0 | I4: =AVERAGE(Instances!I13:Instances!I22) -> 0 | ... K4: =AVERAGE(Instances!K13:Instances!K22) -> 0 | M4: =AVERAGE(Instances!M13:Instances!M22) -> 0 | N4: =AVERAGE(Instances!N13:Instances!N22) -> 0 | P4: =AVERAGE(Instances!P13:Instances!P22) -> 0 | Q4: =SUM(Instances!Q13:Instances!Q22) -> 0 | R4: =AVERAGE(Instances!R13:Instances!R22) -> 0 | S4: =MIN($B4) -> 0 | T4: =MIN($C4) -> 0 | U4: =MIN($D4) -> 0 | V4: =MIN($E4) -> 0 | W4: =MIN($F4) -> 0 | X4: =MIN($G4) -> 0 | Y4: =MIN($H4) -> 0 | Z4: =MIN($I4) -> 0 | AA4: =MIN($J4) -> 0 | AB4: =MIN($K4) -> 0 | AC4: =MIN($M4) -> 0 | AD4: =MIN($N4) -> 0 | AE4: =MIN($P4) -> 0 | AF4: =MIN($Q4) -> 0 | AG4: =MIN($R4) -> 0 | AH4: =MEDIAN($B4) -> 0 | AI4: =MEDIAN($C4) -> 0 | AJ4: =MEDIAN($D4) -> 0 | AK4: =MEDIAN($E4) -> 0 | AL4: =MEDIAN($F4) -> 0 | AM4: =MEDIAN($G4) -> 0 | AN4: =MEDIAN($H4) -> 0 | AO4: =MEDIAN($I4) -> 0 | AP4: =MEDIAN($J4) -> 0 | AQ4: =MEDIAN($K4) -> 0 | AR4: =MEDIAN($M4) -> 0 | AS4: =MEDIAN($N4) -> 0 | AT4: =MEDIAN($P4) -> 0 | AU4: =MEDIAN($Q4) -> 0 | AV4: =MEDIAN($R4) -> 0 | AW4: =MAX($B4) -> 0 | AX4: =MAX($C4) -> 0 | AY4: =MAX($D4) -> 0 | AZ4: =MAX($E4) -> 0 | BA4: =MAX($F4) -> 0 | BB4: =MAX($G4) -> 0 | BC4: =MAX($H4) -> 0 | BD4: =MAX($I4) -> 0 | BE4: =MAX($J4) -> 0 | BF4: =MAX($K4) -> 0 | BG4: =MAX($M4) -> 0 | BH4: =MAX($N4) -> 0 | BI4: =MAX($P4) -> 0 | BJ4: =MAX($Q4) -> 0 | BK4: =MAX($R4) -> 0
B5: =AVERAGE(Instances!B23:Instances!B32) -> 0 | C5: =AVERAGE(Instances!C23:Instances!C32) -> 0 | D5: =AVERAGE(Instances!D23:Instances!D32) -> 0 | E5: =AVERAGE(Instances!E23:Instances!E32) -> 0 | F5: =AVERAGE(Instances!F23:Instances!F32) -> 0 | G5: =AVERAGE(Instances!G23:Instances!G32) -> 0 | H5: =AVERAGE(Instances!H23:Instances!H32) -> 0 | I5: =AVERAGE(Instances!I23:Instances!I32) -> 0 | ... K5: =AVERAGE(Instances!K23:Instances!K32) -> 0 | M5: =AVERAGE(Instances!M23:Instances!M32) -> 0 | N5: =AVERAGE(Instances!N23:Instances!N32) -> 0 | P5: =AVERAGE(Instances!P23:Instances!P32) -> 0 | Q5: =SUM(Instances!Q23:Instances!Q32) -> 0 | R5: =AVERAGE(Instances!R23:Instances!R32) -> 0 | S5: =MIN($B5) -> 0 | T5: =MIN($C5) -> 0 | U5: =MIN($D5) -> 0 | V5: =MIN($E5) -> 0 | W5: =MIN($F5) -> 0 | X5: =MIN($G5) -> 0 | Y5: =MIN($H5) -> 0 | Z5: =MIN($I5) -> 0 | AA5: =MIN($J5) -> 0 | AB5: =MIN($K5) -> 0 | AC5: =MIN($M5) -> 0 | AD5: =MIN($N5) -> 0 | AE5: =MIN($P5) -> 0 | AF5: =MIN($Q5) -> 0 | AG5: =MIN($R5) -> 0 | AH5: =MEDIAN($B5) -> 0 | AI5: =MEDIAN($C5) -> 0 | AJ5: =MEDIAN($D5) -> 0 | AK5: =MEDIAN($E5) -> 0 | AL5: =MEDIAN($F5) -> 0 | AM5: =MEDIAN($G5) -> 0 | AN5: =MEDIAN($H5) -> 0 | AO5: =MEDIAN($I5) -> 0 | AP5: =MEDIAN($J5) -> 0 | AQ5: =MEDIAN($K5) -> 0 | AR5: =MEDIAN($M5) -> 0 | AS5: =MEDIAN($N5) -> 0 | AT5: =MEDIAN($P5) -> 0 | AU5: =MEDIAN($Q5) -> 0 | AV5: =MEDIAN($R5) -> 0 | AW5: =MAX($B5) -> 0 | AX5: =MAX($C5) -> 0 | AY5: =MAX($D5) -> 0 | AZ5: =MAX($E5) -> 0 | BA5: =MAX($F5) -> 0 | BB5: =MAX($G5) -> 0 | BC5: =MAX($H5) -> 0 | BD5: =MAX($I5) -> 0 | BE5: =MAX($J5) -> 0 | BF5: =MAX($K5) -> 0 | BG5: =MAX($M5) -> 0 | BH5: =MAX($N5) -> 0 | BI5: =MAX($P5) -> 0 | BJ5: =MAX($Q5) -> 0 | BK5: =MAX($R5) -> 0
A7: SUM | B7: =SUM(B$3:B$5) -> 0 | C7: =SUM(C$3:C$5) -> 0 | D7: =SUM(D$3:D$5) -> 0 | E7: =SUM(E$3:E$5) -> 0 | F7: =SUM(F$3:F$5) -> 0 | G7: =SUM(G$3:G$5) -> 0 | H7: =SUM(H$3:H$5) -> 0 | I7: =SUM(I$3:I$5) -> 0 | ... K7: =SUM(K$3:K$5) -> 0 | M7: =SUM(M$3:M$5) -> 0 | N7: =SUM(N$3:N$5) -> 0 | P7: =SUM(P$3:P$5) -> 0 | Q7: =SUM(Q$3:Q$5) -> 0 | R7: =SUM(R$3:R$5) -> 0 | S7: =SUM(S$3:S$5) -> 0 | T7: =SUM(T$3:T$5) -> 0 | U7: =SUM(U$3:U$5) -> 0 | V7: =SUM(V$3:V$5) -> 0 | W7: =SUM(W$3:W$5) -> 0 | ... BK7: =SUM(BK$3:BK$5) -> 0
A8: AVG | B8: =AVERAGE(B$3:B$5) -> 0 | C8: =AVERAGE(C$3:C$5) -> 0 | D8: =AVERAGE(D$3:D$5) -> 0 | E8: =AVERAGE(E$3:E$5) -> 0 | F8: =AVERAGE(F$3:F$5) -> 0 | G8: =AVERAGE(G$3:G$5) -> 0 | H8: =AVERAGE(H$3:H$5) -> 0 | I8: =AVERAGE(I$3:I$5) -> 0 | ... K8: =AVERAGE(K$3:K$5) -> 0 | M8: =AVERAGE(M$3:M$5) -> 0 | N8: =AVERAGE(N$3:N$5) -> 0 | P8: =AVERAGE(P$3:P$5) -> 0 | Q8: =AVERAGE(Q$3:Q$5) -> 0 | R8: =AVERAGE(R$3:R$5) -> 0 | S8: =AVERAGE(S$3:S$5) -> 0 | T8: =AVERAGE(T$3:T$5) -> 0 | U8: =AVERAGE(U$3:U$5) -> 0 | V8: =AVERAGE(V$3:V$5) -> 0 | W8: =AVERAGE(W$3:W$5) -> 0 | ... BK8: =AVERAGE(BK$3:BK$5) -> 0
A9: DEV | B9: =STDEV(B$3:B$5) -> 0 | C9: =STDEV(C$3:C$5) -> 0 | D9: =STDEV(D$3:D$5) -> 0 | E9: =STDEV(E$3:E$5) -> 0 | F9: =STDEV(F$3:F$5) -> 0 | G9: =STDEV(G$3:G$5) -> 0 | H9: =STDEV(H$3:H$5) -> 0 | I9: =STDEV(I$3:I$5) -> 0 | ... K9: =STDEV(K$3:K$5) -> 0 | M9: =STDEV(M$3:M$5) -> 0 | N9: =STDEV(N$3:N$5) -> 0 | P9: =STDEV(P$3:P$5) -> 0 | Q9: =STDEV(Q$3:Q$5) -> 0 | R9: =STDEV(R$3:R$5) -> 0 | S9: =STDEV(S$3:S$5) -> 0 | T9: =STDEV(T$3:T$5) -> 0 | U9: =STDEV(U$3:U$5) -> 0 | V9: =STDEV(V$3:V$5) -> 0 | W9: =STDEV(W$3:W$5) -> 0 | ... BK9: =STDEV(BK$3:BK$5) -> 0
A10: DST | B10: =SUMPRODUCT(--(B$3:B$5-$S$3:$S$5)^2)^0.5 -> 0 | C10: =SUMPRODUCT(--(C$3:C$5-$T$3:$T$5)^2)^0.5 -> 0 | D10: =SUMPRODUCT(--(D$3:D$5-$U$3:$U$5)^2)^0.5 -> 0 | E10: =SUMPRODUCT(--(E$3:E$5-$V$3:$V$5)^2)^0.5 -> 0 | F10: =SUMPRODUCT(--(F$3:F$5-$W$3:$W$5)^2)^0.5 -> 0 | G10: =SUMPRODUCT(--(G$3:G$5-$X$3:$X$5)^2)^0.5 -> 0 | H10: =SUMPRODUCT(--(H$3:H$5-$Y$3:$Y$5)^2)^0.5 -> 0 | I10: =SUMPRODUCT(--(I$3:I$5-$Z$3:$Z$5)^2)^0.5 -> 0 | J10: =SUMPRODUCT(--(J$3:J$5-$AA$3:$AA$5)^2)^0.5 -> 0 | K10: =SUMPRODUCT(--(K$3:K$5-$AB$3:$AB$5)^2)^0.5 -> 0 | M10: =SUMPRODUCT(--(M$3:M$5-$AC$3:$AC$5)^2)^0.5 -> 0 | N10: =SUMPRODUCT(--(N$3:N$5-$AD$3:$AD$5)^2)^0.5 -> 0 | P10: =SUMPRODUCT(--(P$3:P$5-$AE$3:$AE$5)^2)^0.5 -> 0 | Q10: =SUMPRODUCT(--(Q$3:Q$5-$AF$3:$AF$5)^2)^0.5 -> 0 | R10: =SUMPRODUCT(--(R$3:R$5-$AG$3:$AG$5)^2)^0.5 -> 0
A11: BEST | B11: =SUMPRODUCT(NOT(ISBLANK(B$3:B$5))*(B$3:B$5=$S$3:$S$5)) -> 0 | C11: =SUMPRODUCT(NOT(ISBLANK(C$3:C$5))*(C$3:C$5=$T$3:$T$5)) -> 0 | D11: =SUMPRODUCT(NOT(ISBLANK(D$3:D$5))*(D$3:D$5=$U$3:$U$5)) -> 0 | E11: =SUMPRODUCT(NOT(ISBLANK(E$3:E$5))*(E$3:E$5=$V$3:$V$5)) -> 0 | F11: =SUMPRODUCT(NOT(ISBLANK(F$3:F$5))*(F$3:F$5=$W$3:$W$5)) -> 0 | G11: =SUMPRODUCT(NOT(ISBLANK(G$3:G$5))*(G$3:G$5=$X$3:$X$5)) -> 0 | H11: =SUMPRODUCT(NOT(ISBLANK(H$3:H$5))*(H$3:H$5=$Y$3:$Y$5)) -> 0 | I11: =SUMPRODUCT(NOT(ISBLANK(I$3:I$5))*(I$3:I$5=$Z$3:$Z$5)) -> 0 | J11: =SUMPRODUCT(NOT(ISBLANK(J$3:J$5))*(J$3:J$5=$AA$3:$AA$5)) -> 0 | K11: =SUMPRODUCT(NOT(ISBLANK(K$3:K$5))*(K$3:K$5=$AB$3:$AB$5)) -> 0 | M11: =SUMPRODUCT(NOT(ISBLANK(M$3:M$5))*(M$3:M$5=$AC$3:$AC$5)) -> 0 | N11: =SUMPRODUCT(NOT(ISBLANK(N$3:N$5))*(N$3:N$5=$AD$3:$AD$5)) -> 0 | P11: =SUMPRODUCT(NOT(ISBLANK(P$3:P$5))*(P$3:P$5=$AE$3:$AE$5)) -> 0 | Q11: =SUMPRODUCT(NOT(ISBLANK(Q$3:Q$5))*(Q$3:Q$5=$AF$3:$AF$5)) -> 0 | R11: =SUMPRODUCT(NOT(ISBLANK(R$3:R$5))*(R$3:R$5=$AG$3:$AG$5)) -> 0
A12: BETTER | B12: =SUMPRODUCT(NOT(ISBLANK(B$3:B$5))*(B$3:B$5<$AH$3:$AH$5)) -> 0 | C12: =SUMPRODUCT(NOT(ISBLANK(C$3:C$5))*(C$3:C$5<$AI$3:$AI$5)) -> 0 | D12: =SUMPRODUCT(NOT(ISBLANK(D$3:D$5))*(D$3:D$5<$AJ$3:$AJ$5)) -> 0 | E12: =SUMPRODUCT(NOT(ISBLANK(E$3:E$5))*(E$3:E$5<$AK$3:$AK$5)) -> 0 | F12: =SUMPRODUCT(NOT(ISBLANK(F$3:F$5))*(F$3:F$5<$AL$3:$AL$5)) -> 0 | G12: =SUMPRODUCT(NOT(ISBLANK(G$3:G$5))*(G$3:G$5<$AM$3:$AM$5)) -> 0 | H12: =SUMPRODUCT(NOT(ISBLANK(H$3:H$5))*(H$3:H$5<$AN$3:$AN$5)) -> 0 | I12: =SUMPRODUCT(NOT(ISBLANK(I$3:I$5))*(I$3:I$5<$AO$3:$AO$5)) -> 0 | J12: =SUMPRODUCT(NOT(ISBLANK(J$3:J$5))*(J$3:J$5<$AP$3:$AP$5)) -> 0 | K12: =SUMPRODUCT(NOT(ISBLANK(K$3:K$5))*(K$3:K$5<$AQ$3:$AQ$5)) -> 0 | M12: =SUMPRODUCT(NOT(ISBLANK(M$3:M$5))*(M$3:M$5<$AR$3:$AR$5)) -> 0 | N12: =SUMPRODUCT(NOT(ISBLANK(N$3:N$5))*(N$3:N$5<$AS$3:$AS$5)) -> 0 | P12: =SUMPRODUCT(NOT(ISBLANK(P$3:P$5))*(P$3:P$5<$AT$3:$AT$5)) -> 0 | Q12: =SUMPRODUCT(NOT(ISBLANK(Q$3:Q$5))*(Q$3:Q$5<$AU$3:$AU$5)) -> 0 | R12: =SUMPRODUCT(NOT(ISBLANK(R$3:R$5))*(R$3:R$5<$AV$3:$AV$5)) -> 0
A13: WORSE | B13: =SUMPRODUCT((NOT(ISBLANK(B$3:B$5))*(B$3:B$5>$AH$3:$AH$5))+ISBLANK(B$3:B$5)) -> 0 | C13: =SUMPRODUCT((NOT(ISBLANK(C$3:C$5))*(C$3:C$5>$AI$3:$AI$5))+ISBLANK(C$3:C$5)) -> 0 | D13: =SUMPRODUCT((NOT(ISBLANK(D$3:D$5))*(D$3:D$5>$AJ$3:$AJ$5))+ISBLANK(D$3:D$5)) -> 0 | E13: =SUMPRODUCT((NOT(ISBLANK(E$3:E$5))*(E$3:E$5>$AK$3:$AK$5))+ISBLANK(E$3:E$5)) -> 0 | F13: =SUMPRODUCT((NOT(ISBLANK(F$3:F$5))*(F$3:F$5>$AL$3:$AL$5))+ISBLANK(F$3:F$5)) -> 0 | G13: =SUMPRODUCT((NOT(ISBLANK(G$3:G$5))*(G$3:G$5>$AM$3:$AM$5))+ISBLANK(G$3:G$5)) -> 0 | H13: =SUMPRODUCT((NOT(ISBLANK(H$3:H$5))*(H$3:H$5>$AN$3:$AN$5))+ISBLANK(H$3:H$5)) -> 0 | I13: =SUMPRODUCT((NOT(ISBLANK(I$3:I$5))*(I$3:I$5>$AO$3:$AO$5))+ISBLANK(I$3:I$5)) -> 0 | J13: =SUMPRODUCT((NOT(ISBLANK(J$3:J$5))*(J$3:J$5>$AP$3:$AP$5))+ISBLANK(J$3:J$5)) -> 0 | K13: =SUMPRODUCT((NOT(ISBLANK(K$3:K$5))*(K$3:K$5>$AQ$3:$AQ$5))+ISBLANK(K$3:K$5)) -> 0 | M13: =SUMPRODUCT((NOT(ISBLANK(M$3:M$5))*(M$3:M$5>$AR$3:$AR$5))+ISBLANK(M$3:M$5)) -> 0 | N13: =SUMPRODUCT((NOT(ISBLANK(N$3:N$5))*(N$3:N$5>$AS$3:$AS$5))+ISBLANK(N$3:N$5)) -> 0 | P13: =SUMPRODUCT((NOT(ISBLANK(P$3:P$5))*(P$3:P$5>$AT$3:$AT$5))+ISBLANK(P$3:P$5)) -> 0 | Q13: =SUMPRODUCT((NOT(ISBLANK(Q$3:Q$5))*(Q$3:Q$5>$AU$3:$AU$5))+ISBLANK(Q$3:Q$5)) -> 0 | R13: =SUMPRODUCT((NOT(ISBLANK(R$3:R$5))*(R$3:R$5>$AV$3:$AV$5))+ISBLANK(R$3:R$5)) -> 0
A14: WORST | B14: =SUMPRODUCT((NOT(ISBLANK(B$3:B$5))*(B$3:B$5=$AW$3:$AW$5))+ISBLANK(B$3:B$5)) -> 0 | C14: =SUMPRODUCT((NOT(ISBLANK(C$3:C$5))*(C$3:C$5=$AX$3:$AX$5))+ISBLANK(C$3:C$5)) -> 0 | D14: =SUMPRODUCT((NOT(ISBLANK(D$3:D$5))*(D$3:D$5=$AY$3:$AY$5))+ISBLANK(D$3:D$5)) -> 0 | E14: =SUMPRODUCT((NOT(ISBLANK(E$3:E$5))*(E$3:E$5=$AZ$3:$AZ$5))+ISBLANK(E$3:E$5)) -> 0 | F14: =SUMPRODUCT((NOT(ISBLANK(F$3:F$5))*(F$3:F$5=$BA$3:$BA$5))+ISBLANK(F$3:F$5)) -> 0 | G14: =SUMPRODUCT((NOT(ISBLANK(G$3:G$5))*(G$3:G$5=$BB$3:$BB$5))+ISBLANK(G$3:G$5)) -> 0 | H14: =SUMPRODUCT((NOT(ISBLANK(H$3:H$5))*(H$3:H$5=$BC$3:$BC$5))+ISBLANK(H$3:H$5)) -> 0 | I14: =SUMPRODUCT((NOT(ISBLANK(I$3:I$5))*(I$3:I$5=$BD$3:$BD$5))+ISBLANK(I$3:I$5)) -> 0 | J14: =SUMPRODUCT((NOT(ISBLANK(J$3:J$5))*(J$3:J$5=$BE$3:$BE$5))+ISBLANK(J$3:J$5)) -> 0 | K14: =SUMPRODUCT((NOT(ISBLANK(K$3:K$5))*(K$3:K$5=$BF$3:$BF$5))+ISBLANK(K$3:K$5)) -> 0 | M14: =SUMPRODUCT((NOT(ISBLANK(M$3:M$5))*(M$3:M$5=$BG$3:$BG$5))+ISBLANK(M$3:M$5)) -> 0 | N14: =SUMPRODUCT((NOT(ISBLANK(N$3:N$5))*(N$3:N$5=$BH$3:$BH$5))+ISBLANK(N$3:N$5)) -> 0 | P14: =SUMPRODUCT((NOT(ISBLANK(P$3:P$5))*(P$3:P$5=$BI$3:$BI$5))+ISBLANK(P$3:P$5)) -> 0 | Q14: =SUMPRODUCT((NOT(ISBLANK(Q$3:Q$5))*(Q$3:Q$5=$BJ$3:$BJ$5))+ISBLANK(Q$3:Q$5)) -> 0 | R14: =SUMPRODUCT((NOT(ISBLANK(R$3:R$5))*(R$3:R$5=$BK$3:$BK$5))+ISBLANK(R$3:R$5)) -> 0

Sheet Helper
A2: choices | B2: 1 | E2: =VLOOKUP(Charts!$F$3,A2:B16,2,FALSE) -> 0 | K2: =E2 -> 0 | Q2: =VLOOKUP(Charts!$F$3,A2:B16,2,FALSE) -> 0
A3: conflicts | B3: 2 | D3: data | E3: =Instances!B1 -> 0 | J3: data | K3: =E3 -> 0 | Q3: =Instances!B1 -> 0
A4: constraints | B4: 3 | D4: index | E4: values | F4: sorted | H4: aggregated | J4: index | K4: values | L4: sorted | N4: aggregated | P4: plot | Q4: index | R4: sorted | S4: index | T4: aggregated
A5: error | B5: 4 | D5: 1 | E5: =IF(INDIRECT(ADDRESS($D5+2,E$2+1,,,"Instances"))="","",INDIRECT(ADDRESS($D5+2,E$2+1,,,"Instances"))) -> 0 | F5: =IFERROR(SMALL(E5:E34,ROW()-ROW($F$5)+1),"") -> 0 | H5: =IFERROR(SUM(F5:F5),"") -> 0 | J5: 1 | K5: {=_xlfn.SWITCH(Charts!$B$3,"average", AVERAGE(INDIRECT(ADDRESS(0+3,K$2+1,,,"Instances") & ":" & ADDRESS(0+3,K$2+1))),"median", MEDIAN(INDIRECT(ADDRESS(0+3,K$2+1,,,"Instances") & ":" & ADDRESS(0+3,K$2+1))),"min", MIN(INDIRECT(ADDRESS(0+3,K$2+1,,,"Instances") & ":" & ADDRESS(0+3,K$2+1))),"max", MAX(INDIRECT(ADDRESS(0+3,K$2+1,,,"Instances") & ":" & ADDRESS(0+3,K$2+1))),"diff", MAX(INDIRECT(ADDRESS(0+3,K$2+1,,,"Instances") & ":" & ADDRESS(0+3,K$2+1)))-MIN(INDIRECT(ADDRESS(0+3,K$2+1,,,"Instances") & ":" & ADDRESS(0+3,K$2+1))))} -> 0 | L5: =IFERROR(SMALL(K5:K34,ROW()-ROW($L$5)+1),"") -> 0 | N5: =IFERROR(SUM(L5:L5),"") -> 0 | Q5: =IF(Charts!$B$3="none",E162,IF(K162="",NA(),K162)) -> 0 | R5: =IF(Charts!$B$3="none",F162,IF(L162="",NA(),L162)) -> 0 | S5: =IF(Charts!$B$3="none",G162,IF(M162="",NA(),M162)) -> 0 | T5: =IF(Charts!$B$3="none",H162,IF(N162="",NA(),N162)) -> 0
A6: mem | B6: 5 | D6: 2 | E6: =IF(INDIRECT(ADDRESS($D6+2,E$2+1,,,"Instances"))="","",INDIRECT(ADDRESS($D6+2,E$2+1,,,"Instances"))) -> 0 | F6: =IFERROR(SMALL(E5:E34,ROW()-ROW($F$5)+1),"") -> 0 | H6: =IFERROR(SUM(F5:F6),"") -> 0 | J6: 2 | K6: {=_xlfn.SWITCH(Charts!$B$3,"average", AVERAGE(INDIRECT(ADDRESS(1+3,K$2+1,,,"Instances") & ":" & ADDRESS(1+3,K$2+1))),"median", MEDIAN(INDIRECT(ADDRESS(1+3,K$2+1,,,"Instances") & ":" & ADDRESS(1+3,K$2+1))),"min", MIN(INDIRECT(ADDRESS(1+3,K$2+1,,,"Instances") & ":" & ADDRESS(1+3,K$2+1))),"max", MAX(INDIRECT(ADDRESS(1+3,K$2+1,,,"Instances") & ":" & ADDRESS(1+3,K$2+1))),"diff", MAX(INDIRECT(ADDRESS(1+3,K$2+1,,,"Instances") & ":" & ADDRESS(1+3,K$2+1)))-MIN(INDIRECT(ADDRESS(1+3,K$2+1,,,"Instances") & ":" & ADDRESS(1+3,K$2+1))))} -> 0 | L6: =IFERROR(SMALL(K5:K34,ROW()-ROW($L$5)+1),"") -> 0 | N6: =IFERROR(SUM(L5:L6),"") -> 0 | Q6: =IF(Charts!$B$3="none",E163,IF(K163="",NA(),K163)) -> 0 | R6: =IF(Charts!$B$3="none",F163,IF(L163="",NA(),L163)) -> 0 | S6: =IF(Charts!$B$3="none",G163,IF(M163="",NA(),M163)) -> 0 | T6: =IF(Charts!$B$3="none",H163,IF(N163="",NA(),N163)) -> 0
A7: memout | B7: 6 | D7: 3 | E7: =IF(INDIRECT(ADDRESS($D7+2,E$2+1,,,"Instances"))="","",INDIRECT(ADDRESS($D7+2,E$2+1,,,"Instances"))) -> 0 | F7: =IFERROR(SMALL(E5:E34,ROW()-ROW($F$5)+1),"") -> 0 | H7: =IFERROR(SUM(F5:F7),"") -> 0 | J7: 3 | K7: {=_xlfn.SWITCH(Charts!$B$3,"average", AVERAGE(INDIRECT(ADDRESS(2+3,K$2+1,,,"Instances") & ":" & ADDRESS(2+3,K$2+1))),"median", MEDIAN(INDIRECT(ADDRESS(2+3,K$2+1,,,"Instances") & ":" & ADDRESS(2+3,K$2+1))),"min", MIN(INDIRECT(ADDRESS(2+3,K$2+1,,,"Instances") & ":" & ADDRESS(2+3,K$2+1))),"max", MAX(INDIRECT(ADDRESS(2+3,K$2+1,,,"Instances") & ":" & ADDRESS(2+3,K$2+1))),"diff", MAX(INDIRECT(ADDRESS(2+3,K$2+1,,,"Instances") & ":" & ADDRESS(2+3,K$2+1)))-MIN(INDIRECT(ADDRESS(2+3,K$2+1,,,"Instances") & ":" & ADDRESS(2+3,K$2+1))))} -> 0 | L7: =IFERROR(SMALL(K5:K34,ROW()-ROW($L$5)+1),"") -> 0 | N7: =IFERROR(SUM(L5:L7),"") -> 0 | Q7: =IF(Charts!$B$3="none",E164,IF(K164="",NA(),K164)) -> 0 | R7: =IF(Charts!$B$3="none",F164,IF(L164="",NA(),L164)) -> 0 | S7: =IF(Charts!$B$3="none",G164,IF(M164="",NA(),M164)) -> 0 | T7: =IF(Charts!$B$3="none",H164,IF(N164="",NA(),N164)) -> 0
A8: models | B8: 7 | D8: 4 | E8: =IF(INDIRECT(ADDRESS($D8+2,E$2+1,,,"Instances"))="","",INDIRECT(ADDRESS($D8+2,E$2+1,,,"Instances"))) -> 0 | F8: =IFERROR(SMALL(E5:E34,ROW()-ROW($F$5)+1),"") -> 0 | H8: =IFERROR(SUM(F5:F8),"") -> 0 | J8: 4 | K8: {=_xlfn.SWITCH(Charts!$B$3,"average", AVERAGE(INDIRECT(ADDRESS(3+3,K$2+1,,,"Instances") & ":" & ADDRESS(3+3,K$2+1))),"median", MEDIAN(INDIRECT(ADDRESS(3+3,K$2+1,,,"Instances") & ":" & ADDRESS(3+3,K$2+1))),"min", MIN(INDIRECT(ADDRESS(3+3,K$2+1,,,"Instances") & ":" & ADDRESS(3+3,K$2+1))),"max", MAX(INDIRECT(ADDRESS(3+3,K$2+1,,,"Instances") & ":" & ADDRESS(3+3,K$2+1))),"diff", MAX(INDIRECT(ADDRESS(3+3,K$2+1,,,"Instances") & ":" & ADDRESS(3+3,K$2+1)))-MIN(INDIRECT(ADDRESS(3+3,K$2+1,,,"Instances") & ":" & ADDRESS(3+3,K$2+1))))} -> 0 | L8: =IFERROR(SMALL(K5:K34,ROW()-ROW($L$5)+1),"") -> 0 | N8: =IFERROR(SUM(L5:L8),"") -> 0 | Q8: =IF(Charts!$B$3="none",E165,IF(K165="",NA(),K165)) -> 0 | R8: =IF(Charts!$B$3="none",F165,IF(L165="",NA(),L165)) -> 0 | S8: =IF(Charts!$B$3="none",G165,IF(M165="",NA(),M165)) -> 0 | T8: =IF(Charts!$B$3="none",H165,IF(N165="",NA(),N165)) -> 0
A9: overall-time | B9: 8 | D9: 5 | E9: =IF(INDIRECT(ADDRESS($D9+2,E$2+1,,,"Instances"))="","",INDIRECT(ADDRESS($D9+2,E$2+1,,,"Instances"))) -> 0 | F9: =IFERROR(SMALL(E5:E34,ROW()-ROW($F$5)+1),"") -> 0 | H9: =IFERROR(SUM(F5:F9),"") -> 0 | J9: 5 | K9: {=_xlfn.SWITCH(Charts!$B$3,"average", AVERAGE(INDIRECT(ADDRESS(4+3,K$2+1,,,"Instances") & ":" & ADDRESS(4+3,K$2+1))),"median", MEDIAN(INDIRECT(ADDRESS(4+3,K$2+1,,,"Instances") & ":" & ADDRESS(4+3,K$2+1))),"min", MIN(INDIRECT(ADDRESS(4+3,K$2+1,,,"Instances") & ":" & ADDRESS(4+3,K$2+1))),"max", MAX(INDIRECT(ADDRESS(4+3,K$2+1,,,"Instances") & ":" & ADDRESS(4+3,K$2+1))),"diff", MAX(INDIRECT(ADDRESS(4+3,K$2+1,,,"Instances") & ":" & ADDRESS(4+3,K$2+1)))-MIN(INDIRECT(ADDRESS(4+3,K$2+1,,,"Instances") & ":" & ADDRESS(4+3,K$2+1))))} -> 0 | L9: =IFERROR(SMALL(K5:K34,ROW()-ROW($L$5)+1),"") -> 0 | N9: =IFERROR(SUM(L5:L9),"") -> 0 | Q9: =IF(Charts!$B$3="none",E166,IF(K166="",NA(),K166)) -> 0 | R9: =IF(Charts!$B$3="none",F166,IF(L166="",NA(),L166)) -> 0 | S9: =IF(Charts!$B$3="none",G166,IF(M166="",NA(),M166)) -> 0 | T9: =IF(Charts!$B$3="none",H166,IF(N166="",NA(),N166)) -> 0
A10: par2 | B10: 9 | D10: 6 | E10: =IF(INDIRECT(ADDRESS($D10+2,E$2+1,,,"Instances"))="","",INDIRECT(ADDRESS($D10+2,E$2+1,,,"Instances"))) -> 0 | F10: =IFERROR(SMALL(E5:E34,ROW()-ROW($F$5)+1),"") -> 0 | H10: =IFERROR(SUM(F5:F10),"") -> 0 | J10: 6 | K10: {=_xlfn.SWITCH(Charts!$B$3,"average", AVERAGE(INDIRECT(ADDRESS(5+3,K$2+1,,,"Instances") & ":" & ADDRESS(5+3,K$2+1))),"median", MEDIAN(INDIRECT(ADDRESS(5+3,K$2+1,,,"Instances") & ":" & ADDRESS(5+3,K$2+1))),"min", MIN(INDIRECT(ADDRESS(5+3,K$2+1,,,"Instances") & ":" & ADDRESS(5+3,K$2+1))),"max", MAX(INDIRECT(ADDRESS(5+3,K$2+1,,,"Instances") & ":" & ADDRESS(5+3,K$2+1))),"diff", MAX(INDIRECT(ADDRESS(5+3,K$2+1,,,"Instances") & ":" & ADDRESS(5+3,K$2+1)))-MIN(INDIRECT(ADDRESS(5+3,K$2+1,,,"Instances") & ":" & ADDRESS(5+3,K$2+1))))} -> 0 | L10: =IFERROR(SMALL(K5:K34,ROW()-ROW($L$5)+1),"") -> 0 | N10: =IFERROR(SUM(L5:L10),"") -> 0 | Q10: =IF(Charts!$B$3="none",E167,IF(K167="",NA(),K167)) -> 0 | R10: =IF(Charts!$B$3="none",F167,IF(L167="",NA(),L167)) -> 0 | S10: =IF(Charts!$B$3="none",G167,IF(M167="",NA(),M167)) -> 0 | T10: =IF(Charts!$B$3="none",H167,IF(N167="",NA(),N167)) -> 0
A11: restarts | B11: 10 | D11: 7 | E11: =IF(INDIRECT(ADDRESS($D11+2,E$2+1,,,"Instances"))="","",INDIRECT(ADDRESS($D11+2,E$2+1,,,"Instances"))) -> 0 | F11: =IFERROR(SMALL(E5:E34,ROW()-ROW($F$5)+1),"") -> 0 | H11: =IFERROR(SUM(F5:F11),"") -> 0 | J11: 7 | K11: {=_xlfn.SWITCH(Charts!$B$3,"average", AVERAGE(INDIRECT(ADDRESS(6+3,K$2+1,,,"Instances") & ":" & ADDRESS(6+3,K$2+1))),"median", MEDIAN(INDIRECT(ADDRESS(6+3,K$2+1,,,"Instances") & ":" & ADDRESS(6+3,K$2+1))),"min", MIN(INDIRECT(ADDRESS(6+3,K$2+1,,,"Instances") & ":" & ADDRESS(6+3,K$2+1))),"max", MAX(INDIRECT(ADDRESS(6+3,K$2+1,,,"Instances") & ":" & ADDRESS(6+3,K$2+1))),"diff", MAX(INDIRECT(ADDRESS(6+3,K$2+1,,,"Instances") & ":" & ADDRESS(6+3,K$2+1)))-MIN(INDIRECT(ADDRESS(6+3,K$2+1,,,"Instances") & ":" & ADDRESS(6+3,K$2+1))))} -> 0 | L11: =IFERROR(SMALL(K5:K34,ROW()-ROW($L$5)+1),"") -> 0 | N11: =IFERROR(SUM(L5:L11),"") -> 0 | Q11: =IF(Charts!$B$3="none",E168,IF(K168="",NA(),K168)) -> 0 | R11: =IF(Charts!$B$3="none",F168,IF(L168="",NA(),L168)) -> 0 | S11: =IF(Charts!$B$3="none",G168,IF(M168="",NA(),M168)) -> 0 | T11: =IF(Charts!$B$3="none",H168,IF(N168="",NA(),N168)) -> 0
A12: rules | B12: 12 | D12: 8 | E12: =IF(INDIRECT(ADDRESS($D12+2,E$2+1,,,"Instances"))="","",INDIRECT(ADDRESS($D12+2,E$2+1,,,"Instances"))) -> 0 | F12: =IFERROR(SMALL(E5:E34,ROW()-ROW($F$5)+1),"") -> 0 | H12: =IFERROR(SUM(F5:F12),"") -> 0 | J12: 8 | K12: {=_xlfn.SWITCH(Charts!$B$3,"average", AVERAGE(INDIRECT(ADDRESS(7+3,K$2+1,,,"Instances") & ":" & ADDRESS(7+3,K$2+1))),"median", MEDIAN(INDIRECT(ADDRESS(7+3,K$2+1,,,"Instances") & ":" & ADDRESS(7+3,K$2+1))),"min", MIN(INDIRECT(ADDRESS(7+3,K$2+1,,,"Instances") & ":" & ADDRESS(7+3,K$2+1))),"max", MAX(INDIRECT(ADDRESS(7+3,K$2+1,,,"Instances") & ":" & ADDRESS(7+3,K$2+1))),"diff", MAX(INDIRECT(ADDRESS(7+3,K$2+1,,,"Instances") & ":" & ADDRESS(7+3,K$2+1)))-MIN(INDIRECT(ADDRESS(7+3,K$2+1,,,"Instances") & ":" & ADDRESS(7+3,K$2+1))))} -> 0 | L12: =IFERROR(SMALL(K5:K34,ROW()-ROW($L$5)+1),"") -> 0 | N12: =IFERROR(SUM(L5:L12),"") -> 0 | Q12: =IF(Charts!$B$3="none",E169,IF(K169="",NA(),K169)) -> 0 | R12: =IF(Charts!$B$3="none",F169,IF(L169="",NA(),L169)) -> 0 | S12: =IF(Charts!$B$3="none",G169,IF(M169="",NA(),M169)) -> 0 | T12: =IF(Charts!$B$3="none",H169,IF(N169="",NA(),N169)) -> 0
A13: solving-time | B13: 13 | D13: 9 | E13: =IF(INDIRECT(ADDRESS($D13+2,E$2+1,,,"Instances"))="","",INDIRECT(ADDRESS($D13+2,E$2+1,,,"Instances"))) -> 0 | F13: =IFERROR(SMALL(E5:E34,ROW()-ROW($F$5)+1),"") -> 0 | H13: =IFERROR(SUM(F5:F13),"") -> 0 | J13: 9 | K13: {=_xlfn.SWITCH(Charts!$B$3,"average", AVERAGE(INDIRECT(ADDRESS(8+3,K$2+1,,,"Instances") & ":" & ADDRESS(8+3,K$2+1))),"median", MEDIAN(INDIRECT(ADDRESS(8+3,K$2+1,,,"Instances") & ":" & ADDRESS(8+3,K$2+1))),"min", MIN(INDIRECT(ADDRESS(8+3,K$2+1,,,"Instances") & ":" & ADDRESS(8+3,K$2+1))),"max", MAX(INDIRECT(ADDRESS(8+3,K$2+1,,,"Instances") & ":" & ADDRESS(8+3,K$2+1))),"diff", MAX(INDIRECT(ADDRESS(8+3,K$2+1,,,"Instances") & ":" & ADDRESS(8+3,K$2+1)))-MIN(INDIRECT(ADDRESS(8+3,K$2+1,,,"Instances") & ":" & ADDRESS(8+3,K$2+1))))} -> 0 | L13: =IFERROR(SMALL(K5:K34,ROW()-ROW($L$5)+1),"") -> 0 | N13: =IFERROR(SUM(L5:L13),"") -> 0 | Q13: =IF(Charts!$B$3="none",E170,IF(K170="",NA(),K170)) -> 0 | R13: =IF(Charts!$B$3="none",F170,IF(L170="",NA(),L170)) -> 0 | S13: =IF(Charts!$B$3="none",G170,IF(M170="",NA(),M170)) -> 0 | T13: =IF(Charts!$B$3="none",H170,IF(N170="",NA(),N170)) -> 0
A14: time | B14: 15 | D14: 10 | E14: =IF(INDIRECT(ADDRESS($D14+2,E$2+1,,,"Instances"))="","",INDIRECT(ADDRESS($D14+2,E$2+1,,,"Instances"))) -> 0 | F14: =IFERROR(SMALL(E5:E34,ROW()-ROW($F$5)+1),"") -> 0 | H14: =IFERROR(SUM(F5:F14),"") -> 0 | J14: 10 | K14: {=_xlfn.SWITCH(Charts!$B$3,"average", AVERAGE(INDIRECT(ADDRESS(9+3,K$2+1,,,"Instances") & ":" & ADDRESS(9+3,K$2+1))),"median", MEDIAN(INDIRECT(ADDRESS(9+3,K$2+1,,,"Instances") & ":" & ADDRESS(9+3,K$2+1))),"min", MIN(INDIRECT(ADDRESS(9+3,K$2+1,,,"Instances") & ":" & ADDRESS(9+3,K$2+1))),"max", MAX(INDIRECT(ADDRESS(9+3,K$2+1,,,"Instances") & ":" & ADDRESS(9+3,K$2+1))),"diff", MAX(INDIRECT(ADDRESS(9+3,K$2+1,,,"Instances") & ":" & ADDRESS(9+3,K$2+1)))-MIN(INDIRECT(ADDRESS(9+3,K$2+1,,,"Instances") & ":" & ADDRESS(9+3,K$2+1))))} -> 0 | L14: =IFERROR(SMALL(K5:K34,ROW()-ROW($L$5)+1),"") -> 0 | N14: =IFERROR(SUM(L5:L14),"") -> 0 | Q14: =IF(Charts!$B$3="none",E171,IF(K171="",NA(),K171)) -> 0 | R14: =IF(Charts!$B$3="none",F171,IF(L171="",NA(),L171)) -> 0 | S14: =IF(Charts!$B$3="none",G171,IF(M171="",NA(),M171)) -> 0 | T14: =IF(Charts!$B$3="none",H171,IF(N171="",NA(),N171)) -> 0
A15: timeout | B15: 16 | D15: 11 | E15: =IF(INDIRECT(ADDRESS($D15+2,E$2+1,,,"Instances"))="","",INDIRECT(ADDRESS($D15+2,E$2+1,,,"Instances"))) -> 0 | F15: =IFERROR(SMALL(E5:E34,ROW()-ROW($F$5)+1),"") -> 0 | H15: =IFERROR(SUM(F5:F15),"") -> 0 | J15: 11 | K15: {=_xlfn.SWITCH(Charts!$B$3,"average", AVERAGE(INDIRECT(ADDRESS(10+3,K$2+1,,,"Instances") & ":" & ADDRESS(10+3,K$2+1))),"median", MEDIAN(INDIRECT(ADDRESS(10+3,K$2+1,,,"Instances") & ":" & ADDRESS(10+3,K$2+1))),"min", MIN(INDIRECT(ADDRESS(10+3,K$2+1,,,"Instances") & ":" & ADDRESS(10+3,K$2+1))),"max", MAX(INDIRECT(ADDRESS(10+3,K$2+1,,,"Instances") & ":" & ADDRESS(10+3,K$2+1))),"diff", MAX(INDIRECT(ADDRESS(10+3,K$2+1,,,"Instances") & ":" & ADDRESS(10+3,K$2+1)))-MIN(INDIRECT(ADDRESS(10+3,K$2+1,,,"Instances") & ":" & ADDRESS(10+3,K$2+1))))} -> 0 | L15: =IFERROR(SMALL(K5:K34,ROW()-ROW($L$5)+1),"") -> 0 | N15: =IFERROR(SUM(L5:L15),"") -> 0 | Q15: =IF(Charts!$B$3="none",E172,IF(K172="",NA(),K172)) -> 0 | R15: =IF(Charts!$B$3="none",F172,IF(L172="",NA(),L172)) -> 0 | S15: =IF(Charts!$B$3="none",G172,IF(M172="",NA(),M172)) -> 0 | T15: =IF(Charts!$B$3="none",H172,IF(N172="",NA(),N172)) -> 0
A16: variables | B16: 17 | D16: 12 | E16: =IF(INDIRECT(ADDRESS($D16+2,E$2+1,,,"Instances"))="","",INDIRECT(ADDRESS($D16+2,E$2+1,,,"Instances"))) -> 0 | F16: =IFERROR(SMALL(E5:E34,ROW()-ROW($F$5)+1),"") -> 0 | H16: =IFERROR(SUM(F5:F16),"") -> 0 | J16: 12 | K16: {=_xlfn.SWITCH(Charts!$B$3,"average", AVERAGE(INDIRECT(ADDRESS(11+3,K$2+1,,,"Instances") & ":" & ADDRESS(11+3,K$2+1))),"median", MEDIAN(INDIRECT(ADDRESS(11+3,K$2+1,,,"Instances") & ":" & ADDRESS(11+3,K$2+1))),"min", MIN(INDIRECT(ADDRESS(11+3,K$2+1,,,"Instances") & ":" & ADDRESS(11+3,K$2+1))),"max", MAX(INDIRECT(ADDRESS(11+3,K$2+1,,,"Instances") & ":" & ADDRESS(11+3,K$2+1))),"diff", MAX(INDIRECT(ADDRESS(11+3,K$2+1,,,"Instances") & ":" & ADDRESS(11+3,K$2+1)))-MIN(INDIRECT(ADDRESS(11+3,K$2+1,,,"Instances") & ":" & ADDRESS(11+3,K$2+1))))} -> 0 | L16: =IFERROR(SMALL(K5:K34,ROW()-ROW($L$5)+1),"") -> 0 | N16: =IFERROR(SUM(L5:L16),"") -> 0 | Q16: =IF(Charts!$B$3="none",E173,IF(K173="",NA(),K173)) -> 0 | R16: =IF(Charts!$B$3="none",F173,IF(L173="",NA(),L173)) -> 0 | S16: =IF(Charts!$B$3="none",G173,IF(M173="",NA(),M173)) -> 0 | T16: =IF(Charts!$B$3="none",H173,IF(N173="",NA(),N173)) -> 0
D17: 13 | E17: =IF(INDIRECT(ADDRESS($D17+2,E$2+1,,,"Instances"))="","",INDIRECT(ADDRESS($D17+2,E$2+1,,,"Instances"))) -> 0 | F17: =IFERROR(SMALL(E5:E34,ROW()-ROW($F$5)+1),"") -> 0 | H17: =IFERROR(SUM(F5:F17),"") -> 0 | J17: 13 | K17: {=_xlfn.SWITCH(Charts!$B$3,"average", AVERAGE(INDIRECT(ADDRESS(12+3,K$2+1,,,"Instances") & ":" & ADDRESS(12+3,K$2+1))),"median", MEDIAN(INDIRECT(ADDRESS(12+3,K$2+1,,,"Instances") & ":" & ADDRESS(12+3,K$2+1))),"min", MIN(INDIRECT(ADDRESS(12+3,K$2+1,,,"Instances") & ":" & ADDRESS(12+3,K$2+1))),"max", MAX(INDIRECT(ADDRESS(12+3,K$2+1,,,"Instances") & ":" & ADDRESS(12+3,K$2+1))),"diff", MAX(INDIRECT(ADDRESS(12+3,K$2+1,,,"Instances") & ":" & ADDRESS(12+3,K$2+1)))-MIN(INDIRECT(ADDRESS(12+3,K$2+1,,,"Instances") & ":" & ADDRESS(12+3,K$2+1))))} -> 0 | L17: =IFERROR(SMALL(K5:K34,ROW()-ROW($L$5)+1),"") -> 0 | N17: =IFERROR(SUM(L5:L17),"") -> 0 | Q17: =IF(Charts!$B$3="none",E174,IF(K174="",NA(),K174)) -> 0 | R17: =IF(Charts!$B$3="none",F174,IF(L174="",NA(),L174)) -> 0 | S17: =IF(Charts!$B$3="none",G174,IF(M174="",NA(),M174)) -> 0 | T17: =IF(Charts!$B$3="none",H174,IF(N174="",NA(),N174)) -> 0
D18: 14 | E18: =IF(INDIRECT(ADDRESS($D18+2,E$2+1,,,"Instances"))="","",INDIRECT(ADDRESS($D18+2,E$2+1,,,"Instances"))) -> 0 | F18: =IFERROR(SMALL(E5:E34,ROW()-ROW($F$5)+1),"") -> 0 | H18: =IFERROR(SUM(F5:F18),"") -> 0 | J18: 14 | K18: {=_xlfn.SWITCH(Charts!$B$3,"average", AVERAGE(INDIRECT(ADDRESS(13+3,K$2+1,,,"Instances") & ":" & ADDRESS(13+3,K$2+1))),"median", MEDIAN(INDIRECT(ADDRESS(13+3,K$2+1,,,"Instances") & ":" & ADDRESS(13+3,K$2+1))),"min", MIN(INDIRECT(ADDRESS(13+3,K$2+1,,,"Instances") & ":" & ADDRESS(13+3,K$2+1))),"max", MAX(INDIRECT(ADDRESS(13+3,K$2+1,,,"Instances") & ":" & ADDRESS(13+3,K$2+1))),"diff", MAX(INDIRECT(ADDRESS(13+3,K$2+1,,,"Instances") & ":" & ADDRESS(13+3,K$2+1)))-MIN(INDIRECT(ADDRESS(13+3,K$2+1,,,"Instances") & ":" & ADDRESS(13+3,K$2+1))))} -> 0 | L18: =IFERROR(SMALL(K5:K34,ROW()-ROW($L$5)+1),"") -> 0 | N18: =IFERROR(SUM(L5:L18),"") -> 0 | Q18: =IF(Charts!$B$3="none",E175,IF(K175="",NA(),K175)) -> 0 | R18: =IF(Charts!$B$3="none",F175,IF(L175="",NA(),L175)) -> 0 | S18: =IF(Charts!$B$3="none",G175,IF(M175="",NA(),M175)) -> 0 | T18: =IF(Charts!$B$3="none",H175,IF(N175="",NA(),N175)) -> 0
D19: 15 | E19: =IF(INDIRECT(ADDRESS($D19+2,E$2+1,,,"Instances"))="","",INDIRECT(ADDRESS($D19+2,E$2+1,,,"Instances"))) -> 0 | F19: =IFERROR(SMALL(E5:E34,ROW()-ROW($F$5)+1),"") -> 0 | H19: =IFERROR(SUM(F5:F19),"") -> 0 | J19: 15 | K19: {=_xlfn.SWITCH(Charts!$B$3,"average", AVERAGE(INDIRECT(ADDRESS(14+3,K$2+1,,,"Instances") & ":" & ADDRESS(14+3,K$2+1))),"median", MEDIAN(INDIRECT(ADDRESS(14+3,K$2+1,,,"Instances") & ":" & ADDRESS(14+3,K$2+1))),"min", MIN(INDIRECT(ADDRESS(14+3,K$2+1,,,"Instances") & ":" & ADDRESS(14+3,K$2+1))),"max", MAX(INDIRECT(ADDRESS(14+3,K$2+1,,,"Instances") & ":" & ADDRESS(14+3,K$2+1))),"diff", MAX(INDIRECT(ADDRESS(14+3,K$2+1,,,"Instances") & ":" & ADDRESS(14+3,K$2+1)))-MIN(INDIRECT(ADDRESS(14+3,K$2+1,,,"Instances") & ":" & ADDRESS(14+3,K$2+1))))} -> 0 | L19: =IFERROR(SMALL(K5:K34,ROW()-ROW($L$5)+1),"") -> 0 | N19: =IFERROR(SUM(L5:L19),"") -> 0 | Q19: =IF(Charts!$B$3="none",E176,IF(K176="",NA(),K176)) -> 0 | R19: =IF(Charts!$B$3="none",F176,IF(L176="",NA(),L176)) -> 0 | S19: =IF(Charts!$B$3="none",G176,IF(M176="",NA(),M176)) -> 0 | T19: =IF(Charts!$B$3="none",H176,IF(N176="",NA(),N176)) -> 0
D20: 16 | E20: =IF(INDIRECT(ADDRESS($D20+2,E$2+1,,,"Instances"))="","",INDIRECT(ADDRESS($D20+2,E$2+1,,,"Instances"))) -> 0 | F20: =IFERROR(SMALL(E5:E34,ROW()-ROW($F$5)+1),"") -> 0 | H20: =IFERROR(SUM(F5:F20),"") -> 0 | J20: 16 | K20: {=_xlfn.SWITCH(Charts!$B$3,"average", AVERAGE(INDIRECT(ADDRESS(15+3,K$2+1,,,"Instances") & ":" & ADDRESS(15+3,K$2+1))),"median", MEDIAN(INDIRECT(ADDRESS(15+3,K$2+1,,,"Instances") & ":" & ADDRESS(15+3,K$2+1))),"min", MIN(INDIRECT(ADDRESS(15+3,K$2+1,,,"Instances") & ":" & ADDRESS(15+3,K$2+1))),"max", MAX(INDIRECT(ADDRESS(15+3,K$2+1,,,"Instances") & ":" & ADDRESS(15+3,K$2+1))),"diff", MAX(INDIRECT(ADDRESS(15+3,K$2+1,,,"Instances") & ":" & ADDRESS(15+3,K$2+1)))-MIN(INDIRECT(ADDRESS(15+3,K$2+1,,,"Instances") & ":" & ADDRESS(15+3,K$2+1))))} -> 0 | L20: =IFERROR(SMALL(K5:K34,ROW()-ROW($L$5)+1),"") -> 0 | N20: =IFERROR(SUM(L5:L20),"") -> 0 | Q20: =IF(Charts!$B$3="none",E177,IF(K177="",NA(),K177)) -> 0 | R20: =IF(Charts!$B$3="none",F177,IF(L177="",NA(),L177)) -> 0 | S20: =IF(Charts!$B$3="none",G177,IF(M177="",NA(),M177)) -> 0 | T20: =IF(Charts!$B$3="none",H177,IF(N177="",NA(),N177)) -> 0
D21: 17 | E21: =IF(INDIRECT(ADDRESS($D21+2,E$2+1,,,"Instances"))="","",INDIRECT(ADDRESS($D21+2,E$2+1,,,"Instances"))) -> 0 | F21: =IFERROR(SMALL(E5:E34,ROW()-ROW($F$5)+1),"") -> 0 | H21: =IFERROR(SUM(F5:F21),"") -> 0 | J21: 17 | K21: {=_xlfn.SWITCH(Charts!$B$3,"average", AVERAGE(INDIRECT(ADDRESS(16+3,K$2+1,,,"Instances") & ":" & ADDRESS(16+3,K$2+1))),"median", MEDIAN(INDIRECT(ADDRESS(16+3,K$2+1,,,"Instances") & ":" & ADDRESS(16+3,K$2+1))),"min", MIN(INDIRECT(ADDRESS(16+3,K$2+1,,,"Instances") & ":" & ADDRESS(16+3,K$2+1))),"max", MAX(INDIRECT(ADDRESS(16+3,K$2+1,,,"Instances") & ":" & ADDRESS(16+3,K$2+1))),"diff", MAX(INDIRECT(ADDRESS(16+3,K$2+1,,,"Instances") & ":" & ADDRESS(16+3,K$2+1)))-MIN(INDIRECT(ADDRESS(16+3,K$2+1,,,"Instances") & ":" & ADDRESS(16+3,K$2+1))))} -> 0 | L21: =IFERROR(SMALL(K5:K34,ROW()-ROW($L$5)+1),"") -> 0 | N21: =IFERROR(SUM(L5:L21),"") -> 0 | Q21: =IF(Charts!$B$3="none",E178,IF(K178="",NA(),K178)) -> 0 | R21: =IF(Charts!$B$3="none",F178,IF(L178="",NA(),L178)) -> 0 | S21: =IF(Charts!$B$3="none",G178,IF(M178="",NA(),M178)) -> 0 | T21: =IF(Charts!$B$3="none",H178,IF(N178="",NA(),N178)) -> 0
D22: 18 | E22: =IF(INDIRECT(ADDRESS($D22+2,E$2+1,,,"Instances"))="","",INDIRECT(ADDRESS($D22+2,E$2+1,,,"Instances"))) -> 0 | F22: =IFERROR(SMALL(E5:E34,ROW()-ROW($F$5)+1),"") -> 0 | H22: =IFERROR(SUM(F5:F22),"") -> 0 | J22: 18 | K22: {=_xlfn.SWITCH(Charts!$B$3,"average", AVERAGE(INDIRECT(ADDRESS(17+3,K$2+1,,,"Instances") & ":" & ADDRESS(17+3,K$2+1))),"median", MEDIAN(INDIRECT(ADDRESS(17+3,K$2+1,,,"Instances") & ":" & ADDRESS(17+3,K$2+1))),"min", MIN(INDIRECT(ADDRESS(17+3,K$2+1,,,"Instances") & ":" & ADDRESS(17+3,K$2+1))),"max", MAX(INDIRECT(ADDRESS(17+3,K$2+1,,,"Instances") & ":" & ADDRESS(17+3,K$2+1))),"diff", MAX(INDIRECT(ADDRESS(17+3,K$2+1,,,"Instances") & ":" & ADDRESS(17+3,K$2+1)))-MIN(INDIRECT(ADDRESS(17+3,K$2+1,,,"Instances") & ":" & ADDRESS(17+3,K$2+1))))} -> 0 | L22: =IFERROR(SMALL(K5:K34,ROW()-ROW($L$5)+1),"") -> 0 | N22: =IFERROR(SUM(L5:L22),"") -> 0 | Q22: =IF(Charts!$B$3="none",E179,IF(K179="",NA(),K179)) -> 0 | R22: =IF(Charts!$B$3="none",F179,IF(L179="",NA(),L179)) -> 0 | S22: =IF(Charts!$B$3="none",G179,IF(M179="",NA(),M179)) -> 0 | T22: =IF(Charts!$B$3="none",H179,IF(N179="",NA(),N179)) -> 0
D23: 19 | E23: =IF(INDIRECT(ADDRESS($D23+2,E$2+1,,,"Instances"))="","",INDIRECT(ADDRESS($D23+2,E$2+1,,,"Instances"))) -> 0 | F23: =IFERROR(SMALL(E5:E34,ROW()-ROW($F$5)+1),"") -> 0 | H23: =IFERROR(SUM(F5:F23),"") -> 0 | J23: 19 | K23: {=_xlfn.SWITCH(Charts!$B$3,"average", AVERAGE(INDIRECT(ADDRESS(18+3,K$2+1,,,"Instances") & ":" & ADDRESS(18+3,K$2+1))),"median", MEDIAN(INDIRECT(ADDRESS(18+3,K$2+1,,,"Instances") & ":" & ADDRESS(18+3,K$2+1))),"min", MIN(INDIRECT(ADDRESS(18+3,K$2+1,,,"Instances") & ":" & ADDRESS(18+3,K$2+1))),"max", MAX(INDIRECT(ADDRESS(18+3,K$2+1,,,"Instances") & ":" & ADDRESS(18+3,K$2+1))),"diff", MAX(INDIRECT(ADDRESS(18+3,K$2+1,,,"Instances") & ":" & ADDRESS(18+3,K$2+1)))-MIN(INDIRECT(ADDRESS(18+3,K$2+1,,,"Instances") & ":" & ADDRESS(18+3,K$2+1))))} -> 0 | L23: =IFERROR(SMALL(K5:K34,ROW()-ROW($L$5)+1),"") -> 0 | N23: =IFERROR(SUM(L5:L23),"") -> 0 | Q23: =IF(Charts!$B$3="none",E180,IF(K180="",NA(),K180)) -> 0 | R23: =IF(Charts!$B$3="none",F180,IF(L180="",NA(),L180)) -> 0 | S23: =IF(Charts!$B$3="none",G180,IF(M180="",NA(),M180)) -> 0 | T23: =IF(Charts!$B$3="none",H180,IF(N180="",NA(),N180)) -> 0
D24: 20 | E24: =IF(INDIRECT(ADDRESS($D24+2,E$2+1,,,"Instances"))="","",INDIRECT(ADDRESS($D24+2,E$2+1,,,"Instances"))) -> 0 | F24: =IFERROR(SMALL(E5:E34,ROW()-ROW($F$5)+1),"") -> 0 | H24: =IFERROR(SUM(F5:F24),"") -> 0 | J24: 20 | K24: {=_xlfn.SWITCH(Charts!$B$3,"average", AVERAGE(INDIRECT(ADDRESS(19+3,K$2+1,,,"Instances") & ":" & ADDRESS(19+3,K$2+1))),"median", MEDIAN(INDIRECT(ADDRESS(19+3,K$2+1,,,"Instances") & ":" & ADDRESS(19+3,K$2+1))),"min", MIN(INDIRECT(ADDRESS(19+3,K$2+1,,,"Instances") & ":" & ADDRESS(19+3,K$2+1))),"max", MAX(INDIRECT(ADDRESS(19+3,K$2+1,,,"Instances") & ":" & ADDRESS(19+3,K$2+1))),"diff", MAX(INDIRECT(ADDRESS(19+3,K$2+1,,,"Instances") & ":" & ADDRESS(19+3,K$2+1)))-MIN(INDIRECT(ADDRESS(19+3,K$2+1,,,"Instances") & ":" & ADDRESS(19+3,K$2+1))))} -> 0 | L24: =IFERROR(SMALL(K5:K34,ROW()-ROW($L$5)+1),"") -> 0 | N24: =IFERROR(SUM(L5:L24),"") -> 0 | Q24: =IF(Charts!$B$3="none",E181,IF(K181="",NA(),K181)) -> 0 | R24: =IF(Charts!$B$3="none",F181,IF(L181="",NA(),L181)) -> 0 | S24: =IF(Charts!$B$3="none",G181,IF(M181="",NA(),M181)) -> 0 | T24: =IF(Charts!$B$3="none",H181,IF(N181="",NA(),N181)) -> 0
D25: 21 | E25: =IF(INDIRECT(ADDRESS($D25+2,E$2+1,,,"Instances"))="","",INDIRECT(ADDRESS($D25+2,E$2+1,,,"Instances"))) -> 0 | F25: =IFERROR(SMALL(E5:E34,ROW()-ROW($F$5)+1),"") -> 0 | H25: =IFERROR(SUM(F5:F25),"") -> 0 | J25: 21 | K25: {=_xlfn.SWITCH(Charts!$B$3,"average", AVERAGE(INDIRECT(ADDRESS(20+3,K$2+1,,,"Instances") & ":" & ADDRESS(20+3,K$2+1))),"median", MEDIAN(INDIRECT(ADDRESS(20+3,K$2+1,,,"Instances") & ":" & ADDRESS(20+3,K$2+1))),"min", MIN(INDIRECT(ADDRESS(20+3,K$2+1,,,"Instances") & ":" & ADDRESS(20+3,K$2+1))),"max", MAX(INDIRECT(ADDRESS(20+3,K$2+1,,,"Instances") & ":" & ADDRESS(20+3,K$2+1))),"diff", MAX(INDIRECT(ADDRESS(20+3,K$2+1,,,"Instances") & ":" & ADDRESS(20+3,K$2+1)))-MIN(INDIRECT(ADDRESS(20+3,K$2+1,,,"Instances") & ":" & ADDRESS(20+3,K$2+1))))} -> 0 | L25: =IFERROR(SMALL(K5:K34,ROW()-ROW($L$5)+1),"") -> 0 | N25: =IFERROR(SUM(L5:L25),"") -> 0 | Q25: =IF(Charts!$B$3="none",E182,IF(K182="",NA(),K182)) -> 0 | R25: =IF(Charts!$B$3="none",F182,IF(L182="",NA(),L182)) -> 0 | S25: =IF(Charts!$B$3="none",G182,IF(M182="",NA(),M182)) -> 0 | T25: =IF(Charts!$B$3="none",H182,IF(N182="",NA(),N182)) -> 0
D26: 22 | E26: =IF(INDIRECT(ADDRESS($D26+2,E$2+1,,,"Instances"))="","",INDIRECT(ADDRESS($D26+2,E$2+1,,,"Instances"))) -> 0 | F26: =IFERROR(SMALL(E5:E34,ROW()-ROW($F$5)+1),"") -> 0 | H26: =IFERROR(SUM(F5:F26),"") -> 0 | J26: 22 | K26: {=_xlfn.SWITCH(Charts!$B$3,"average", AVERAGE(INDIRECT(ADDRESS(21+3,K$2+1,,,"Instances") & ":" & ADDRESS(21+3,K$2+1))),"median", MEDIAN(INDIRECT(ADDRESS(21+3,K$2+1,,,"Instances") & ":" & ADDRESS(21+3,K$2+1))),"min", MIN(INDIRECT(ADDRESS(21+3,K$2+1,,,"Instances") & ":" & ADDRESS(21+3,K$2+1))),"max", MAX(INDIRECT(ADDRESS(21+3,K$2+1,,,"Instances") & ":" & ADDRESS(21+3,K$2+1))),"diff", MAX(INDIRECT(ADDRESS(21+3,K$2+1,,,"Instances") & ":" & ADDRESS(21+3,K$2+1)))-MIN(INDIRECT(ADDRESS(21+3,K$2+1,,,"Instances") & ":" & ADDRESS(21+3,K$2+1))))} -> 0 | L26: =IFERROR(SMALL(K5:K34,ROW()-ROW($L$5)+1),"") -> 0 | N26: =IFERROR(SUM(L5:L26),"") -> 0 | Q26: =IF(Charts!$B$3="none",E183,IF(K183="",NA(),K183)) -> 0 | R26: =IF(Charts!$B$3="none",F183,IF(L183="",NA(),L183)) -> 0 | S26: =IF(Charts!$B$3="none",G183,IF(M183="",NA(),M183)) -> 0 | T26: =IF(Charts!$B$3="none",H183,IF(N183="",NA(),N183)) -> 0
D27: 23 | E27: =IF(INDIRECT(ADDRESS($D27+2,E$2+1,,,"Instances"))="","",INDIRECT(ADDRESS($D27+2,E$2+1,,,"Instances"))) -> 0 | F27: =IFERROR(SMALL(E5:E34,ROW()-ROW($F$5)+1),"") -> 0 | H27: =IFERROR(SUM(F5:F27),"") -> 0 | J27: 23 | K27: {=_xlfn.SWITCH(Charts!$B$3,"average", AVERAGE(INDIRECT(ADDRESS(22+3,K$2+1,,,"Instances") & ":" & ADDRESS(22+3,K$2+1))),"median", MEDIAN(INDIRECT(ADDRESS(22+3,K$2+1,,,"Instances") & ":" & ADDRESS(22+3,K$2+1))),"min", MIN(INDIRECT(ADDRESS(22+3,K$2+1,,,"Instances") & ":" & ADDRESS(22+3,K$2+1))),"max", MAX(INDIRECT(ADDRESS(22+3,K$2+1,,,"Instances") & ":" & ADDRESS(22+3,K$2+1))),"diff", MAX(INDIRECT(ADDRESS(22+3,K$2+1,,,"Instances") & ":" & ADDRESS(22+3,K$2+1)))-MIN(INDIRECT(ADDRESS(22+3,K$2+1,,,"Instances") & ":" & ADDRESS(22+3,K$2+1))))} -> 0 | L27: =IFERROR(SMALL(K5:K34,ROW()-ROW($L$5)+1),"") -> 0 | N27: =IFERROR(SUM(L5:L27),"") -> 0 | Q27: =IF(Charts!$B$3="none",E184,IF(K184="",NA(),K184)) -> 0 | R27: =IF(Charts!$B$3="none",F184,IF(L184="",NA(),L184)) -> 0 | S27: =IF(Charts!$B$3="none",G184,IF(M184="",NA(),M184)) -> 0 | T27: =IF(Charts!$B$3="none",H184,IF(N184="",NA(),N184)) -> 0
D28: 24 | E28: =IF(INDIRECT(ADDRESS($D28+2,E$2+1,,,"Instances"))="","",INDIRECT(ADDRESS($D28+2,E$2+1,,,"Instances"))) -> 0 | F28: =IFERROR(SMALL(E5:E34,ROW()-ROW($F$5)+1),"") -> 0 | H28: =IFERROR(SUM(F5:F28),"") -> 0 | J28: 24 | K28: {=_xlfn.SWITCH(Charts!$B$3,"average", AVERAGE(INDIRECT(ADDRESS(23+3,K$2+1,,,"Instances") & ":" & ADDRESS(23+3,K$2+1))),"median", MEDIAN(INDIRECT(ADDRESS(23+3,K$2+1,,,"Instances") & ":" & ADDRESS(23+3,K$2+1))),"min", MIN(INDIRECT(ADDRESS(23+3,K$2+1,,,"Instances") & ":" & ADDRESS(23+3,K$2+1))),"max", MAX(INDIRECT(ADDRESS(23+3,K$2+1,,,"Instances") & ":" & ADDRESS(23+3,K$2+1))),"diff", MAX(INDIRECT(ADDRESS(23+3,K$2+1,,,"Instances") & ":" & ADDRESS(23+3,K$2+1)))-MIN(INDIRECT(ADDRESS(23+3,K$2+1,,,"Instances") & ":" & ADDRESS(23+3,K$2+1))))} -> 0 | L28: =IFERROR(SMALL(K5:K34,ROW()-ROW($L$5)+1),"") -> 0 | N28: =IFERROR(SUM(L5:L28),"") -> 0 | Q28: =IF(Charts!$B$3="none",E185,IF(K185="",NA(),K185)) -> 0 | R28: =IF(Charts!$B$3="none",F185,IF(L185="",NA(),L185)) -> 0 | S28: =IF(Charts!$B$3="none",G185,IF(M185="",NA(),M185)) -> 0 | T28: =IF(Charts!$B$3="none",H185,IF(N185="",NA(),N185)) -> 0
D29: 25 | E29: =IF(INDIRECT(ADDRESS($D29+2,E$2+1,,,"Instances"))="","",INDIRECT(ADDRESS($D29+2,E$2+1,,,"Instances"))) -> 0 | F29: =IFERROR(SMALL(E5:E34,ROW()-ROW($F$5)+1),"") -> 0 | H29: =IFERROR(SUM(F5:F29),"") -> 0 | J29: 25 | K29: {=_xlfn.SWITCH(Charts!$B$3,"average", AVERAGE(INDIRECT(ADDRESS(24+3,K$2+1,,,"Instances") & ":" & ADDRESS(24+3,K$2+1))),"median", MEDIAN(INDIRECT(ADDRESS(24+3,K$2+1,,,"Instances") & ":" & ADDRESS(24+3,K$2+1))),"min", MIN(INDIRECT(ADDRESS(24+3,K$2+1,,,"Instances") & ":" & ADDRESS(24+3,K$2+1))),"max", MAX(INDIRECT(ADDRESS(24+3,K$2+1,,,"Instances") & ":" & ADDRESS(24+3,K$2+1))),"diff", MAX(INDIRECT(ADDRESS(24+3,K$2+1,,,"Instances") & ":" & ADDRESS(24+3,K$2+1)))-MIN(INDIRECT(ADDRESS(24+3,K$2+1,,,"Instances") & ":" & ADDRESS(24+3,K$2+1))))} -> 0 | L29: =IFERROR(SMALL(K5:K34,ROW()-ROW($L$5)+1),"") -> 0 | N29: =IFERROR(SUM(L5:L29),"") -> 0 | Q29: =IF(Charts!$B$3="none",E186,IF(K186="",NA(),K186)) -> 0 | R29: =IF(Charts!$B$3="none",F186,IF(L186="",NA(),L186)) -> 0 | S29: =IF(Charts!$B$3="none",G186,IF(M186="",NA(),M186)) -> 0 | T29: =IF(Charts!$B$3="none",H186,IF(N186="",NA(),N186)) -> 0
D30: 26 | E30: =IF(INDIRECT(ADDRESS($D30+2,E$2+1,,,"Instances"))="","",INDIRECT(ADDRESS($D30+2,E$2+1,,,"Instances"))) -> 0 | F30: =IFERROR(SMALL(E5:E34,ROW()-ROW($F$5)+1),"") -> 0 | H30: =IFERROR(SUM(F5:F30),"") -> 0 | J30: 26 | K30: {=_xlfn.SWITCH(Charts!$B$3,"average", AVERAGE(INDIRECT(ADDRESS(25+3,K$2+1,,,"Instances") & ":" & ADDRESS(25+3,K$2+1))),"median", MEDIAN(INDIRECT(ADDRESS(25+3,K$2+1,,,"Instances") & ":" & ADDRESS(25+3,K$2+1))),"min", MIN(INDIRECT(ADDRESS(25+3,K$2+1,,,"Instances") & ":" & ADDRESS(25+3,K$2+1))),"max", MAX(INDIRECT(ADDRESS(25+3,K$2+1,,,"Instances") & ":" & ADDRESS(25+3,K$2+1))),"diff", MAX(INDIRECT(ADDRESS(25+3,K$2+1,,,"Instances") & ":" & ADDRESS(25+3,K$2+1)))-MIN(INDIRECT(ADDRESS(25+3,K$2+1,,,"Instances") & ":" & ADDRESS(25+3,K$2+1))))} -> 0 | L30: =IFERROR(SMALL(K5:K34,ROW()-ROW($L$5)+1),"") -> 0 | N30: =IFERROR(SUM(L5:L30),"") -> 0 | Q30: =IF(Charts!$B$3="none",E187,IF(K187="",NA(),K187)) -> 0 | R30: =IF(Charts!$B$3="none",F187,IF(L187="",NA(),L187)) -> 0 | S30: =IF(Charts!$B$3="none",G187,IF(M187="",NA(),M187)) -> 0 | T30: =IF(Charts!$B$3="none",H187,IF(N187="",NA(),N187)) -> 0
D31: 27 | E31: =IF(INDIRECT(ADDRESS($D31+2,E$2+1,,,"Instances"))="","",INDIRECT(ADDRESS($D31+2,E$2+1,,,"Instances"))) -> 0 | F31: =IFERROR(SMALL(E5:E34,ROW()-ROW($F$5)+1),"") -> 0 | H31: =IFERROR(SUM(F5:F31),"") -> 0 | J31: 27 | K31: {=_xlfn.SWITCH(Charts!$B$3,"average", AVERAGE(INDIRECT(ADDRESS(26+3,K$2+1,,,"Instances") & ":" & ADDRESS(26+3,K$2+1))),"median", MEDIAN(INDIRECT(ADDRESS(26+3,K$2+1,,,"Instances") & ":" & ADDRESS(26+3,K$2+1))),"min", MIN(INDIRECT(ADDRESS(26+3,K$2+1,,,"Instances") & ":" & ADDRESS(26+3,K$2+1))),"max", MAX(INDIRECT(ADDRESS(26+3,K$2+1,,,"Instances") & ":" & ADDRESS(26+3,K$2+1))),"diff", MAX(INDIRECT(ADDRESS(26+3,K$2+1,,,"Instances") & ":" & ADDRESS(26+3,K$2+1)))-MIN(INDIRECT(ADDRESS(26+3,K$2+1,,,"Instances") & ":" & ADDRESS(26+3,K$2+1))))} -> 0 | L31: =IFERROR(SMALL(K5:K34,ROW()-ROW($L$5)+1),"") -> 0 | N31: =IFERROR(SUM(L5:L31),"") -> 0 | Q31: =IF(Charts!$B$3="none",E188,IF(K188="",NA(),K188)) -> 0 | R31: =IF(Charts!$B$3="none",F188,IF(L188="",NA(),L188)) -> 0 | S31: =IF(Charts!$B$3="none",G188,IF(M188="",NA(),M188)) -> 0 | T31: =IF(Charts!$B$3="none",H188,IF(N188="",NA(),N188)) -> 0
D32: 28 | E32: =IF(INDIRECT(ADDRESS($D32+2,E$2+1,,,"Instances"))="","",INDIRECT(ADDRESS($D32+2,E$2+1,,,"Instances"))) -> 0 | F32: =IFERROR(SMALL(E5:E34,ROW()-ROW($F$5)+1),"") -> 0 | H32: =IFERROR(SUM(F5:F32),"") -> 0 | J32: 28 | K32: {=_xlfn.SWITCH(Charts!$B$3,"average", AVERAGE(INDIRECT(ADDRESS(27+3,K$2+1,,,"Instances") & ":" & ADDRESS(27+3,K$2+1))),"median", MEDIAN(INDIRECT(ADDRESS(27+3,K$2+1,,,"Instances") & ":" & ADDRESS(27+3,K$2+1))),"min", MIN(INDIRECT(ADDRESS(27+3,K$2+1,,,"Instances") & ":" & ADDRESS(27+3,K$2+1))),"max", MAX(INDIRECT(ADDRESS(27+3,K$2+1,,,"Instances") & ":" & ADDRESS(27+3,K$2+1))),"diff", MAX(INDIRECT(ADDRESS(27+3,K$2+1,,,"Instances") & ":" & ADDRESS(27+3,K$2+1)))-MIN(INDIRECT(ADDRESS(27+3,K$2+1,,,"Instances") & ":" & ADDRESS(27+3,K$2+1))))} -> 0 | L32: =IFERROR(SMALL(K5:K34,ROW()-ROW($L$5)+1),"") -> 0 | N32: =IFERROR(SUM(L5:L32),"") -> 0 | Q32: =IF(Charts!$B$3="none",E189,IF(K189="",NA(),K189)) -> 0 | R32: =IF(Charts!$B$3="none",F189,IF(L189="",NA(),L189)) -> 0 | S32: =IF(Charts!$B$3="none",G189,IF(M189="",NA(),M189)) -> 0 | T32: =IF(Charts!$B$3="none",H189,IF(N189="",NA(),N189)) -> 0
D33: 29 | E33: =IF(INDIRECT(ADDRESS($D33+2,E$2+1,,,"Instances"))="","",INDIRECT(ADDRESS($D33+2,E$2+1,,,"Instances"))) -> 0 | F33: =IFERROR(SMALL(E5:E34,ROW()-ROW($F$5)+1),"") -> 0 | H33: =IFERROR(SUM(F5:F33),"") -> 0 | J33: 29 | K33: {=_xlfn.SWITCH(Charts!$B$3,"average", AVERAGE(INDIRECT(ADDRESS(28+3,K$2+1,,,"Instances") & ":" & ADDRESS(28+3,K$2+1))),"median", MEDIAN(INDIRECT(ADDRESS(28+3,K$2+1,,,"Instances") & ":" & ADDRESS(28+3,K$2+1))),"min", MIN(INDIRECT(ADDRESS(28+3,K$2+1,,,"Instances") & ":" & ADDRESS(28+3,K$2+1))),"max", MAX(INDIRECT(ADDRESS(28+3,K$2+1,,,"Instances") & ":" & ADDRESS(28+3,K$2+1))),"diff", MAX(INDIRECT(ADDRESS(28+3,K$2+1,,,"Instances") & ":" & ADDRESS(28+3,K$2+1)))-MIN(INDIRECT(ADDRESS(28+3,K$2+1,,,"Instances") & ":" & ADDRESS(28+3,K$2+1))))} -> 0 | L33: =IFERROR(SMALL(K5:K34,ROW()-ROW($L$5)+1),"") -> 0 | N33: =IFERROR(SUM(L5:L33),"") -> 0 | Q33: =IF(Charts!$B$3="none",E190,IF(K190="",NA(),K190)) -> 0 | R33: =IF(Charts!$B$3="none",F190,IF(L190="",NA(),L190)) -> 0 | S33: =IF(Charts!$B$3="none",G190,IF(M190="",NA(),M190)) -> 0 | T33: =IF(Charts!$B$3="none",H190,IF(N190="",NA(),N190)) -> 0
D34: 30 | E34: =IF(INDIRECT(ADDRESS($D34+2,E$2+1,,,"Instances"))="","",INDIRECT(ADDRESS($D34+2,E$2+1,,,"Instances"))) -> 0 | F34: =IFERROR(SMALL(E5:E34,ROW()-ROW($F$5)+1),"") -> 0 | H34: =IFERROR(SUM(F5:F34),"") -> 0 | J34: 30 | K34: {=_xlfn.SWITCH(Charts!$B$3,"average", AVERAGE(INDIRECT(ADDRESS(29+3,K$2+1,,,"Instances") & ":" & ADDRESS(29+3,K$2+1))),"median", MEDIAN(INDIRECT(ADDRESS(29+3,K$2+1,,,"Instances") & ":" & ADDRESS(29+3,K$2+1))),"min", MIN(INDIRECT(ADDRESS(29+3,K$2+1,,,"Instances") & ":" & ADDRESS(29+3,K$2+1))),"max", MAX(INDIRECT(ADDRESS(29+3,K$2+1,,,"Instances") & ":" & ADDRESS(29+3,K$2+1))),"diff", MAX(INDIRECT(ADDRESS(29+3,K$2+1,,,"Instances") & ":" & ADDRESS(29+3,K$2+1)))-MIN(INDIRECT(ADDRESS(29+3,K$2+1,,,"Instances") & ":" & ADDRESS(29+3,K$2+1))))} -> 0 | L34: =IFERROR(SMALL(K5:K34,ROW()-ROW($L$5)+1),"") -> 0 | N34: =IFERROR(SUM(L5:L34),"") -> 0 | Q34: =IF(Charts!$B$3="none",E191,IF(K191="",NA(),K191)) -> 0 | R34: =IF(Charts!$B$3="none",F191,IF(L191="",NA(),L191)) -> 0 | S34: =IF(Charts!$B$3="none",G191,IF(M191="",NA(),M191)) -> 0 | T34: =IF(Charts!$B$3="none",H191,IF(N191="",NA(),N191)) -> 0
Q35: =IF(Charts!$B$3="none",E192,IF(K192="",NA(),K192)) -> 0 | R35: =IF(Charts!$B$3="none",F192,IF(L192="",NA(),L192)) -> 0 | S35: =IF(Charts!$B$3="none",G192,IF(M192="",NA(),M192)) -> 0 | T35: =IF(Charts!$B$3="none",H192,IF(N192="",NA(),N192)) -> 0
D36: step | E36: index | F36: sorted | G36: index | H36: aggregated | J36: step | K36: index | L36: sorted | M36: index | N36: aggregated | Q36: =IF(Charts!$B$3="none",E193,IF(K193="",NA(),K193)) -> 0 | R36: =IF(Charts!$B$3="none",F193,IF(L193="",NA(),L193)) -> 0 | S36: =IF(Charts!$B$3="none",G193,IF(M193="",NA(),M193)) -> 0 | T36: =IF(Charts!$B$3="none",H193,IF(N193="",NA(),N193)) -> 0
E37: 1 | F37: =F5 -> 0 | G37: 1 | H37: =H5 -> 0 | K37: 1 | L37: =L5 -> 0 | M37: 1 | N37: =N5 -> 0 | Q37: =IF(Charts!$B$3="none",E194,IF(K194="",NA(),K194)) -> 0 | R37: =IF(Charts!$B$3="none",F194,IF(L194="",NA(),L194)) -> 0 | S37: =IF(Charts!$B$3="none",G194,IF(M194="",NA(),M194)) -> 0 | T37: =IF(Charts!$B$3="none",H194,IF(N194="",NA(),N194)) -> 0
E38: 2 | F38: =F6 -> 0 | G38: 2 | H38: =H6 -> 0 | K38: 2 | L38: =L6 -> 0 | M38: 2 | N38: =N6 -> 0 | Q38: =IF(Charts!$B$3="none",E195,IF(K195="",NA(),K195)) -> 0 | R38: =IF(Charts!$B$3="none",F195,IF(L195="",NA(),L195)) -> 0 | S38: =IF(Charts!$B$3="none",G195,IF(M195="",NA(),M195)) -> 0 | T38: =IF(Charts!$B$3="none",H195,IF(N195="",NA(),N195)) -> 0
E39: 3 | F39: =F7 -> 0 | G39: 3 | H39: =H7 -> 0 | K39: 3 | L39: =L7 -> 0 | M39: 3 | N39: =N7 -> 0 | Q39: =IF(Charts!$B$3="none",E196,IF(K196="",NA(),K196)) -> 0 | R39: =IF(Charts!$B$3="none",F196,IF(L196="",NA(),L196)) -> 0 | S39: =IF(Charts!$B$3="none",G196,IF(M196="",NA(),M196)) -> 0 | T39: =IF(Charts!$B$3="none",H196,IF(N196="",NA(),N196)) -> 0
E40: 4 | F40: =F8 -> 0 | G40: 4 | H40: =H8 -> 0 | K40: 4 | L40: =L8 -> 0 | M40: 4 | N40: =N8 -> 0 | Q40: =IF(Charts!$B$3="none",E197,IF(K197="",NA(),K197)) -> 0 | R40: =IF(Charts!$B$3="none",F197,IF(L197="",NA(),L197)) -> 0 | S40: =IF(Charts!$B$3="none",G197,IF(M197="",NA(),M197)) -> 0 | T40: =IF(Charts!$B$3="none",H197,IF(N197="",NA(),N197)) -> 0
E41: 5 | F41: =F9 -> 0 | G41: 5 | H41: =H9 -> 0 | K41: 5 | L41: =L9 -> 0 | M41: 5 | N41: =N9 -> 0 | Q41: =IF(Charts!$B$3="none",E198,IF(K198="",NA(),K198)) -> 0 | R41: =IF(Charts!$B$3="none",F198,IF(L198="",NA(),L198)) -> 0 | S41: =IF(Charts!$B$3="none",G198,IF(M198="",NA(),M198)) -> 0 | T41: =IF(Charts!$B$3="none",H198,IF(N198="",NA(),N198)) -> 0
E42: 6 | F42: =F10 -> 0 | G42: 6 | H42: =H10 -> 0 | K42: 6 | L42: =L10 -> 0 | M42: 6 | N42: =N10 -> 0 | Q42: =IF(Charts!$B$3="none",E199,IF(K199="",NA(),K199)) -> 0 | R42: =IF(Charts!$B$3="none",F199,IF(L199="",NA(),L199)) -> 0 | S42: =IF(Charts!$B$3="none",G199,IF(M199="",NA(),M199)) -> 0 | T42: =IF(Charts!$B$3="none",H199,IF(N199="",NA(),N199)) -> 0
E43: 7 | F43: =F11 -> 0 | G43: 7 | H43: =H11 -> 0 | K43: 7 | L43: =L11 -> 0 | M43: 7 | N43: =N11 -> 0 | Q43: =IF(Charts!$B$3="none",E200,IF(K200="",NA(),K200)) -> 0 | R43: =IF(Charts!$B$3="none",F200,IF(L200="",NA(),L200)) -> 0 | S43: =IF(Charts!$B$3="none",G200,IF(M200="",NA(),M200)) -> 0 | T43: =IF(Charts!$B$3="none",H200,IF(N200="",NA(),N200)) -> 0
E44: 8 | F44: =F12 -> 0 | G44: 8 | H44: =H12 -> 0 | K44: 8 | L44: =L12 -> 0 | M44: 8 | N44: =N12 -> 0 | Q44: =IF(Charts!$B$3="none",E201,IF(K201="",NA(),K201)) -> 0 | R44: =IF(Charts!$B$3="none",F201,IF(L201="",NA(),L201)) -> 0 | S44: =IF(Charts!$B$3="none",G201,IF(M201="",NA(),M201)) -> 0 | T44: =IF(Charts!$B$3="none",H201,IF(N201="",NA(),N201)) -> 0
E45: 9 | F45: =F13 -> 0 | G45: 9 | H45: =H13 -> 0 | K45: 9 | L45: =L13 -> 0 | M45: 9 | N45: =N13 -> 0 | Q45: =IF(Charts!$B$3="none",E202,IF(K202="",NA(),K202)) -> 0 | R45: =IF(Charts!$B$3="none",F202,IF(L202="",NA(),L202)) -> 0 | S45: =IF(Charts!$B$3="none",G202,IF(M202="",NA(),M202)) -> 0 | T45: =IF(Charts!$B$3="none",H202,IF(N202="",NA(),N202)) -> 0
E46: 10 | F46: =F14 -> 0 | G46: 10 | H46: =H14 -> 0 | K46: 10 | L46: =L14 -> 0 | M46: 10 | N46: =N14 -> 0 | Q46: =IF(Charts!$B$3="none",E203,IF(K203="",NA(),K203)) -> 0 | R46: =IF(Charts!$B$3="none",F203,IF(L203="",NA(),L203)) -> 0 | S46: =IF(Charts!$B$3="none",G203,IF(M203="",NA(),M203)) -> 0 | T46: =IF(Charts!$B$3="none",H203,IF(N203="",NA(),N203)) -> 0
E47: 11 | F47: =F15 -> 0 | G47: 11 | H47: =H15 -> 0 | K47: 11 | L47: =L15 -> 0 | M47: 11 | N47: =N15 -> 0 | Q47: =IF(Charts!$B$3="none",E204,IF(K204="",NA(),K204)) -> 0 | R47: =IF(Charts!$B$3="none",F204,IF(L204="",NA(),L204)) -> 0 | S47: =IF(Charts!$B$3="none",G204,IF(M204="",NA(),M204)) -> 0 | T47: =IF(Charts!$B$3="none",H204,IF(N204="",NA(),N204)) -> 0
E48: 12 | F48: =F16 -> 0 | G48: 12 | H48: =H16 -> 0 | K48: 12 | L48: =L16 -> 0 | M48: 12 | N48: =N16 -> 0 | Q48: =IF(Charts!$B$3="none",E205,IF(K205="",NA(),K205)) -> 0 | R48: =IF(Charts!$B$3="none",F205,IF(L205="",NA(),L205)) -> 0 | S48: =IF(Charts!$B$3="none",G205,IF(M205="",NA(),M205)) -> 0 | T48: =IF(Charts!$B$3="none",H205,IF(N205="",NA(),N205)) -> 0
... E64: 28 | F64: =F32 -> 0 | G64: 28 | H64: =H32 -> 0 | K64: 28 | L64: =L32 -> 0 | M64: 28 | N64: =N32 -> 0 | Q64: =IF(Charts!$B$3="none",E221,IF(K221="",NA(),K221)) -> 0 | R64: =IF(Charts!$B$3="none",F221,IF(L221="",NA(),L221)) -> 0 | S64: =IF(Charts!$B$3="none",G221,IF(M221="",NA(),M221)) -> 0 | T64: =IF(Charts!$B$3="none",H221,IF(N221="",NA(),N221)) -> 0
E65: 29 | F65: =F33 -> 0 | G65: 29 | H65: =H33 -> 0 | K65: 29 | L65: =L33 -> 0 | M65: 29 | N65: =N33 -> 0
E66: 30 | F66: =F34 -> 0 | G66: 30 | H66: =H34 -> 0 | K66: 30 | L66: =L34 -> 0 | M66: 30 | N66: =N34 -> 0
E67: 2 | F67: =IF(F6="","",F5) -> 0 | G67: 2 | H67: =H5 -> 0 | K67: 2 | L67: =IF(L6="","",L5) -> 0 | M67: 2 | N67: =N5 -> 0
E68: 3 | F68: =IF(F7="","",F6) -> 0 | G68: 3 | H68: =H6 -> 0 | K68: 3 | L68: =IF(L7="","",L6) -> 0 | M68: 3 | N68: =N6 -> 0
E69: 4 | F69: =IF(F8="","",F7) -> 0 | G69: 4 | H69: =H7 -> 0 | K69: 4 | L69: =IF(L8="","",L7) -> 0 | M69: 4 | N69: =N7 -> 0
E70: 5 | F70: =IF(F9="","",F8) -> 0 | G70: 5 | H70: =H8 -> 0 | K70: 5 | L70: =IF(L9="","",L8) -> 0 | M70: 5 | N70: =N8 -> 0
E71: 6 | F71: =IF(F10="","",F9) -> 0 | G71: 6 | H71: =H9 -> 0 | K71: 6 | L71: =IF(L10="","",L9) -> 0 | M71: 6 | N71: =N9 -> 0
E72: 7 | F72: =IF(F11="","",F10) -> 0 | G72: 7 | H72: =H10 -> 0 | K72: 7 | L72: =IF(L11="","",L10) -> 0 | M72: 7 | N72: =N10 -> 0
E73: 8 | F73: =IF(F12="","",F11) -> 0 | G73: 8 | H73: =H11 -> 0 | K73: 8 | L73: =IF(L12="","",L11) -> 0 | M73: 8 | N73: =N11 -> 0
E74: 9 | F74: =IF(F13="","",F12) -> 0 | G74: 9 | H74: =H12 -> 0 | K74: 9 | L74: =IF(L13="","",L12) -> 0 | M74: 9 | N74: =N12 -> 0
E75: 10 | F75: =IF(F14="","",F13) -> 0 | G75: 10 | H75: =H13 -> 0 | K75: 10 | L75: =IF(L14="","",L13) -> 0 | M75: 10 | N75: =N13 -> 0
E76: 11 | F76: =IF(F15="","",F14) -> 0 | G76: 11 | H76: =H14 -> 0 | K76: 11 | L76: =IF(L15="","",L14) -> 0 | M76: 11 | N76: =N14 -> 0
E77: 12 | F77: =IF(F16="","",F15) -> 0 | G77: 12 | H77: =H15 -> 0 | K77: 12 | L77: =IF(L16="","",L15) -> 0 | M77: 12 | N77: =N15 -> 0
E78: 13 | F78: =IF(F17="","",F16) -> 0 | G78: 13 | H78: =H16 -> 0 | K78: 13 | L78: =IF(L17="","",L16) -> 0 | M78: 13 | N78: =N16 -> 0
... E95: 30 | F95: =IF(F34="","",F33) -> 0 | G95: 30 | H95: =H33 -> 0 | K95: 30 | L95: =IF(L34="","",L33) -> 0 | M95: 30 | N95: =N33 -> 0
E96: 0 | F96: 0 | G96: 0 | H96: 0 | K96: 0 | L96: 0 | M96: 0 | N96: 0
E97: 1 | F97: 0 | G97: 1 | H97: 0 | K97: 1 | L97: 0 | M97: 1 | N97: 0
D99: sort | E99: index | F99: sorted | G99: index | H99: aggregated | J99: sort | K99: index | L99: sorted | M99: index | N99: aggregated
E100: =IFERROR(SMALL(E37:E97,ROW()-ROW($E$100)+1),"") -> 0 | F100: =IFERROR(SMALL(F37:F97,ROW()-ROW($F$100)+1),"") -> 0 | G100: =IFERROR(SMALL(G37:G97,ROW()-ROW($G$100)+1),"") -> 0 | H100: =IFERROR(SMALL(H37:H97,ROW()-ROW($H$100)+1),"") -> 0 | K100: =IFERROR(SMALL(K37:K97,ROW()-ROW($K$100)+1),"") -> 0 | L100: =IFERROR(SMALL(L37:L97,ROW()-ROW($L$100)+1),"") -> 0 | M100: =IFERROR(SMALL(M37:M97,ROW()-ROW($M$100)+1),"") -> 0 | N100: =IFERROR(SMALL(N37:N97,ROW()-ROW($N$100)+1),"") -> 0
E101: =IFERROR(SMALL(E37:E97,ROW()-ROW($E$100)+1),"") -> 0 | F101: =IFERROR(SMALL(F37:F97,ROW()-ROW($F$100)+1),"") -> 0 | G101: =IFERROR(SMALL(G37:G97,ROW()-ROW($G$100)+1),"") -> 0 | H101: =IFERROR(SMALL(H37:H97,ROW()-ROW($H$100)+1),"") -> 0 | K101: =IFERROR(SMALL(K37:K97,ROW()-ROW($K$100)+1),"") -> 0 | L101: =IFERROR(SMALL(L37:L97,ROW()-ROW($L$100)+1),"") -> 0 | M101: =IFERROR(SMALL(M37:M97,ROW()-ROW($M$100)+1),"") -> 0 | N101: =IFERROR(SMALL(N37:N97,ROW()-ROW($N$100)+1),"") -> 0
E102: =IFERROR(SMALL(E37:E97,ROW()-ROW($E$100)+1),"") -> 0 | F102: =IFERROR(SMALL(F37:F97,ROW()-ROW($F$100)+1),"") -> 0 | G102: =IFERROR(SMALL(G37:G97,ROW()-ROW($G$100)+1),"") -> 0 | H102: =IFERROR(SMALL(H37:H97,ROW()-ROW($H$100)+1),"") -> 0 | K102: =IFERROR(SMALL(K37:K97,ROW()-ROW($K$100)+1),"") -> 0 | L102: =IFERROR(SMALL(L37:L97,ROW()-ROW($L$100)+1),"") -> 0 | M102: =IFERROR(SMALL(M37:M97,ROW()-ROW($M$100)+1),"") -> 0 | N102: =IFERROR(SMALL(N37:N97,ROW()-ROW($N$100)+1),"") -> 0
E103: =IFERROR(SMALL(E37:E97,ROW()-ROW($E$100)+1),"") -> 0 | F103: =IFERROR(SMALL(F37:F97,ROW()-ROW($F$100)+1),"") -> 0 | G103: =IFERROR(SMALL(G37:G97,ROW()-ROW($G$100)+1),"") -> 0 | H103: =IFERROR(SMALL(H37:H97,ROW()-ROW($H$100)+1),"") -> 0 | K103: =IFERROR(SMALL(K37:K97,ROW()-ROW($K$100)+1),"") -> 0 | L103: =IFERROR(SMALL(L37:L97,ROW()-ROW($L$100)+1),"") -> 0 | M103: =IFERROR(SMALL(M37:M97,ROW()-ROW($M$100)+1),"") -> 0 | N103: =IFERROR(SMALL(N37:N97,ROW()-ROW($N$100)+1),"") -> 0
E104: =IFERROR(SMALL(E37:E97,ROW()-ROW($E$100)+1),"") -> 0 | F104: =IFERROR(SMALL(F37:F97,ROW()-ROW($F$100)+1),"") -> 0 | G104: =IFERROR(SMALL(G37:G97,ROW()-ROW($G$100)+1),"") -> 0 | H104: =IFERROR(SMALL(H37:H97,ROW()-ROW($H$100)+1),"") -> 0 | K104: =IFERROR(SMALL(K37:K97,ROW()-ROW($K$100)+1),"") -> 0 | L104: =IFERROR(SMALL(L37:L97,ROW()-ROW($L$100)+1),"") -> 0 | M104: =IFERROR(SMALL(M37:M97,ROW()-ROW($M$100)+1),"") -> 0 | N104: =IFERROR(SMALL(N37:N97,ROW()-ROW($N$100)+1),"") -> 0
E105: =IFERROR(SMALL(E37:E97,ROW()-ROW($E$100)+1),"") -> 0 | F105: =IFERROR(SMALL(F37:F97,ROW()-ROW($F$100)+1),"") -> 0 | G105: =IFERROR(SMALL(G37:G97,ROW()-ROW($G$100)+1),"") -> 0 | H105: =IFERROR(SMALL(H37:H97,ROW()-ROW($H$100)+1),"") -> 0 | K105: =IFERROR(SMALL(K37:K97,ROW()-ROW($K$100)+1),"") -> 0 | L105: =IFERROR(SMALL(L37:L97,ROW()-ROW($L$100)+1),"") -> 0 | M105: =IFERROR(SMALL(M37:M97,ROW()-ROW($M$100)+1),"") -> 0 | N105: =IFERROR(SMALL(N37:N97,ROW()-ROW($N$100)+1),"") -> 0
E106: =IFERROR(SMALL(E37:E97,ROW()-ROW($E$100)+1),"") -> 0 | F106: =IFERROR(SMALL(F37:F97,ROW()-ROW($F$100)+1),"") -> 0 | G106: =IFERROR(SMALL(G37:G97,ROW()-ROW($G$100)+1),"") -> 0 | H106: =IFERROR(SMALL(H37:H97,ROW()-ROW($H$100)+1),"") -> 0 | K106: =IFERROR(SMALL(K37:K97,ROW()-ROW($K$100)+1),"") -> 0 | L106: =IFERROR(SMALL(L37:L97,ROW()-ROW($L$100)+1),"") -> 0 | M106: =IFERROR(SMALL(M37:M97,ROW()-ROW($M$100)+1),"") -> 0 | N106: =IFERROR(SMALL(N37:N97,ROW()-ROW($N$100)+1),"") -> 0
E107: =IFERROR(SMALL(E37:E97,ROW()-ROW($E$100)+1),"") -> 0 | F107: =IFERROR(SMALL(F37:F97,ROW()-ROW($F$100)+1),"") -> 0 | G107: =IFERROR(SMALL(G37:G97,ROW()-ROW($G$100)+1),"") -> 0 | H107: =IFERROR(SMALL(H37:H97,ROW()-ROW($H$100)+1),"") -> 0 | K107: =IFERROR(SMALL(K37:K97,ROW()-ROW($K$100)+1),"") -> 0 | L107: =IFERROR(SMALL(L37:L97,ROW()-ROW($L$100)+1),"") -> 0 | M107: =IFERROR(SMALL(M37:M97,ROW()-ROW($M$100)+1),"") -> 0 | N107: =IFERROR(SMALL(N37:N97,ROW()-ROW($N$100)+1),"") -> 0
E108: =IFERROR(SMALL(E37:E97,ROW()-ROW($E$100)+1),"") -> 0 | F108: =IFERROR(SMALL(F37:F97,ROW()-ROW($F$100)+1),"") -> 0 | G108: =IFERROR(SMALL(G37:G97,ROW()-ROW($G$100)+1),"") -> 0 | H108: =IFERROR(SMALL(H37:H97,ROW()-ROW($H$100)+1),"") -> 0 | K108: =IFERROR(SMALL(K37:K97,ROW()-ROW($K$100)+1),"") -> 0 | L108: =IFERROR(SMALL(L37:L97,ROW()-ROW($L$100)+1),"") -> 0 | M108: =IFERROR(SMALL(M37:M97,ROW()-ROW($M$100)+1),"") -> 0 | N108: =IFERROR(SMALL(N37:N97,ROW()-ROW($N$100)+1),"") -> 0
E109: =IFERROR(SMALL(E37:E97,ROW()-ROW($E$100)+1),"") -> 0 | F109: =IFERROR(SMALL(F37:F97,ROW()-ROW($F$100)+1),"") -> 0 | G109: =IFERROR(SMALL(G37:G97,ROW()-ROW($G$100)+1),"") -> 0 | H109: =IFERROR(SMALL(H37:H97,ROW()-ROW($H$100)+1),"") -> 0 | K109: =IFERROR(SMALL(K37:K97,ROW()-ROW($K$100)+1),"") -> 0 | L109: =IFERROR(SMALL(L37:L97,ROW()-ROW($L$100)+1),"") -> 0 | M109: =IFERROR(SMALL(M37:M97,ROW()-ROW($M$100)+1),"") -> 0 | N109: =IFERROR(SMALL(N37:N97,ROW()-ROW($N$100)+1),"") -> 0
E110: =IFERROR(SMALL(E37:E97,ROW()-ROW($E$100)+1),"") -> 0 | F110: =IFERROR(SMALL(F37:F97,ROW()-ROW($F$100)+1),"") -> 0 | G110: =IFERROR(SMALL(G37:G97,ROW()-ROW($G$100)+1),"") -> 0 | H110: =IFERROR(SMALL(H37:H97,ROW()-ROW($H$100)+1),"") -> 0 | K110: =IFERROR(SMALL(K37:K97,ROW()-ROW($K$100)+1),"") -> 0 | L110: =IFERROR(SMALL(L37:L97,ROW()-ROW($L$100)+1),"") -> 0 | M110: =IFERROR(SMALL(M37:M97,ROW()-ROW($M$100)+1),"") -> 0 | N110: =IFERROR(SMALL(N37:N97,ROW()-ROW($N$100)+1),"") -> 0
E111: =IFERROR(SMALL(E37:E97,ROW()-ROW($E$100)+1),"") -> 0 | F111: =IFERROR(SMALL(F37:F97,ROW()-ROW($F$100)+1),"") -> 0 | G111: =IFERROR(SMALL(G37:G97,ROW()-ROW($G$100)+1),"") -> 0 | H111: =IFERROR(SMALL(H37:H97,ROW()-ROW($H$100)+1),"") -> 0 | K111: =IFERROR(SMALL(K37:K97,ROW()-ROW($K$100)+1),"") -> 0 | L111: =IFERROR(SMALL(L37:L97,ROW()-ROW($L$100)+1),"") -> 0 | M111: =IFERROR(SMALL(M37:M97,ROW()-ROW($M$100)+1),"") -> 0 | N111: =IFERROR(SMALL(N37:N97,ROW()-ROW($N$100)+1),"") -> 0
E112: =IFERROR(SMALL(E37:E97,ROW()-ROW($E$100)+1),"") -> 0 | F112: =IFERROR(SMALL(F37:F97,ROW()-ROW($F$100)+1),"") -> 0 | G112: =IFERROR(SMALL(G37:G97,ROW()-ROW($G$100)+1),"") -> 0 | H112: =IFERROR(SMALL(H37:H97,ROW()-ROW($H$100)+1),"") -> 0 | K112: =IFERROR(SMALL(K37:K97,ROW()-ROW($K$100)+1),"") -> 0 | L112: =IFERROR(SMALL(L37:L97,ROW()-ROW($L$100)+1),"") -> 0 | M112: =IFERROR(SMALL(M37:M97,ROW()-ROW($M$100)+1),"") -> 0 | N112: =IFERROR(SMALL(N37:N97,ROW()-ROW($N$100)+1),"") -> 0
E113: =IFERROR(SMALL(E37:E97,ROW()-ROW($E$100)+1),"") -> 0 | F113: =IFERROR(SMALL(F37:F97,ROW()-ROW($F$100)+1),"") -> 0 | G113: =IFERROR(SMALL(G37:G97,ROW()-ROW($G$100)+1),"") -> 0 | H113: =IFERROR(SMALL(H37:H97,ROW()-ROW($H$100)+1),"") -> 0 | K113: =IFERROR(SMALL(K37:K97,ROW()-ROW($K$100)+1),"") -> 0 | L113: =IFERROR(SMALL(L37:L97,ROW()-ROW($L$100)+1),"") -> 0 | M113: =IFERROR(SMALL(M37:M97,ROW()-ROW($M$100)+1),"") -> 0 | N113: =IFERROR(SMALL(N37:N97,ROW()-ROW($N$100)+1),"") -> 0
E114: =IFERROR(SMALL(E37:E97,ROW()-ROW($E$100)+1),"") -> 0 | F114: =IFERROR(SMALL(F37:F97,ROW()-ROW($F$100)+1),"") -> 0 | G114: =IFERROR(SMALL(G37:G97,ROW()-ROW($G$100)+1),"") -> 0 | H114: =IFERROR(SMALL(H37:H97,ROW()-ROW($H$100)+1),"") -> 0 | K114: =IFERROR(SMALL(K37:K97,ROW()-ROW($K$100)+1),"") -> 0 | L114: =IFERROR(SMALL(L37:L97,ROW()-ROW($L$100)+1),"") -> 0 | M114: =IFERROR(SMALL(M37:M97,ROW()-ROW($M$100)+1),"") -> 0 | N114: =IFERROR(SMALL(N37:N97,ROW()-ROW($N$100)+1),"") -> 0
E115: =IFERROR(SMALL(E37:E97,ROW()-ROW($E$100)+1),"") -> 0 | F115: =IFERROR(SMALL(F37:F97,ROW()-ROW($F$100)+1),"") -> 0 | G115: =IFERROR(SMALL(G37:G97,ROW()-ROW($G$100)+1),"") -> 0 | H115: =IFERROR(SMALL(H37:H97,ROW()-ROW($H$100)+1),"") -> 0 | K115: =IFERROR(SMALL(K37:K97,ROW()-ROW($K$100)+1),"") -> 0 | L115: =IFERROR(SMALL(L37:L97,ROW()-ROW($L$100)+1),"") -> 0 | M115: =IFERROR(SMALL(M37:M97,ROW()-ROW($M$100)+1),"") -> 0 | N115: =IFERROR(SMALL(N37:N97,ROW()-ROW($N$100)+1),"") -> 0
E116: =IFERROR(SMALL(E37:E97,ROW()-ROW($E$100)+1),"") -> 0 | F116: =IFERROR(SMALL(F37:F97,ROW()-ROW($F$100)+1),"") -> 0 | G116: =IFERROR(SMALL(G37:G97,ROW()-ROW($G$100)+1),"") -> 0 | H116: =IFERROR(SMALL(H37:H97,ROW()-ROW($H$100)+1),"") -> 0 | K116: =IFERROR(SMALL(K37:K97,ROW()-ROW($K$100)+1),"") -> 0 | L116: =IFERROR(SMALL(L37:L97,ROW()-ROW($L$100)+1),"") -> 0 | M116: =IFERROR(SMALL(M37:M97,ROW()-ROW($M$100)+1),"") -> 0 | N116: =IFERROR(SMALL(N37:N97,ROW()-ROW($N$100)+1),"") -> 0
E117: =IFERROR(SMALL(E37:E97,ROW()-ROW($E$100)+1),"") -> 0 | F117: =IFERROR(SMALL(F37:F97,ROW()-ROW($F$100)+1),"") -> 0 | G117: =IFERROR(SMALL(G37:G97,ROW()-ROW($G$100)+1),"") -> 0 | H117: =IFERROR(SMALL(H37:H97,ROW()-ROW($H$100)+1),"") -> 0 | K117: =IFERROR(SMALL(K37:K97,ROW()-ROW($K$100)+1),"") -> 0 | L117: =IFERROR(SMALL(L37:L97,ROW()-ROW($L$100)+1),"") -> 0 | M117: =IFERROR(SMALL(M37:M97,ROW()-ROW($M$100)+1),"") -> 0 | N117: =IFERROR(SMALL(N37:N97,ROW()-ROW($N$100)+1),"") -> 0
E118: =IFERROR(SMALL(E37:E97,ROW()-ROW($E$100)+1),"") -> 0 | F118: =IFERROR(SMALL(F37:F97,ROW()-ROW($F$100)+1),"") -> 0 | G118: =IFERROR(SMALL(G37:G97,ROW()-ROW($G$100)+1),"") -> 0 | H118: =IFERROR(SMALL(H37:H97,ROW()-ROW($H$100)+1),"") -> 0 | K118: =IFERROR(SMALL(K37:K97,ROW()-ROW($K$100)+1),"") -> 0 | L118: =IFERROR(SMALL(L37:L97,ROW()-ROW($L$100)+1),"") -> 0 | M118: =IFERROR(SMALL(M37:M97,ROW()-ROW($M$100)+1),"") -> 0 | N118: =IFERROR(SMALL(N37:N97,ROW()-ROW($N$100)+1),"") -> 0
E119: =IFERROR(SMALL(E37:E97,ROW()-ROW($E$100)+1),"") -> 0 | F119: =IFERROR(SMALL(F37:F97,ROW()-ROW($F$100)+1),"") -> 0 | G119: =IFERROR(SMALL(G37:G97,ROW()-ROW($G$100)+1),"") -> 0 | H119: =IFERROR(SMALL(H37:H97,ROW()-ROW($H$100)+1),"") -> 0 | K119: =IFERROR(SMALL(K37:K97,ROW()-ROW($K$100)+1),"") -> 0 | L119: =IFERROR(SMALL(L37:L97,ROW()-ROW($L$100)+1),"") -> 0 | M119: =IFERROR(SMALL(M37:M97,ROW()-ROW($M$100)+1),"") -> 0 | N119: =IFERROR(SMALL(N37:N97,ROW()-ROW($N$100)+1),"") -> 0
E120: =IFERROR(SMALL(E37:E97,ROW()-ROW($E$100)+1),"") -> 0 | F120: =IFERROR(SMALL(F37:F97,ROW()-ROW($F$100)+1),"") -> 0 | G120: =IFERROR(SMALL(G37:G97,ROW()-ROW($G$100)+1),"") -> 0 | H120: =IFERROR(SMALL(H37:H97,ROW()-ROW($H$100)+1),"") -> 0 | K120: =IFERROR(SMALL(K37:K97,ROW()-ROW($K$100)+1),"") -> 0 | L120: =IFERROR(SMALL(L37:L97,ROW()-ROW($L$100)+1),"") -> 0 | M120: =IFERROR(SMALL(M37:M97,ROW()-ROW($M$100)+1),"") -> 0 | N120: =IFERROR(SMALL(N37:N97,ROW()-ROW($N$100)+1),"") -> 0
E121: =IFERROR(SMALL(E37:E97,ROW()-ROW($E$100)+1),"") -> 0 | F121: =IFERROR(SMALL(F37:F97,ROW()-ROW($F$100)+1),"") -> 0 | G121: =IFERROR(SMALL(G37:G97,ROW()-ROW($G$100)+1),"") -> 0 | H121: =IFERROR(SMALL(H37:H97,ROW()-ROW($H$100)+1),"") -> 0 | K121: =IFERROR(SMALL(K37:K97,ROW()-ROW($K$100)+1),"") -> 0 | L121: =IFERROR(SMALL(L37:L97,ROW()-ROW($L$100)+1),"") -> 0 | M121: =IFERROR(SMALL(M37:M97,ROW()-ROW($M$100)+1),"") -> 0 | N121: =IFERROR(SMALL(N37:N97,ROW()-ROW($N$100)+1),"") -> 0
E122: =IFERROR(SMALL(E37:E97,ROW()-ROW($E$100)+1),"") -> 0 | F122: =IFERROR(SMALL(F37:F97,ROW()-ROW($F$100)+1),"") -> 0 | G122: =IFERROR(SMALL(G37:G97,ROW()-ROW($G$100)+1),"") -> 0 | H122: =IFERROR(SMALL(H37:H97,ROW()-ROW($H$100)+1),"") -> 0 | K122: =IFERROR(SMALL(K37:K97,ROW()-ROW($K$100)+1),"") -> 0 | L122: =IFERROR(SMALL(L37:L97,ROW()-ROW($L$100)+1),"") -> 0 | M122: =IFERROR(SMALL(M37:M97,ROW()-ROW($M$100)+1),"") -> 0 | N122: =IFERROR(SMALL(N37:N97,ROW()-ROW($N$100)+1),"") -> 0
E123: =IFERROR(SMALL(E37:E97,ROW()-ROW($E$100)+1),"") -> 0 | F123: =IFERROR(SMALL(F37:F97,ROW()-ROW($F$100)+1),"") -> 0 | G123: =IFERROR(SMALL(G37:G97,ROW()-ROW($G$100)+1),"") -> 0 | H123: =IFERROR(SMALL(H37:H97,ROW()-ROW($H$100)+1),"") -> 0 | K123: =IFERROR(SMALL(K37:K97,ROW()-ROW($K$100)+1),"") -> 0 | L123: =IFERROR(SMALL(L37:L97,ROW()-ROW($L$100)+1),"") -> 0 | M123: =IFERROR(SMALL(M37:M97,ROW()-ROW($M$100)+1),"") -> 0 | N123: =IFERROR(SMALL(N37:N97,ROW()-ROW($N$100)+1),"") -> 0
E124: =IFERROR(SMALL(E37:E97,ROW()-ROW($E$100)+1),"") -> 0 | F124: =IFERROR(SMALL(F37:F97,ROW()-ROW($F$100)+1),"") -> 0 | G124: =IFERROR(SMALL(G37:G97,ROW()-ROW($G$100)+1),"") -> 0 | H124: =IFERROR(SMALL(H37:H97,ROW()-ROW($H$100)+1),"") -> 0 | K124: =IFERROR(SMALL(K37:K97,ROW()-ROW($K$100)+1),"") -> 0 | L124: =IFERROR(SMALL(L37:L97,ROW()-ROW($L$100)+1),"") -> 0 | M124: =IFERROR(SMALL(M37:M97,ROW()-ROW($M$100)+1),"") -> 0 | N124: =IFERROR(SMALL(N37:N97,ROW()-ROW($N$100)+1),"") -> 0
E125: =IFERROR(SMALL(E37:E97,ROW()-ROW($E$100)+1),"") -> 0 | F125: =IFERROR(SMALL(F37:F97,ROW()-ROW($F$100)+1),"") -> 0 | G125: =IFERROR(SMALL(G37:G97,ROW()-ROW($G$100)+1),"") -> 0 | H125: =IFERROR(SMALL(H37:H97,ROW()-ROW($H$100)+1),"") -> 0 | K125: =IFERROR(SMALL(K37:K97,ROW()-ROW($K$100)+1),"") -> 0 | L125: =IFERROR(SMALL(L37:L97,ROW()-ROW($L$100)+1),"") -> 0 | M125: =IFERROR(SMALL(M37:M97,ROW()-ROW($M$100)+1),"") -> 0 | N125: =IFERROR(SMALL(N37:N97,ROW()-ROW($N$100)+1),"") -> 0
E126: =IFERROR(SMALL(E37:E97,ROW()-ROW($E$100)+1),"") -> 0 | F126: =IFERROR(SMALL(F37:F97,ROW()-ROW($F$100)+1),"") -> 0 | G126: =IFERROR(SMALL(G37:G97,ROW()-ROW($G$100)+1),"") -> 0 | H126: =IFERROR(SMALL(H37:H97,ROW()-ROW($H$100)+1),"") -> 0 | K126: =IFERROR(SMALL(K37:K97,ROW()-ROW($K$100)+1),"") -> 0 | L126: =IFERROR(SMALL(L37:L97,ROW()-ROW($L$100)+1),"") -> 0 | M126: =IFERROR(SMALL(M37:M97,ROW()-ROW($M$100)+1),"") -> 0 | N126: =IFERROR(SMALL(N37:N97,ROW()-ROW($N$100)+1),"") -> 0
E127: =IFERROR(SMALL(E37:E97,ROW()-ROW($E$100)+1),"") -> 0 | F127: =IFERROR(SMALL(F37:F97,ROW()-ROW($F$100)+1),"") -> 0 | G127: =IFERROR(SMALL(G37:G97,ROW()-ROW($G$100)+1),"") -> 0 | H127: =IFERROR(SMALL(H37:H97,ROW()-ROW($H$100)+1),"") -> 0 | K127: =IFERROR(SMALL(K37:K97,ROW()-ROW($K$100)+1),"") -> 0 | L127: =IFERROR(SMALL(L37:L97,ROW()-ROW($L$100)+1),"") -> 0 | M127: =IFERROR(SMALL(M37:M97,ROW()-ROW($M$100)+1),"") -> 0 | N127: =IFERROR(SMALL(N37:N97,ROW()-ROW($N$100)+1),"") -> 0
E128: =IFERROR(SMALL(E37:E97,ROW()-ROW($E$100)+1),"") -> 0 | F128: =IFERROR(SMALL(F37:F97,ROW()-ROW($F$100)+1),"") -> 0 | G128: =IFERROR(SMALL(G37:G97,ROW()-ROW($G$100)+1),"") -> 0 | H128: =IFERROR(SMALL(H37:H97,ROW()-ROW($H$100)+1),"") -> 0 | K128: =IFERROR(SMALL(K37:K97,ROW()-ROW($K$100)+1),"") -> 0 | L128: =IFERROR(SMALL(L37:L97,ROW()-ROW($L$100)+1),"") -> 0 | M128: =IFERROR(SMALL(M37:M97,ROW()-ROW($M$100)+1),"") -> 0 | N128: =IFERROR(SMALL(N37:N97,ROW()-ROW($N$100)+1),"") -> 0
E129: =IFERROR(SMALL(E37:E97,ROW()-ROW($E$100)+1),"") -> 0 | F129: =IFERROR(SMALL(F37:F97,ROW()-ROW($F$100)+1),"") -> 0 | G129: =IFERROR(SMALL(G37:G97,ROW()-ROW($G$100)+1),"") -> 0 | H129: =IFERROR(SMALL(H37:H97,ROW()-ROW($H$100)+1),"") -> 0 | K129: =IFERROR(SMALL(K37:K97,ROW()-ROW($K$100)+1),"") -> 0 | L129: =IFERROR(SMALL(L37:L97,ROW()-ROW($L$100)+1),"") -> 0 | M129: =IFERROR(SMALL(M37:M97,ROW()-ROW($M$100)+1),"") -> 0 | N129: =IFERROR(SMALL(N37:N97,ROW()-ROW($N$100)+1),"") -> 0
E130: =IFERROR(SMALL(E37:E97,ROW()-ROW($E$100)+1),"") -> 0 | F130: =IFERROR(SMALL(F37:F97,ROW()-ROW($F$100)+1),"") -> 0 | G130: =IFERROR(SMALL(G37:G97,ROW()-ROW($G$100)+1),"") -> 0 | H130: =IFERROR(SMALL(H37:H97,ROW()-ROW($H$100)+1),"") -> 0 | K130: =IFERROR(SMALL(K37:K97,ROW()-ROW($K$100)+1),"") -> 0 | L130: =IFERROR(SMALL(L37:L97,ROW()-ROW($L$100)+1),"") -> 0 | M130: =IFERROR(SMALL(M37:M97,ROW()-ROW($M$100)+1),"") -> 0 | N130: =IFERROR(SMALL(N37:N97,ROW()-ROW($N$100)+1),"") -> 0
E131: =IFERROR(SMALL(E37:E97,ROW()-ROW($E$100)+1),"") -> 0 | F131: =IFERROR(SMALL(F37:F97,ROW()-ROW($F$100)+1),"") -> 0 | G131: =IFERROR(SMALL(G37:G97,ROW()-ROW($G$100)+1),"") -> 0 | H131: =IFERROR(SMALL(H37:H97,ROW()-ROW($H$100)+1),"") -> 0 | K131: =IFERROR(SMALL(K37:K97,ROW()-ROW($K$100)+1),"") -> 0 | L131: =IFERROR(SMALL(L37:L97,ROW()-ROW($L$100)+1),"") -> 0 | M131: =IFERROR(SMALL(M37:M97,ROW()-ROW($M$100)+1),"") -> 0 | N131: =IFERROR(SMALL(N37:N97,ROW()-ROW($N$100)+1),"") -> 0
E132: =IFERROR(SMALL(E37:E97,ROW()-ROW($E$100)+1),"") -> 0 | F132: =IFERROR(SMALL(F37:F97,ROW()-ROW($F$100)+1),"") -> 0 | G132: =IFERROR(SMALL(G37:G97,ROW()-ROW($G$100)+1),"") -> 0 | H132: =IFERROR(SMALL(H37:H97,ROW()-ROW($H$100)+1),"") -> 0 | K132: =IFERROR(SMALL(K37:K97,ROW()-ROW($K$100)+1),"") -> 0 | L132: =IFERROR(SMALL(L37:L97,ROW()-ROW($L$100)+1),"") -> 0 | M132: =IFERROR(SMALL(M37:M97,ROW()-ROW($M$100)+1),"") -> 0 | N132: =IFERROR(SMALL(N37:N97,ROW()-ROW($N$100)+1),"") -> 0
E133: =IFERROR(SMALL(E37:E97,ROW()-ROW($E$100)+1),"") -> 0 | F133: =IFERROR(SMALL(F37:F97,ROW()-ROW($F$100)+1),"") -> 0 | G133: =IFERROR(SMALL(G37:G97,ROW()-ROW($G$100)+1),"") -> 0 | H133: =IFERROR(SMALL(H37:H97,ROW()-ROW($H$100)+1),"") -> 0 | K133: =IFERROR(SMALL(K37:K97,ROW()-ROW($K$100)+1),"") -> 0 | L133: =IFERROR(SMALL(L37:L97,ROW()-ROW($L$100)+1),"") -> 0 | M133: =IFERROR(SMALL(M37:M97,ROW()-ROW($M$100)+1),"") -> 0 | N133: =IFERROR(SMALL(N37:N97,ROW()-ROW($N$100)+1),"") -> 0
...

Sheet Charts
B2: Select merge criteria: | F2: Select measure:
B3: none | F3: choices
