Workbook

Sheet Instances
B1: clingo-5.8.0/one-as | I1: min | O1: median | U1: max
B2: error | C2: mem | D2: memout | E2: par2 | F2: rstatus | G2: time | H2: timeout | I2: error | J2: mem | K2: memout | L2: par2 | M2: time | N2: timeout | O2: error | P2: mem | Q2: memout | R2: par2 | S2: time | T2: timeout | U2: error | V2: mem | W2: memout | X2: par2 | Y2: time | Z2: timeout
A3: ./10-145162646848673 | B3: 1 | C3: 0 | D3: 0 | E3: 10000 | F3: ok | G3: 5000 | H3: 1 | I3: =MIN($B3) -> 0 | J3: =MIN($C3) -> 0 | K3: =MIN($D3) -> 0 | L3: =MIN($E3) -> 0 | M3: =MIN($G3) -> 0 | N3: =MIN($H3) -> 0 | O3: =MEDIAN($B3) -> 0 | P3: =MEDIAN($C3) -> 0 | Q3: =MEDIAN($D3) -> 0 | R3: =MEDIAN($E3) -> 0 | S3: =MEDIAN($G3) -> 0 | T3: =MEDIAN($H3) -> 0 | U3: =MAX($B3) -> 0 | V3: =MAX($C3) -> 0 | W3: =MAX($D3) -> 0 | X3: =MAX($E3) -> 0 | Y3: =MAX($G3) -> 0 | Z3: =MAX($H3) -> 0
A4: ./10-17630975493234 | B4: 1 | C4: 0 | D4: 0 | E4: 10000 | F4: ok | G4: 5000 | H4: 1 | I4: =MIN($B4) -> 0 | J4: =MIN($C4) -> 0 | K4: =MIN($D4) -> 0 | L4: =MIN($E4) -> 0 | M4: =MIN($G4) -> 0 | N4: =MIN($H4) -> 0 | O4: =MEDIAN($B4) -> 0 | P4: =MEDIAN($C4) -> 0 | Q4: =MEDIAN($D4) -> 0 | R4: =MEDIAN($E4) -> 0 | S4: =MEDIAN($G4) -> 0 | T4: =MEDIAN($H4) -> 0 | U4: =MAX($B4) -> 0 | V4: =MAX($C4) -> 0 | W4: =MAX($D4) -> 0 | X4: =MAX($E4) -> 0 | Y4: =MAX($G4) -> 0 | Z4: =MAX($H4) -> 0
A5: ./10-18708915822629 | B5: 1 | C5: 0 | D5: 0 | E5: 10000 | F5: ok | G5: 5000 | H5: 1 | I5: =MIN($B5) -> 0 | J5: =MIN($C5) -> 0 | K5: =MIN($D5) -> 0 | L5: =MIN($E5) -> 0 | M5: =MIN($G5) -> 0 | N5: =MIN($H5) -> 0 | O5: =MEDIAN($B5) -> 0 | P5: =MEDIAN($C5) -> 0 | Q5: =MEDIAN($D5) -> 0 | R5: =MEDIAN($E5) -> 0 | S5: =MEDIAN($G5) -> 0 | T5: =MEDIAN($H5) -> 0 | U5: =MAX($B5) -> 0 | V5: =MAX($C5) -> 0 | W5: =MAX($D5) -> 0 | X5: =MAX($E5) -> 0 | Y5: =MAX($G5) -> 0 | Z5: =MAX($H5) -> 0
A6: ./10-282093612040832 | B6: 1 | C6: 0 | D6: 0 | E6: 10000 | F6: ok | G6: 5000 | H6: 1 | I6: =MIN($B6) -> 0 | J6: =MIN($C6) -> 0 | K6: =MIN($D6) -> 0 | L6: =MIN($E6) -> 0 | M6: =MIN($G6) -> 0 | N6: =MIN($H6) -> 0 | O6: =MEDIAN($B6) -> 0 | P6: =MEDIAN($C6) -> 0 | Q6: =MEDIAN($D6) -> 0 | R6: =MEDIAN($E6) -> 0 | S6: =MEDIAN($G6) -> 0 | T6: =MEDIAN($H6) -> 0 | U6: =MAX($B6) -> 0 | V6: =MAX($C6) -> 0 | W6: =MAX($D6) -> 0 | X6: =MAX($E6) -> 0 | Y6: =MAX($G6) -> 0 | Z6: =MAX($H6) -> 0
A7: ./10-283712654672237 | B7: 1 | C7: 0 | D7: 0 | E7: 10000 | F7: ok | G7: 5000 | H7: 1 | I7: =MIN($B7) -> 0 | J7: =MIN($C7) -> 0 | K7: =MIN($D7) -> 0 | L7: =MIN($E7) -> 0 | M7: =MIN($G7) -> 0 | N7: =MIN($H7) -> 0 | O7: =MEDIAN($B7) -> 0 | P7: =MEDIAN($C7) -> 0 | Q7: =MEDIAN($D7) -> 0 | R7: =MEDIAN($E7) -> 0 | S7: =MEDIAN($G7) -> 0 | T7: =MEDIAN($H7) -> 0 | U7: =MAX($B7) -> 0 | V7: =MAX($C7) -> 0 | W7: =MAX($D7) -> 0 | X7: =MAX($E7) -> 0 | Y7: =MAX($G7) -> 0 | Z7: =MAX($H7) -> 0
A8: ./10-611399871496200 | B8: 1 | C8: 0 | D8: 0 | E8: 10000 | F8: ok | G8: 5000 | H8: 1 | I8: =MIN($B8) -> 0 | J8: =MIN($C8) -> 0 | K8: =MIN($D8) -> 0 | L8: =MIN($E8) -> 0 | M8: =MIN($G8) -> 0 | N8: =MIN($H8) -> 0 | O8: =MEDIAN($B8) -> 0 | P8: =MEDIAN($C8) -> 0 | Q8: =MEDIAN($D8) -> 0 | R8: =MEDIAN($E8) -> 0 | S8: =MEDIAN($G8) -> 0 | T8: =MEDIAN($H8) -> 0 | U8: =MAX($B8) -> 0 | V8: =MAX($C8) -> 0 | W8: =MAX($D8) -> 0 | X8: =MAX($E8) -> 0 | Y8: =MAX($G8) -> 0 | Z8: =MAX($H8) -> 0
A9: ./10-703945206928000 | B9: 1 | C9: 0 | D9: 0 | E9: 10000 | F9: ok | G9: 5000 | H9: 1 | I9: =MIN($B9) -> 0 | J9: =MIN($C9) -> 0 | K9: =MIN($D9) -> 0 | L9: =MIN($E9) -> 0 | M9: =MIN($G9) -> 0 | N9: =MIN($H9) -> 0 | O9: =MEDIAN($B9) -> 0 | P9: =MEDIAN($C9) -> 0 | Q9: =MEDIAN($D9) -> 0 | R9: =MEDIAN($E9) -> 0 | S9: =MEDIAN($G9) -> 0 | T9: =MEDIAN($H9) -> 0 | U9: =MAX($B9) -> 0 | V9: =MAX($C9) -> 0 | W9: =MAX($D9) -> 0 | X9: =MAX($E9) -> 0 | Y9: =MAX($G9) -> 0 | Z9: =MAX($H9) -> 0
A10: ./11-142936786347061 | B10: 1 | C10: 0 | D10: 0 | E10: 10000 | F10: ok | G10: 5000 | H10: 1 | I10: =MIN($B10) -> 0 | J10: =MIN($C10) -> 0 | K10: =MIN($D10) -> 0 | L10: =MIN($E10) -> 0 | M10: =MIN($G10) -> 0 | N10: =MIN($H10) -> 0 | O10: =MEDIAN($B10) -> 0 | P10: =MEDIAN($C10) -> 0 | Q10: =MEDIAN($D10) -> 0 | R10: =MEDIAN($E10) -> 0 | S10: =MEDIAN($G10) -> 0 | T10: =MEDIAN($H10) -> 0 | U10: =MAX($B10) -> 0 | V10: =MAX($C10) -> 0 | W10: =MAX($D10) -> 0 | X10: =MAX($E10) -> 0 | Y10: =MAX($G10) -> 0 | Z10: =MAX($H10) -> 0
A11: ./11-142992641884424 | B11: 1 | C11: 0 | D11: 0 | E11: 10000 | F11: ok | G11: 5000 | H11: 1 | I11: =MIN($B11) -> 0 | J11: =MIN($C11) -> 0 | K11: =MIN($D11) -> 0 | L11: =MIN($E11) -> 0 | M11: =MIN($G11) -> 0 | N11: =MIN($H11) -> 0 | O11: =MEDIAN($B11) -> 0 | P11: =MEDIAN($C11) -> 0 | Q11: =MEDIAN($D11) -> 0 | R11: =MEDIAN($E11) -> 0 | S11: =MEDIAN($G11) -> 0 | T11: =MEDIAN($H11) -> 0 | U11: =MAX($B11) -> 0 | V11: =MAX($C11) -> 0 | W11: =MAX($D11) -> 0 | X11: =MAX($E11) -> 0 | Y11: =MAX($G11) -> 0 | Z11: =MAX($H11) -> 0
A12: ./11-302094043054658 | B12: 1 | C12: 0 | D12: 0 | E12: 10000 | F12: ok | G12: 5000 | H12: 1 | I12: =MIN($B12) -> 0 | J12: =MIN($C12) -> 0 | K12: =MIN($D12) -> 0 | L12: =MIN($E12) -> 0 | M12: =MIN($G12) -> 0 | N12: =MIN($H12) -> 0 | O12: =MEDIAN($B12) -> 0 | P12: =MEDIAN($C12) -> 0 | Q12: =MEDIAN($D12) -> 0 | R12: =MEDIAN($E12) -> 0 | S12: =MEDIAN($G12) -> 0 | T12: =MEDIAN($H12) -> 0 | U12: =MAX($B12) -> 0 | V12: =MAX($C12) -> 0 | W12: =MAX($D12) -> 0 | X12: =MAX($E12) -> 0 | Y12: =MAX($G12) -> 0 | Z12: =MAX($H12) -> 0
A13: ./11-563345380114560 | B13: 1 | C13: 0 | D13: 0 | E13: 10000 | F13: ok | G13: 5000 | H13: 1 | I13: =MIN($B13) -> 0 | J13: =MIN($C13) -> 0 | K13: =MIN($D13) -> 0 | L13: =MIN($E13) -> 0 | M13: =MIN($G13) -> 0 | N13: =MIN($H13) -> 0 | O13: =MEDIAN($B13) -> 0 | P13: =MEDIAN($C13) -> 0 | Q13: =MEDIAN($D13) -> 0 | R13: =MEDIAN($E13) -> 0 | S13: =MEDIAN($G13) -> 0 | T13: =MEDIAN($H13) -> 0 | U13: =MAX($B13) -> 0 | V13: =MAX($C13) -> 0 | W13: =MAX($D13) -> 0 | X13: =MAX($E13) -> 0 | Y13: =MAX($G13) -> 0 | Z13: =MAX($H13) -> 0
A14: ./11-567405982269522 | B14: 1 | C14: 0 | D14: 0 | E14: 10000 | F14: ok | G14: 5000 | H14: 1 | I14: =MIN($B14) -> 0 | J14: =MIN($C14) -> 0 | K14: =MIN($D14) -> 0 | L14: =MIN($E14) -> 0 | M14: =MIN($G14) -> 0 | N14: =MIN($H14) -> 0 | O14: =MEDIAN($B14) -> 0 | P14: =MEDIAN($C14) -> 0 | Q14: =MEDIAN($D14) -> 0 | R14: =MEDIAN($E14) -> 0 | S14: =MEDIAN($G14) -> 0 | T14: =MEDIAN($H14) -> 0 | U14: =MAX($B14) -> 0 | V14: =MAX($C14) -> 0 | W14: =MAX($D14) -> 0 | X14: =MAX($E14) -> 0 | Y14: =MAX($G14) -> 0 | Z14: =MAX($H14) -> 0
... A186: ./manifest | B186: 1 | C186: 0 | D186: 0 | E186: 10000 | F186: ok | G186: 5000 | H186: 1 | I186: =MIN($B186) -> 0 | J186: =MIN($C186) -> 0 | K186: =MIN($D186) -> 0 | L186: =MIN($E186) -> 0 | M186: =MIN($G186) -> 0 | N186: =MIN($H186) -> 0 | O186: =MEDIAN($B186) -> 0 | P186: =MEDIAN($C186) -> 0 | Q186: =MEDIAN($D186) -> 0 | R186: =MEDIAN($E186) -> 0 | S186: =MEDIAN($G186) -> 0 | T186: =MEDIAN($H186) -> 0 | U186: =MAX($B186) -> 0 | V186: =MAX($C186) -> 0 | W186: =MAX($D186) -> 0 | X186: =MAX($E186) -> 0 | Y186: =MAX($G186) -> 0 | Z186: =MAX($H186) -> 0
A188: SUM | B188: =SUM(B$3:B$186) -> 0 | C188: =SUM(C$3:C$186) -> 0 | D188: =SUM(D$3:D$186) -> 0 | E188: =SUM(E$3:E$186) -> 0 | G188: =SUM(G$3:G$186) -> 0 | H188: =SUM(H$3:H$186) -> 0 | I188: =SUM(I$3:I$186) -> 0 | J188: =SUM(J$3:J$186) -> 0 | K188: =SUM(K$3:K$186) -> 0 | L188: =SUM(L$3:L$186) -> 0 | M188: =SUM(M$3:M$186) -> 0 | N188: =SUM(N$3:N$186) -> 0 | ... Z188: =SUM(Z$3:Z$186) -> 0
A189: AVG | B189: =AVERAGE(B$3:B$186) -> 0 | C189: =AVERAGE(C$3:C$186) -> 0 | D189: =AVERAGE(D$3:D$186) -> 0 | E189: =AVERAGE(E$3:E$186) -> 0 | G189: =AVERAGE(G$3:G$186) -> 0 | H189: =AVERAGE(H$3:H$186) -> 0 | I189: =AVERAGE(I$3:I$186) -> 0 | J189: =AVERAGE(J$3:J$186) -> 0 | K189: =AVERAGE(K$3:K$186) -> 0 | L189: =AVERAGE(L$3:L$186) -> 0 | M189: =AVERAGE(M$3:M$186) -> 0 | N189: =AVERAGE(N$3:N$186) -> 0 | ... Z189: =AVERAGE(Z$3:Z$186) -> 0
A190: DEV | B190: =STDEV(B$3:B$186) -> 0 | C190: =STDEV(C$3:C$186) -> 0 | D190: =STDEV(D$3:D$186) -> 0 | E190: =STDEV(E$3:E$186) -> 0 | G190: =STDEV(G$3:G$186) -> 0 | H190: =STDEV(H$3:H$186) -> 0 | I190: =STDEV(I$3:I$186) -> 0 | J190: =STDEV(J$3:J$186) -> 0 | K190: =STDEV(K$3:K$186) -> 0 | L190: =STDEV(L$3:L$186) -> 0 | M190: =STDEV(M$3:M$186) -> 0 | N190: =STDEV(N$3:N$186) -> 0 | ... Z190: =STDEV(Z$3:Z$186) -> 0
A191: DST | B191: =SUMPRODUCT(--(B$3:B$186-$I$3:$I$186)^2)^0.5 -> 0 | C191: =SUMPRODUCT(--(C$3:C$186-$J$3:$J$186)^2)^0.5 -> 0 | D191: =SUMPRODUCT(--(D$3:D$186-$K$3:$K$186)^2)^0.5 -> 0 | E191: =SUMPRODUCT(--(E$3:E$186-$L$3:$L$186)^2)^0.5 -> 0 | G191: =SUMPRODUCT(--(G$3:G$186-$M$3:$M$186)^2)^0.5 -> 0 | H191: =SUMPRODUCT(--(H$3:H$186-$N$3:$N$186)^2)^0.5 -> 0
A192: BEST | B192: =SUMPRODUCT(NOT(ISBLANK(B$3:B$186))*(B$3:B$186=$I$3:$I$186)) -> 0 | C192: =SUMPRODUCT(NOT(ISBLANK(C$3:C$186))*(C$3:C$186=$J$3:$J$186)) -> 0 | D192: =SUMPRODUCT(NOT(ISBLANK(D$3:D$186))*(D$3:D$186=$K$3:$K$186)) -> 0 | E192: =SUMPRODUCT(NOT(ISBLANK(E$3:E$186))*(E$3:E$186=$L$3:$L$186)) -> 0 | G192: =SUMPRODUCT(NOT(ISBLANK(G$3:G$186))*(G$3:G$186=$M$3:$M$186)) -> 0 | H192: =SUMPRODUCT(NOT(ISBLANK(H$3:H$186))*(H$3:H$186=$N$3:$N$186)) -> 0
A193: BETTER | B193: =SUMPRODUCT(NOT(ISBLANK(B$3:B$186))*(B$3:B$186<$O$3:$O$186)) -> 0 | C193: =SUMPRODUCT(NOT(ISBLANK(C$3:C$186))*(C$3:C$186<$P$3:$P$186)) -> 0 | D193: =SUMPRODUCT(NOT(ISBLANK(D$3:D$186))*(D$3:D$186<$Q$3:$Q$186)) -> 0 | E193: =SUMPRODUCT(NOT(ISBLANK(E$3:E$186))*(E$3:E$186<$R$3:$R$186)) -> 0 | G193: =SUMPRODUCT(NOT(ISBLANK(G$3:G$186))*(G$3:G$186<$S$3:$S$186)) -> 0 | H193: =SUMPRODUCT(NOT(ISBLANK(H$3:H$186))*(H$3:H$186<$T$3:$T$186)) -> 0
A194: WORSE | B194: =SUMPRODUCT((NOT(ISBLANK(B$3:B$186))*(B$3:B$186>$O$3:$O$186))+ISBLANK(B$3:B$186)) -> 0 | C194: =SUMPRODUCT((NOT(ISBLANK(C$3:C$186))*(C$3:C$186>$P$3:$P$186))+ISBLANK(C$3:C$186)) -> 0 | D194: =SUMPRODUCT((NOT(ISBLANK(D$3:D$186))*(D$3:D$186>$Q$3:$Q$186))+ISBLANK(D$3:D$186)) -> 0 | E194: =SUMPRODUCT((NOT(ISBLANK(E$3:E$186))*(E$3:E$186>$R$3:$R$186))+ISBLANK(E$3:E$186)) -> 0 | G194: =SUMPRODUCT((NOT(ISBLANK(G$3:G$186))*(G$3:G$186>$S$3:$S$186))+ISBLANK(G$3:G$186)) -> 0 | H194: =SUMPRODUCT((NOT(ISBLANK(H$3:H$186))*(H$3:H$186>$T$3:$T$186))+ISBLANK(H$3:H$186)) -> 0
A195: WORST | B195: =SUMPRODUCT((NOT(ISBLANK(B$3:B$186))*(B$3:B$186=$U$3:$U$186))+ISBLANK(B$3:B$186)) -> 0 | C195: =SUMPRODUCT((NOT(ISBLANK(C$3:C$186))*(C$3:C$186=$V$3:$V$186))+ISBLANK(C$3:C$186)) -> 0 | D195: =SUMPRODUCT((NOT(ISBLANK(D$3:D$186))*(D$3:D$186=$W$3:$W$186))+ISBLANK(D$3:D$186)) -> 0 | E195: =SUMPRODUCT((NOT(ISBLANK(E$3:E$186))*(E$3:E$186=$X$3:$X$186))+ISBLANK(E$3:E$186)) -> 0 | G195: =SUMPRODUCT((NOT(ISBLANK(G$3:G$186))*(G$3:G$186=$Y$3:$Y$186))+ISBLANK(G$3:G$186)) -> 0 | H195: =SUMPRODUCT((NOT(ISBLANK(H$3:H$186))*(H$3:H$186=$Z$3:$Z$186))+ISBLANK(H$3:H$186)) -> 0

Sheet Merged Runs
A1: Merge criteria: | B1: clingo-5.8.0/one-as | I1: min | O1: median | U1: max
A2: median | B2: error | C2: mem | D2: memout | E2: par2 | F2: rstatus | G2: time | H2: timeout | I2: error | J2: mem | K2: memout | L2: par2 | M2: time | N2: timeout | O2: error | P2: mem | Q2: memout | R2: par2 | S2: time | T2: timeout | U2: error | V2: mem | W2: memout | X2: par2 | Y2: time | Z2: timeout
A3: ./10-145162646848673 | B3: {=_xlfn.SWITCH($A$2,"average", AVERAGE(Instances!B3:Instances!B3),"median", MEDIAN(Instances!B3:Instances!B3),"min", MIN(Instances!B3:Instances!B3),"max", MAX(Instances!B3:Instances!B3),"diff", MAX(Instances!B3:Instances!B3)-MIN(Instances!B3:Instances!B3))} -> 0 | C3: {=_xlfn.SWITCH($A$2,"average", AVERAGE(Instances!C3:Instances!C3),"median", MEDIAN(Instances!C3:Instances!C3),"min", MIN(Instances!C3:Instances!C3),"max", MAX(Instances!C3:Instances!C3),"diff", MAX(Instances!C3:Instances!C3)-MIN(Instances!C3:Instances!C3))} -> 0 | D3: {=_xlfn.SWITCH($A$2,"average", AVERAGE(Instances!D3:Instances!D3),"median", MEDIAN(Instances!D3:Instances!D3),"min", MIN(Instances!D3:Instances!D3),"max", MAX(Instances!D3:Instances!D3),"diff", MAX(Instances!D3:Instances!D3)-MIN(Instances!D3:Instances!D3))} -> 0 | E3: {=_xlfn.SWITCH($A$2,"average", AVERAGE(Instances!E3:Instances!E3),"median", MEDIAN(Instances!E3:Instances!E3),"min", MIN(Instances!E3:Instances!E3),"max", MAX(Instances!E3:Instances!E3),"diff", MAX(Instances!E3:Instances!E3)-MIN(Instances!E3:Instances!E3))} -> 0 | G3: {=_xlfn.SWITCH($A$2,"average", AVERAGE(Instances!G3:Instances!G3),"median", MEDIAN(Instances!G3:Instances!G3),"min", MIN(Instances!G3:Instances!G3),"max", MAX(Instances!G3:Instances!G3),"diff", MAX(Instances!G3:Instances!G3)-MIN(Instances!G3:Instances!G3))} -> 0 | H3: {=_xlfn.SWITCH($A$2,"average", AVERAGE(Instances!H3:Instances!H3),"median", MEDIAN(Instances!H3:Instances!H3),"min", MIN(Instances!H3:Instances!H3),"max", MAX(Instances!H3:Instances!H3),"diff", MAX(Instances!H3:Instances!H3)-MIN(Instances!H3:Instances!H3))} -> 0 | I3: =MIN($B3) -> 0 | J3: =MIN($C3) -> 0 | K3: =MIN($D3) -> 0 | L3: =MIN($E3) -> 0 | M3: =MIN($G3) -> 0 | N3: =MIN($H3) -> 0 | O3: =MEDIAN($B3) -> 0 | P3: =MEDIAN($C3) -> 0 | Q3: =MEDIAN($D3) -> 0 | R3: =MEDIAN($E3) -> 0 | S3: =MEDIAN($G3) -> 0 | T3: =MEDIAN($H3) -> 0 | U3: =MAX($B3) -> 0 | V3: =MAX($C3) -> 0 | W3: =MAX($D3) -> 0 | X3: =MAX($E3) -> 0 | Y3: =MAX($G3) -> 0 | Z3: =MAX($H3) -> 0
A4: ./10-17630975493234 | B4: {=_xlfn.SWITCH($A$2,"average", AVERAGE(Instances!B4:Instances!B4),"median", MEDIAN(Instances!B4:Instances!B4),"min", MIN(Instances!B4:Instances!B4),"max", MAX(Instances!B4:Instances!B4),"diff", MAX(Instances!B4:Instances!B4)-MIN(Instances!B4:Instances!B4))} -> 0 | C4: {=_xlfn.SWITCH($A$2,"average", AVERAGE(Instances!C4:Instances!C4),"median", MEDIAN(Instances!C4:Instances!C4),"min", MIN(Instances!C4:Instances!C4),"max", MAX(Instances!C4:Instances!C4),"diff", MAX(Instances!C4:Instances!C4)-MIN(Instances!C4:Instances!C4))} -> 0 | D4: {=_xlfn.SWITCH($A$2,"average", AVERAGE(Instances!D4:Instances!D4),"median", MEDIAN(Instances!D4:Instances!D4),"min", MIN(Instances!D4:Instances!D4),"max", MAX(Instances!D4:Instances!D4),"diff", MAX(Instances!D4:Instances!D4)-MIN(Instances!D4:Instances!D4))} -> 0 | E4: {=_xlfn.SWITCH($A$2,"average", AVERAGE(Instances!E4:Instances!E4),"median", MEDIAN(Instances!E4:Instances!E4),"min", MIN(Instances!E4:Instances!E4),"max", MAX(Instances!E4:Instances!E4),"diff", MAX(Instances!E4:Instances!E4)-MIN(Instances!E4:Instances!E4))} -> 0 | G4: {=_xlfn.SWITCH($A$2,"average", AVERAGE(Instances!G4:Instances!G4),"median", MEDIAN(Instances!G4:Instances!G4),"min", MIN(Instances!G4:Instances!G4),"max", MAX(Instances!G4:Instances!G4),"diff", MAX(Instances!G4:Instances!G4)-MIN(Instances!G4:Instances!G4))} -> 0 | H4: {=_xlfn.SWITCH($A$2,"average", AVERAGE(Instances!H4:Instances!H4),"median", MEDIAN(Instances!H4:Instances!H4),"min", MIN(Instances!H4:Instances!H4),"max", MAX(Instances!H4:Instances!H4),"diff", MAX(Instances!H4:Instances!H4)-MIN(Instances!H4:Instances!H4))} -> 0 | I4: =MIN($B4) -> 0 | J4: =MIN($C4) -> 0 | K4: =MIN($D4) -> 0 | L4: =MIN($E4) -> 0 | M4: =MIN($G4) -> 0 | N4: =MIN($H4) -> 0 | O4: =MEDIAN($B4) -> 0 | P4: =MEDIAN($C4) -> 0 | Q4: =MEDIAN($D4) -> 0 | R4: =MEDIAN($E4) -> 0 | S4: =MEDIAN($G4) -> 0 | T4: =MEDIAN($H4) -> 0 | U4: =MAX($B4) -> 0 | V4: =MAX($C4) -> 0 | W4: =MAX($D4) -> 0 | X4: =MAX($E4) -> 0 | Y4: =MAX($G4) -> 0 | Z4: =MAX($H4) -> 0
A5: ./10-18708915822629 | B5: {=_xlfn.SWITCH($A$2,"average", AVERAGE(Instances!B5:Instances!B5),"median", MEDIAN(Instances!B5:Instances!B5),"min", MIN(Instances!B5:Instances!B5),"max", MAX(Instances!B5:Instances!B5),"diff", MAX(Instances!B5:Instances!B5)-MIN(Instances!B5:Instances!B5))} -> 0 | C5: {=_xlfn.SWITCH($A$2,"average", AVERAGE(Instances!C5:Instances!C5),"median", MEDIAN(Instances!C5:Instances!C5),"min", MIN(Instances!C5:Instances!C5),"max", MAX(Instances!C5:Instances!C5),"diff", MAX(Instances!C5:Instances!C5)-MIN(Instances!C5:Instances!C5))} -> 0 | D5: {=_xlfn.SWITCH($A$2,"average", AVERAGE(Instances!D5:Instances!D5),"median", MEDIAN(Instances!D5:Instances!D5),"min", MIN(Instances!D5:Instances!D5),"max", MAX(Instances!D5:Instances!D5),"diff", MAX(Instances!D5:Instances!D5)-MIN(Instances!D5:Instances!D5))} -> 0 | E5: {=_xlfn.SWITCH($A$2,"average", AVERAGE(Instances!E5:Instances!E5),"median", MEDIAN(Instances!E5:Instances!E5),"min", MIN(Instances!E5:Instances!E5),"max", MAX(Instances!E5:Instances!E5),"diff", MAX(Instances!E5:Instances!E5)-MIN(Instances!E5:Instances!E5))} -> 0 | G5: {=_xlfn.SWITCH($A$2,"average", AVERAGE(Instances!G5:Instances!G5),"median", MEDIAN(Instances!G5:Instances!G5),"min", MIN(Instances!G5:Instances!G5),"max", MAX(Instances!G5:Instances!G5),"diff", MAX(Instances!G5:Instances!G5)-MIN(Instances!G5:Instances!G5))} -> 0 | H5: {=_xlfn.SWITCH($A$2,"average", AVERAGE(Instances!H5:Instances!H5),"median", MEDIAN(Instances!H5:Instances!H5),"min", MIN(Instances!H5:Instances!H5),"max", MAX(Instances!H5:Instances!H5),"diff", MAX(Instances!H5:Instances!H5)-MIN(Instances!H5:Instances!H5))} -> 0 | I5: =MIN($B5) -> 0 | J5: =MIN($C5) -> 0 | K5: =MIN($D5) -> 0 | L5: =MIN($E5) -> 0 | M5: =MIN($G5) -> 0 | N5: =MIN($H5) -> 0 | O5: =MEDIAN($B5) -> 0 | P5: =MEDIAN($C5) -> 0 | Q5: =MEDIAN($D5) -> 0 | R5: =MEDIAN($E5) -> 0 | S5: =MEDIAN($G5) -> 0 | T5: =MEDIAN($H5) -> 0 | U5: =MAX($B5) -> 0 | V5: =MAX($C5) -> 0 | W5: =MAX($D5) -> 0 | X5: =MAX($E5) -> 0 | Y5: =MAX($G5) -> 0 | Z5: =MAX($H5) -> 0
A6: ./10-282093612040832 | B6: {=_xlfn.SWITCH($A$2,"average", AVERAGE(Instances!B6:Instances!B6),"median", MEDIAN(Instances!B6:Instances!B6),"min", MIN(Instances!B6:Instances!B6),"max", MAX(Instances!B6:Instances!B6),"diff", MAX(Instances!B6:Instances!B6)-MIN(Instances!B6:Instances!B6))} -> 0 | C6: {=_xlfn.SWITCH($A$2,"average", AVERAGE(Instances!C6:Instances!C6),"median", MEDIAN(Instances!C6:Instances!C6),"min", MIN(Instances!C6:Instances!C6),"max", MAX(Instances!C6:Instances!C6),"diff", MAX(Instances!C6:Instances!C6)-MIN(Instances!C6:Instances!C6))} -> 0 | D6: {=_xlfn.SWITCH($A$2,"average", AVERAGE(Instances!D6:Instances!D6),"median", MEDIAN(Instances!D6:Instances!D6),"min", MIN(Instances!D6:Instances!D6),"max", MAX(Instances!D6:Instances!D6),"diff", MAX(Instances!D6:Instances!D6)-MIN(Instances!D6:Instances!D6))} -> 0 | E6: {=_xlfn.SWITCH($A$2,"average", AVERAGE(Instances!E6:Instances!E6),"median", MEDIAN(Instances!E6:Instances!E6),"min", MIN(Instances!E6:Instances!E6),"max", MAX(Instances!E6:Instances!E6),"diff", MAX(Instances!E6:Instances!E6)-MIN(Instances!E6:Instances!E6))} -> 0 | G6: {=_xlfn.SWITCH($A$2,"average", AVERAGE(Instances!G6:Instances!G6),"median", MEDIAN(Instances!G6:Instances!G6),"min", MIN(Instances!G6:Instances!G6),"max", MAX(Instances!G6:Instances!G6),"diff", MAX(Instances!G6:Instances!G6)-MIN(Instances!G6:Instances!G6))} -> 0 | H6: {=_xlfn.SWITCH($A$2,"average", AVERAGE(Instances!H6:Instances!H6),"median", MEDIAN(Instances!H6:Instances!H6),"min", MIN(Instances!H6:Instances!H6),"max", MAX(Instances!H6:Instances!H6),"diff", MAX(Instances!H6:Instances!H6)-MIN(Instances!H6:Instances!H6))} -> 0 | I6: =MIN($B6) -> 0 | J6: =MIN($C6) -> 0 | K6: =MIN($D6) -> 0 | L6: =MIN($E6) -> 0 | M6: =MIN($G6) -> 0 | N6: =MIN($H6) -> 0 | O6: =MEDIAN($B6) -> 0 | P6: =MEDIAN($C6) -> 0 | Q6: =MEDIAN($D6) -> 0 | R6: =MEDIAN($E6) -> 0 | S6: =MEDIAN($G6) -> 0 | T6: =MEDIAN($H6) -> 0 | U6: =MAX($B6) -> 0 | V6: =MAX($C6) -> 0 | W6: =MAX($D6) -> 0 | X6: =MAX($E6) -> 0 | Y6: =MAX($G6) -> 0 | Z6: =MAX($H6) -> 0
A7: ./10-283712654672237 | B7: {=_xlfn.SWITCH($A$2,"average", AVERAGE(Instances!B7:Instances!B7),"median", MEDIAN(Instances!B7:Instances!B7),"min", MIN(Instances!B7:Instances!B7),"max", MAX(Instances!B7:Instances!B7),"diff", MAX(Instances!B7:Instances!B7)-MIN(Instances!B7:Instances!B7))} -> 0 | C7: {=_xlfn.SWITCH($A$2,"average", AVERAGE(Instances!C7:Instances!C7),"median", MEDIAN(Instances!C7:Instances!C7),"min", MIN(Instances!C7:Instances!C7),"max", MAX(Instances!C7:Instances!C7),"diff", MAX(Instances!C7:Instances!C7)-MIN(Instances!C7:Instances!C7))} -> 0 | D7: {=_xlfn.SWITCH($A$2,"average", AVERAGE(Instances!D7:Instances!D7),"median", MEDIAN(Instances!D7:Instances!D7),"min", MIN(Instances!D7:Instances!D7),"max", MAX(Instances!D7:Instances!D7),"diff", MAX(Instances!D7:Instances!D7)-MIN(Instances!D7:Instances!D7))} -> 0 | E7: {=_xlfn.SWITCH($A$2,"average", AVERAGE(Instances!E7:Instances!E7),"median", MEDIAN(Instances!E7:Instances!E7),"min", MIN(Instances!E7:Instances!E7),"max", MAX(Instances!E7:Instances!E7),"diff", MAX(Instances!E7:Instances!E7)-MIN(Instances!E7:Instances!E7))} -> 0 | G7: {=_xlfn.SWITCH($A$2,"average", AVERAGE(Instances!G7:Instances!G7),"median", MEDIAN(Instances!G7:Instances!G7),"min", MIN(Instances!G7:Instances!G7),"max", MAX(Instances!G7:Instances!G7),"diff", MAX(Instances!G7:Instances!G7)-MIN(Instances!G7:Instances!G7))} -> 0 | H7: {=_xlfn.SWITCH($A$2,"average", AVERAGE(Instances!H7:Instances!H7),"median", MEDIAN(Instances!H7:Instances!H7),"min", MIN(Instances!H7:Instances!H7),"max", MAX(Instances!H7:Instances!H7),"diff", MAX(Instances!H7:Instances!H7)-MIN(Instances!H7:Instances!H7))} -> 0 | I7: =MIN($B7) -> 0 | J7: =MIN($C7) -> 0 | K7: =MIN($D7) -> 0 | L7: =MIN($E7) -> 0 | M7: =MIN($G7) -> 0 | N7: =MIN($H7) -> 0 | O7: =MEDIAN($B7) -> 0 | P7: =MEDIAN($C7) -> 0 | Q7: =MEDIAN($D7) -> 0 | R7: =MEDIAN($E7) -> 0 | S7: =MEDIAN($G7) -> 0 | T7: =MEDIAN($H7) -> 0 | U7: =MAX($B7) -> 0 | V7: =MAX($C7) -> 0 | W7: =MAX($D7) -> 0 | X7: =MAX($E7) -> 0 | Y7: =MAX($G7) -> 0 | Z7: =MAX($H7) -> 0
A8: ./10-611399871496200 | B8: {=_xlfn.SWITCH($A$2,"average", AVERAGE(Instances!B8:Instances!B8),"median", MEDIAN(Instances!B8:Instances!B8),"min", MIN(Instances!B8:Instances!B8),"max", MAX(Instances!B8:Instances!B8),"diff", MAX(Instances!B8:Instances!B8)-MIN(Instances!B8:Instances!B8))} -> 0 | C8: {=_xlfn.SWITCH($A$2,"average", AVERAGE(Instances!C8:Instances!C8),"median", MEDIAN(Instances!C8:Instances!C8),"min", MIN(Instances!C8:Instances!C8),"max", MAX(Instances!C8:Instances!C8),"diff", MAX(Instances!C8:Instances!C8)-MIN(Instances!C8:Instances!C8))} -> 0 | D8: {=_xlfn.SWITCH($A$2,"average", AVERAGE(Instances!D8:Instances!D8),"median", MEDIAN(Instances!D8:Instances!D8),"min", MIN(Instances!D8:Instances!D8),"max", MAX(Instances!D8:Instances!D8),"diff", MAX(Instances!D8:Instances!D8)-MIN(Instances!D8:Instances!D8))} -> 0 | E8: {=_xlfn.SWITCH($A$2,"average", AVERAGE(Instances!E8:Instances!E8),"median", MEDIAN(Instances!E8:Instances!E8),"min", MIN(Instances!E8:Instances!E8),"max", MAX(Instances!E8:Instances!E8),"diff", MAX(Instances!E8:Instances!E8)-MIN(Instances!E8:Instances!E8))} -> 0 | G8: {=_xlfn.SWITCH($A$2,"average", AVERAGE(Instances!G8:Instances!G8),"median", MEDIAN(Instances!G8:Instances!G8),"min", MIN(Instances!G8:Instances!G8),"max", MAX(Instances!G8:Instances!G8),"diff", MAX(Instances!G8:Instances!G8)-MIN(Instances!G8:Instances!G8))} -> 0 | H8: {=_xlfn.SWITCH($A$2,"average", AVERAGE(Instances!H8:Instances!H8),"median", MEDIAN(Instances!H8:Instances!H8),"min", MIN(Instances!H8:Instances!H8),"max", MAX(Instances!H8:Instances!H8),"diff", MAX(Instances!H8:Instances!H8)-MIN(Instances!H8:Instances!H8))} -> 0 | I8: =MIN($B8) -> 0 | J8: =MIN($C8) -> 0 | K8: =MIN($D8) -> 0 | L8: =MIN($E8) -> 0 | M8: =MIN($G8) -> 0 | N8: =MIN($H8) -> 0 | O8: =MEDIAN($B8) -> 0 | P8: =MEDIAN($C8) -> 0 | Q8: =MEDIAN($D8) -> 0 | R8: =MEDIAN($E8) -> 0 | S8: =MEDIAN($G8) -> 0 | T8: =MEDIAN($H8) -> 0 | U8: =MAX($B8) -> 0 | V8: =MAX($C8) -> 0 | W8: =MAX($D8) -> 0 | X8: =MAX($E8) -> 0 | Y8: =MAX($G8) -> 0 | Z8: =MAX($H8) -> 0
A9: ./10-703945206928000 | B9: {=_xlfn.SWITCH($A$2,"average", AVERAGE(Instances!B9:Instances!B9),"median", MEDIAN(Instances!B9:Instances!B9),"min", MIN(Instances!B9:Instances!B9),"max", MAX(Instances!B9:Instances!B9),"diff", MAX(Instances!B9:Instances!B9)-MIN(Instances!B9:Instances!B9))} -> 0 | C9: {=_xlfn.SWITCH($A$2,"average", AVERAGE(Instances!C9:Instances!C9),"median", MEDIAN(Instances!C9:Instances!C9),"min", MIN(Instances!C9:Instances!C9),"max", MAX(Instances!C9:Instances!C9),"diff", MAX(Instances!C9:Instances!C9)-MIN(Instances!C9:Instances!C9))} -> 0 | D9: {=_xlfn.SWITCH($A$2,"average", AVERAGE(Instances!D9:Instances!D9),"median", MEDIAN(Instances!D9:Instances!D9),"min", MIN(Instances!D9:Instances!D9),"max", MAX(Instances!D9:Instances!D9),"diff", MAX(Instances!D9:Instances!D9)-MIN(Instances!D9:Instances!D9))} -> 0 | E9: {=_xlfn.SWITCH($A$2,"average", AVERAGE(Instances!E9:Instances!E9),"median", MEDIAN(Instances!E9:Instances!E9),"min", MIN(Instances!E9:Instances!E9),"max", MAX(Instances!E9:Instances!E9),"diff", MAX(Instances!E9:Instances!E9)-MIN(Instances!E9:Instances!E9))} -> 0 | G9: {=_xlfn.SWITCH($A$2,"average", AVERAGE(Instances!G9:Instances!G9),"median", MEDIAN(Instances!G9:Instances!G9),"min", MIN(Instances!G9:Instances!G9),"max", MAX(Instances!G9:Instances!G9),"diff", MAX(Instances!G9:Instances!G9)-MIN(Instances!G9:Instances!G9))} -> 0 | H9: {=_xlfn.SWITCH($A$2,"average", AVERAGE(Instances!H9:Instances!H9),"median", MEDIAN(Instances!H9:Instances!H9),"min", MIN(Instances!H9:Instances!H9),"max", MAX(Instances!H9:Instances!H9),"diff", MAX(Instances!H9:Instances!H9)-MIN(Instances!H9:Instances!H9))} -> 0 | I9: =MIN($B9) -> 0 | J9: =MIN($C9) -> 0 | K9: =MIN($D9) -> 0 | L9: =MIN($E9) -> 0 | M9: =MIN($G9) -> 0 | N9: =MIN($H9) -> 0 | O9: =MEDIAN($B9) -> 0 | P9: =MEDIAN($C9) -> 0 | Q9: =MEDIAN($D9) -> 0 | R9: =MEDIAN($E9) -> 0 | S9: =MEDIAN($G9) -> 0 | T9: =MEDIAN($H9) -> 0 | U9: =MAX($B9) -> 0 | V9: =MAX($C9) -> 0 | W9: =MAX($D9) -> 0 | X9: =MAX($E9) -> 0 | Y9: =MAX($G9) -> 0 | Z9: =MAX($H9) -> 0
A10: ./11-142936786347061 | B10: {=_xlfn.SWITCH($A$2,"average", AVERAGE(Instances!B10:Instances!B10),"median", MEDIAN(Instances!B10:Instances!B10),"min", MIN(Instances!B10:Instances!B10),"max", MAX(Instances!B10:Instances!B10),"diff", MAX(Instances!B10:Instances!B10)-MIN(Instances!B10:Instances!B10))} -> 0 | C10: {=_xlfn.SWITCH($A$2,"average", AVERAGE(Instances!C10:Instances!C10),"median", MEDIAN(Instances!C10:Instances!C10),"min", MIN(Instances!C10:Instances!C10),"max", MAX(Instances!C10:Instances!C10),"diff", MAX(Instances!C10:Instances!C10)-MIN(Instances!C10:Instances!C10))} -> 0 | D10: {=_xlfn.SWITCH($A$2,"average", AVERAGE(Instances!D10:Instances!D10),"median", MEDIAN(Instances!D10:Instances!D10),"min", MIN(Instances!D10:Instances!D10),"max", MAX(Instances!D10:Instances!D10),"diff", MAX(Instances!D10:Instances!D10)-MIN(Instances!D10:Instances!D10))} -> 0 | E10: {=_xlfn.SWITCH($A$2,"average", AVERAGE(Instances!E10:Instances!E10),"median", MEDIAN(Instances!E10:Instances!E10),"min", MIN(Instances!E10:Instances!E10),"max", MAX(Instances!E10:Instances!E10),"diff", MAX(Instances!E10:Instances!E10)-MIN(Instances!E10:Instances!E10))} -> 0 | G10: {=_xlfn.SWITCH($A$2,"average", AVERAGE(Instances!G10:Instances!G10),"median", MEDIAN(Instances!G10:Instances!G10),"min", MIN(Instances!G10:Instances!G10),"max", MAX(Instances!G10:Instances!G10),"diff", MAX(Instances!G10:Instances!G10)-MIN(Instances!G10:Instances!G10))} -> 0 | H10: {=_xlfn.SWITCH($A$2,"average", AVERAGE(Instances!H10:Instances!H10),"median", MEDIAN(Instances!H10:Instances!H10),"min", MIN(Instances!H10:Instances!H10),"max", MAX(Instances!H10:Instances!H10),"diff", MAX(Instances!H10:Instances!H10)-MIN(Instances!H10:Instances!H10))} -> 0 | I10: =MIN($B10) -> 0 | J10: =MIN($C10) -> 0 | K10: =MIN($D10) -> 0 | L10: =MIN($E10) -> 0 | M10: =MIN($G10) -> 0 | N10: =MIN($H10) -> 0 | O10: =MEDIAN($B10) -> 0 | P10: =MEDIAN($C10) -> 0 | Q10: =MEDIAN($D10) -> 0 | R10: =MEDIAN($E10) -> 0 | S10: =MEDIAN($G10) -> 0 | T10: =MEDIAN($H10) -> 0 | U10: =MAX($B10) -> 0 | V10: =MAX($C10) -> 0 | W10: =MAX($D10) -> 0 | X10: =MAX($E10) -> 0 | Y10: =MAX($G10) -> 0 | Z10: =MAX($H10) -> 0
A11: ./11-142992641884424 | B11: {=_xlfn.SWITCH($A$2,"average", AVERAGE(Instances!B11:Instances!B11),"median", MEDIAN(Instances!B11:Instances!B11),"min", MIN(Instances!B11:Instances!B11),"max", MAX(Instances!B11:Instances!B11),"diff", MAX(Instances!B11:Instances!B11)-MIN(Instances!B11:Instances!B11))} -> 0 | C11: {=_xlfn.SWITCH($A$2,"average", AVERAGE(Instances!C11:Instances!C11),"median", MEDIAN(Instances!C11:Instances!C11),"min", MIN(Instances!C11:Instances!C11),"max", MAX(Instances!C11:Instances!C11),"diff", MAX(Instances!C11:Instances!C11)-MIN(Instances!C11:Instances!C11))} -> 0 | D11: {=_xlfn.SWITCH($A$2,"average", AVERAGE(Instances!D11:Instances!D11),"median", MEDIAN(Instances!D11:Instances!D11),"min", MIN(Instances!D11:Instances!D11),"max", MAX(Instances!D11:Instances!D11),"diff", MAX(Instances!D11:Instances!D11)-MIN(Instances!D11:Instances!D11))} -> 0 | E11: {=_xlfn.SWITCH($A$2,"average", AVERAGE(Instances!E11:Instances!E11),"median", MEDIAN(Instances!E11:Instances!E11),"min", MIN(Instances!E11:Instances!E11),"max", MAX(Instances!E11:Instances!E11),"diff", MAX(Instances!E11:Instances!E11)-MIN(Instances!E11:Instances!E11))} -> 0 | G11: {=_xlfn.SWITCH($A$2,"average", AVERAGE(Instances!G11:Instances!G11),"median", MEDIAN(Instances!G11:Instances!G11),"min", MIN(Instances!G11:Instances!G11),"max", MAX(Instances!G11:Instances!G11),"diff", MAX(Instances!G11:Instances!G11)-MIN(Instances!G11:Instances!G11))} -> 0 | H11: {=_xlfn.SWITCH($A$2,"average", AVERAGE(Instances!H11:Instances!H11),"median", MEDIAN(Instances!H11:Instances!H11),"min", MIN(Instances!H11:Instances!H11),"max", MAX(Instances!H11:Instances!H11),"diff", MAX(Instances!H11:Instances!H11)-MIN(Instances!H11:Instances!H11))} -> 0 | I11: =MIN($B11) -> 0 | J11: =MIN($C11) -> 0 | K11: =MIN($D11) -> 0 | L11: =MIN($E11) -> 0 | M11: =MIN($G11) -> 0 | N11: =MIN($H11) -> 0 | O11: =MEDIAN($B11) -> 0 | P11: =MEDIAN($C11) -> 0 | Q11: =MEDIAN($D11) -> 0 | R11: =MEDIAN($E11) -> 0 | S11: =MEDIAN($G11) -> 0 | T11: =MEDIAN($H11) -> 0 | U11: =MAX($B11) -> 0 | V11: =MAX($C11) -> 0 | W11: =MAX($D11) -> 0 | X11: =MAX($E11) -> 0 | Y11: =MAX($G11) -> 0 | Z11: =MAX($H11) -> 0
A12: ./11-302094043054658 | B12: {=_xlfn.SWITCH($A$2,"average", AVERAGE(Instances!B12:Instances!B12),"median", MEDIAN(Instances!B12:Instances!B12),"min", MIN(Instances!B12:Instances!B12),"max", MAX(Instances!B12:Instances!B12),"diff", MAX(Instances!B12:Instances!B12)-MIN(Instances!B12:Instances!B12))} -> 0 | C12: {=_xlfn.SWITCH($A$2,"average", AVERAGE(Instances!C12:Instances!C12),"median", MEDIAN(Instances!C12:Instances!C12),"min", MIN(Instances!C12:Instances!C12),"max", MAX(Instances!C12:Instances!C12),"diff", MAX(Instances!C12:Instances!C12)-MIN(Instances!C12:Instances!C12))} -> 0 | D12: {=_xlfn.SWITCH($A$2,"average", AVERAGE(Instances!D12:Instances!D12),"median", MEDIAN(Instances!D12:Instances!D12),"min", MIN(Instances!D12:Instances!D12),"max", MAX(Instances!D12:Instances!D12),"diff", MAX(Instances!D12:Instances!D12)-MIN(Instances!D12:Instances!D12))} -> 0 | E12: {=_xlfn.SWITCH($A$2,"average", AVERAGE(Instances!E12:Instances!E12),"median", MEDIAN(Instances!E12:Instances!E12),"min", MIN(Instances!E12:Instances!E12),"max", MAX(Instances!E12:Instances!E12),"diff", MAX(Instances!E12:Instances!E12)-MIN(Instances!E12:Instances!E12))} -> 0 | G12: {=_xlfn.SWITCH($A$2,"average", AVERAGE(Instances!G12:Instances!G12),"median", MEDIAN(Instances!G12:Instances!G12),"min", MIN(Instances!G12:Instances!G12),"max", MAX(Instances!G12:Instances!G12),"diff", MAX(Instances!G12:Instances!G12)-MIN(Instances!G12:Instances!G12))} -> 0 | H12: {=_xlfn.SWITCH($A$2,"average", AVERAGE(Instances!H12:Instances!H12),"median", MEDIAN(Instances!H12:Instances!H12),"min", MIN(Instances!H12:Instances!H12),"max", MAX(Instances!H12:Instances!H12),"diff", MAX(Instances!H12:Instances!H12)-MIN(Instances!H12:Instances!H12))} -> 0 | I12: =MIN($B12) -> 0 | J12: =MIN($C12) -> 0 | K12: =MIN($D12) -> 0 | L12: =MIN($E12) -> 0 | M12: =MIN($G12) -> 0 | N12: =MIN($H12) -> 0 | O12: =MEDIAN($B12) -> 0 | P12: =MEDIAN($C12) -> 0 | Q12: =MEDIAN($D12) -> 0 | R12: =MEDIAN($E12) -> 0 | S12: =MEDIAN($G12) -> 0 | T12: =MEDIAN($H12) -> 0 | U12: =MAX($B12) -> 0 | V12: =MAX($C12) -> 0 | W12: =MAX($D12) -> 0 | X12: =MAX($E12) -> 0 | Y12: =MAX($G12) -> 0 | Z12: =MAX($H12) -> 0
A13: ./11-563345380114560 | B13: {=_xlfn.SWITCH($A$2,"average", AVERAGE(Instances!B13:Instances!B13),"median", MEDIAN(Instances!B13:Instances!B13),"min", MIN(Instances!B13:Instances!B13),"max", MAX(Instances!B13:Instances!B13),"diff", MAX(Instances!B13:Instances!B13)-MIN(Instances!B13:Instances!B13))} -> 0 | C13: {=_xlfn.SWITCH($A$2,"average", AVERAGE(Instances!C13:Instances!C13),"median", MEDIAN(Instances!C13:Instances!C13),"min", MIN(Instances!C13:Instances!C13),"max", MAX(Instances!C13:Instances!C13),"diff", MAX(Instances!C13:Instances!C13)-MIN(Instances!C13:Instances!C13))} -> 0 | D13: {=_xlfn.SWITCH($A$2,"average", AVERAGE(Instances!D13:Instances!D13),"median", MEDIAN(Instances!D13:Instances!D13),"min", MIN(Instances!D13:Instances!D13),"max", MAX(Instances!D13:Instances!D13),"diff", MAX(Instances!D13:Instances!D13)-MIN(Instances!D13:Instances!D13))} -> 0 | E13: {=_xlfn.SWITCH($A$2,"average", AVERAGE(Instances!E13:Instances!E13),"median", MEDIAN(Instances!E13:Instances!E13),"min", MIN(Instances!E13:Instances!E13),"max", MAX(Instances!E13:Instances!E13),"diff", MAX(Instances!E13:Instances!E13)-MIN(Instances!E13:Instances!E13))} -> 0 | G13: {=_xlfn.SWITCH($A$2,"average", AVERAGE(Instances!G13:Instances!G13),"median", MEDIAN(Instances!G13:Instances!G13),"min", MIN(Instances!G13:Instances!G13),"max", MAX(Instances!G13:Instances!G13),"diff", MAX(Instances!G13:Instances!G13)-MIN(Instances!G13:Instances!G13))} -> 0 | H13: {=_xlfn.SWITCH($A$2,"average", AVERAGE(Instances!H13:Instances!H13),"median", MEDIAN(Instances!H13:Instances!H13),"min", MIN(Instances!H13:Instances!H13),"max", MAX(Instances!H13:Instances!H13),"diff", MAX(Instances!H13:Instances!H13)-MIN(Instances!H13:Instances!H13))} -> 0 | I13: =MIN($B13) -> 0 | J13: =MIN($C13) -> 0 | K13: =MIN($D13) -> 0 | L13: =MIN($E13) -> 0 | M13: =MIN($G13) -> 0 | N13: =MIN($H13) -> 0 | O13: =MEDIAN($B13) -> 0 | P13: =MEDIAN($C13) -> 0 | Q13: =MEDIAN($D13) -> 0 | R13: =MEDIAN($E13) -> 0 | S13: =MEDIAN($G13) -> 0 | T13: =MEDIAN($H13) -> 0 | U13: =MAX($B13) -> 0 | V13: =MAX($C13) -> 0 | W13: =MAX($D13) -> 0 | X13: =MAX($E13) -> 0 | Y13: =MAX($G13) -> 0 | Z13: =MAX($H13) -> 0
A14: ./11-567405982269522 | B14: {=_xlfn.SWITCH($A$2,"average", AVERAGE(Instances!B14:Instances!B14),"median", MEDIAN(Instances!B14:Instances!B14),"min", MIN(Instances!B14:Instances!B14),"max", MAX(Instances!B14:Instances!B14),"diff", MAX(Instances!B14:Instances!B14)-MIN(Instances!B14:Instances!B14))} -> 0 | C14: {=_xlfn.SWITCH($A$2,"average", AVERAGE(Instances!C14:Instances!C14),"median", MEDIAN(Instances!C14:Instances!C14),"min", MIN(Instances!C14:Instances!C14),"max", MAX(Instances!C14:Instances!C14),"diff", MAX(Instances!C14:Instances!C14)-MIN(Instances!C14:Instances!C14))} -> 0 | D14: {=_xlfn.SWITCH($A$2,"average", AVERAGE(Instances!D14:Instances!D14),"median", MEDIAN(Instances!D14:Instances!D14),"min", MIN(Instances!D14:Instances!D14),"max", MAX(Instances!D14:Instances!D14),"diff", MAX(Instances!D14:Instances!D14)-MIN(Instances!D14:Instances!D14))} -> 0 | E14: {=_xlfn.SWITCH($A$2,"average", AVERAGE(Instances!E14:Instances!E14),"median", MEDIAN(Instances!E14:Instances!E14),"min", MIN(Instances!E14:Instances!E14),"max", MAX(Instances!E14:Instances!E14),"diff", MAX(Instances!E14:Instances!E14)-MIN(Instances!E14:Instances!E14))} -> 0 | G14: {=_xlfn.SWITCH($A$2,"average", AVERAGE(Instances!G14:Instances!G14),"median", MEDIAN(Instances!G14:Instances!G14),"min", MIN(Instances!G14:Instances!G14),"max", MAX(Instances!G14:Instances!G14),"diff", MAX(Instances!G14:Instances!G14)-MIN(Instances!G14:Instances!G14))} -> 0 | H14: {=_xlfn.SWITCH($A$2,"average", AVERAGE(Instances!H14:Instances!H14),"median", MEDIAN(Instances!H14:Instances!H14),"min", MIN(Instances!H14:Instances!H14),"max", MAX(Instances!H14:Instances!H14),"diff", MAX(Instances!H14:Instances!H14)-MIN(Instances!H14:Instances!H14))} -> 0 | I14: =MIN($B14) -> 0 | J14: =MIN($C14) -> 0 | K14: =MIN($D14) -> 0 | L14: =MIN($E14) -> 0 | M14: =MIN($G14) -> 0 | N14: =MIN($H14) -> 0 | O14: =MEDIAN($B14) -> 0 | P14: =MEDIAN($C14) -> 0 | Q14: =MEDIAN($D14) -> 0 | R14: =MEDIAN($E14) -> 0 | S14: =MEDIAN($G14) -> 0 | T14: =MEDIAN($H14) -> 0 | U14: =MAX($B14) -> 0 | V14: =MAX($C14) -> 0 | W14: =MAX($D14) -> 0 | X14: =MAX($E14) -> 0 | Y14: =MAX($G14) -> 0 | Z14: =MAX($H14) -> 0
... A186: ./manifest | B186: {=_xlfn.SWITCH($A$2,"average", AVERAGE(Instances!B186:Instances!B186),"median", MEDIAN(Instances!B186:Instances!B186),"min", MIN(Instances!B186:Instances!B186),"max", MAX(Instances!B186:Instances!B186),"diff", MAX(Instances!B186:Instances!B186)-MIN(Instances!B186:Instances!B186))} -> 0 | C186: {=_xlfn.SWITCH($A$2,"average", AVERAGE(Instances!C186:Instances!C186),"median", MEDIAN(Instances!C186:Instances!C186),"min", MIN(Instances!C186:Instances!C186),"max", MAX(Instances!C186:Instances!C186),"diff", MAX(Instances!C186:Instances!C186)-MIN(Instances!C186:Instances!C186))} -> 0 | D186: {=_xlfn.SWITCH($A$2,"average", AVERAGE(Instances!D186:Instances!D186),"median", MEDIAN(Instances!D186:Instances!D186),"min", MIN(Instances!D186:Instances!D186),"max", MAX(Instances!D186:Instances!D186),"diff", MAX(Instances!D186:Instances!D186)-MIN(Instances!D186:Instances!D186))} -> 0 | E186: {=_xlfn.SWITCH($A$2,"average", AVERAGE(Instances!E186:Instances!E186),"median", MEDIAN(Instances!E186:Instances!E186),"min", MIN(Instances!E186:Instances!E186),"max", MAX(Instances!E186:Instances!E186),"diff", MAX(Instances!E186:Instances!E186)-MIN(Instances!E186:Instances!E186))} -> 0 | G186: {=_xlfn.SWITCH($A$2,"average", AVERAGE(Instances!G186:Instances!G186),"median", MEDIAN(Instances!G186:Instances!G186),"min", MIN(Instances!G186:Instances!G186),"max", MAX(Instances!G186:Instances!G186),"diff", MAX(Instances!G186:Instances!G186)-MIN(Instances!G186:Instances!G186))} -> 0 | H186: {=_xlfn.SWITCH($A$2,"average", AVERAGE(Instances!H186:Instances!H186),"median", MEDIAN(Instances!H186:Instances!H186),"min", MIN(Instances!H186:Instances!H186),"max", MAX(Instances!H186:Instances!H186),"diff", MAX(Instances!H186:Instances!H186)-MIN(Instances!H186:Instances!H186))} -> 0 | I186: =MIN($B186) -> 0 | J186: =MIN($C186) -> 0 | K186: =MIN($D186) -> 0 | L186: =MIN($E186) -> 0 | M186: =MIN($G186) -> 0 | N186: =MIN($H186) -> 0 | O186: =MEDIAN($B186) -> 0 | P186: =MEDIAN($C186) -> 0 | Q186: =MEDIAN($D186) -> 0 | R186: =MEDIAN($E186) -> 0 | S186: =MEDIAN($G186) -> 0 | T186: =MEDIAN($H186) -> 0 | U186: =MAX($B186) -> 0 | V186: =MAX($C186) -> 0 | W186: =MAX($D186) -> 0 | X186: =MAX($E186) -> 0 | Y186: =MAX($G186) -> 0 | Z186: =MAX($H186) -> 0
A188: SUM | B188: =SUM(B$3:B$186) -> 0 | C188: =SUM(C$3:C$186) -> 0 | D188: =SUM(D$3:D$186) -> 0 | E188: =SUM(E$3:E$186) -> 0 | G188: =SUM(G$3:G$186) -> 0 | H188: =SUM(H$3:H$186) -> 0 | I188: =SUM(I$3:I$186) -> 0 | J188: =SUM(J$3:J$186) -> 0 | K188: =SUM(K$3:K$186) -> 0 | L188: =SUM(L$3:L$186) -> 0 | M188: =SUM(M$3:M$186) -> 0 | N188: =SUM(N$3:N$186) -> 0 | ... Z188: =SUM(Z$3:Z$186) -> 0
A189: AVG | B189: =AVERAGE(B$3:B$186) -> 0 | C189: =AVERAGE(C$3:C$186) -> 0 | D189: =AVERAGE(D$3:D$186) -> 0 | E189: =AVERAGE(E$3:E$186) -> 0 | G189: =AVERAGE(G$3:G$186) -> 0 | H189: =AVERAGE(H$3:H$186) -> 0 | I189: =AVERAGE(I$3:I$186) -> 0 | J189: =AVERAGE(J$3:J$186) -> 0 | K189: =AVERAGE(K$3:K$186) -> 0 | L189: =AVERAGE(L$3:L$186) -> 0 | M189: =AVERAGE(M$3:M$186) -> 0 | N189: =AVERAGE(N$3:N$186) -> 0 | ... Z189: =AVERAGE(Z$3:Z$186) -> 0
A190: DEV | B190: =STDEV(B$3:B$186) -> 0 | C190: =STDEV(C$3:C$186) -> 0 | D190: =STDEV(D$3:D$186) -> 0 | E190: =STDEV(E$3:E$186) -> 0 | G190: =STDEV(G$3:G$186) -> 0 | H190: =STDEV(H$3:H$186) -> 0 | I190: =STDEV(I$3:I$186) -> 0 | J190: =STDEV(J$3:J$186) -> 0 | K190: =STDEV(K$3:K$186) -> 0 | L190: =STDEV(L$3:L$186) -> 0 | M190: =STDEV(M$3:M$186) -> 0 | N190: =STDEV(N$3:N$186) -> 0 | ... Z190: =STDEV(Z$3:Z$186) -> 0
A191: DST | B191: =SUMPRODUCT(--(B$3:B$186-$I$3:$I$186)^2)^0.5 -> 0 | C191: =SUMPRODUCT(--(C$3:C$186-$J$3:$J$186)^2)^0.5 -> 0 | D191: =SUMPRODUCT(--(D$3:D$186-$K$3:$K$186)^2)^0.5 -> 0 | E191: =SUMPRODUCT(--(E$3:E$186-$L$3:$L$186)^2)^0.5 -> 0 | G191: =SUMPRODUCT(--(G$3:G$186-$M$3:$M$186)^2)^0.5 -> 0 | H191: =SUMPRODUCT(--(H$3:H$186-$N$3:$N$186)^2)^0.5 -> 0
A192: BEST | B192: =SUMPRODUCT(NOT(ISBLANK(B$3:B$186))*(B$3:B$186=$I$3:$I$186)) -> 0 | C192: =SUMPRODUCT(NOT(ISBLANK(C$3:C$186))*(C$3:C$186=$J$3:$J$186)) -> 0 | D192: =SUMPRODUCT(NOT(ISBLANK(D$3:D$186))*(D$3:D$186=$K$3:$K$186)) -> 0 | E192: =SUMPRODUCT(NOT(ISBLANK(E$3:E$186))*(E$3:E$186=$L$3:$L$186)) -> 0 | G192: =SUMPRODUCT(NOT(ISBLANK(G$3:G$186))*(G$3:G$186=$M$3:$M$186)) -> 0 | H192: =SUMPRODUCT(NOT(ISBLANK(H$3:H$186))*(H$3:H$186=$N$3:$N$186)) -> 0
A193: BETTER | B193: =SUMPRODUCT(NOT(ISBLANK(B$3:B$186))*(B$3:B$186<$O$3:$O$186)) -> 0 | C193: =SUMPRODUCT(NOT(ISBLANK(C$3:C$186))*(C$3:C$186<$P$3:$P$186)) -> 0 | D193: =SUMPRODUCT(NOT(ISBLANK(D$3:D$186))*(D$3:D$186<$Q$3:$Q$186)) -> 0 | E193: =SUMPRODUCT(NOT(ISBLANK(E$3:E$186))*(E$3:E$186<$R$3:$R$186)) -> 0 | G193: =SUMPRODUCT(NOT(ISBLANK(G$3:G$186))*(G$3:G$186<$S$3:$S$186)) -> 0 | H193: =SUMPRODUCT(NOT(ISBLANK(H$3:H$186))*(H$3:H$186<$T$3:$T$186)) -> 0
A194: WORSE | B194: =SUMPRODUCT((NOT(ISBLANK(B$3:B$186))*(B$3:B$186>$O$3:$O$186))+ISBLANK(B$3:B$186)) -> 0 | C194: =SUMPRODUCT((NOT(ISBLANK(C$3:C$186))*(C$3:C$186>$P$3:$P$186))+ISBLANK(C$3:C$186)) -> 0 | D194: =SUMPRODUCT((NOT(ISBLANK(D$3:D$186))*(D$3:D$186>$Q$3:$Q$186))+ISBLANK(D$3:D$186)) -> 0 | E194: =SUMPRODUCT((NOT(ISBLANK(E$3:E$186))*(E$3:E$186>$R$3:$R$186))+ISBLANK(E$3:E$186)) -> 0 | G194: =SUMPRODUCT((NOT(ISBLANK(G$3:G$186))*(G$3:G$186>$S$3:$S$186))+ISBLANK(G$3:G$186)) -> 0 | H194: =SUMPRODUCT((NOT(ISBLANK(H$3:H$186))*(H$3:H$186>$T$3:$T$186))+ISBLANK(H$3:H$186)) -> 0
A195: WORST | B195: =SUMPRODUCT((NOT(ISBLANK(B$3:B$186))*(B$3:B$186=$U$3:$U$186))+ISBLANK(B$3:B$186)) -> 0 | C195: =SUMPRODUCT((NOT(ISBLANK(C$3:C$186))*(C$3:C$186=$V$3:$V$186))+ISBLANK(C$3:C$186)) -> 0 | D195: =SUMPRODUCT((NOT(ISBLANK(D$3:D$186))*(D$3:D$186=$W$3:$W$186))+ISBLANK(D$3:D$186)) -> 0 | E195: =SUMPRODUCT((NOT(ISBLANK(E$3:E$186))*(E$3:E$186=$X$3:$X$186))+ISBLANK(E$3:E$186)) -> 0 | G195: =SUMPRODUCT((NOT(ISBLANK(G$3:G$186))*(G$3:G$186=$Y$3:$Y$186))+ISBLANK(G$3:G$186)) -> 0 | H195: =SUMPRODUCT((NOT(ISBLANK(H$3:H$186))*(H$3:H$186=$Z$3:$Z$186))+ISBLANK(H$3:H$186)) -> 0

Sheet Classes
B1: clingo-5.8.0/one-as | I1: min | O1: median | U1: max
B2: error | C2: mem | D2: memout | E2: par2 | F2: rstatus | G2: time | H2: timeout | I2: error | J2: mem | K2: memout | L2: par2 | M2: time | N2: timeout | O2: error | P2: mem | Q2: memout | R2: par2 | S2: time | T2: timeout | U2: error | V2: mem | W2: memout | X2: par2 | Y2: time | Z2: timeout
A3: . | B3: =AVERAGE(Instances!B3:Instances!B94) -> 0 | C3: =AVERAGE(Instances!C3:Instances!C94) -> 0 | D3: =AVERAGE(Instances!D3:Instances!D94) -> 0 | E3: =AVERAGE(Instances!E3:Instances!E94) -> 0 | G3: =AVERAGE(Instances!G3:Instances!G94) -> 0 | H3: =SUM(Instances!H3:Instances!H94) -> 0 | I3: =MIN($B3) -> 0 | J3: =MIN($C3) -> 0 | K3: =MIN($D3) -> 0 | L3: =MIN($E3) -> 0 | M3: =MIN($G3) -> 0 | N3: =MIN($H3) -> 0 | O3: =MEDIAN($B3) -> 0 | P3: =MEDIAN($C3) -> 0 | Q3: =MEDIAN($D3) -> 0 | R3: =MEDIAN($E3) -> 0 | S3: =MEDIAN($G3) -> 0 | T3: =MEDIAN($H3) -> 0 | U3: =MAX($B3) -> 0 | V3: =MAX($C3) -> 0 | W3: =MAX($D3) -> 0 | X3: =MAX($E3) -> 0 | Y3: =MAX($G3) -> 0 | Z3: =MAX($H3) -> 0
A4: . | B4: =AVERAGE(Instances!B95:Instances!B186) -> 0 | C4: =AVERAGE(Instances!C95:Instances!C186) -> 0 | D4: =AVERAGE(Instances!D95:Instances!D186) -> 0 | E4: =AVERAGE(Instances!E95:Instances!E186) -> 0 | G4: =AVERAGE(Instances!G95:Instances!G186) -> 0 | H4: =SUM(Instances!H95:Instances!H186) -> 0 | I4: =MIN($B4) -> 0 | J4: =MIN($C4) -> 0 | K4: =MIN($D4) -> 0 | L4: =MIN($E4) -> 0 | M4: =MIN($G4) -> 0 | N4: =MIN($H4) -> 0 | O4: =MEDIAN($B4) -> 0 | P4: =MEDIAN($C4) -> 0 | Q4: =MEDIAN($D4) -> 0 | R4: =MEDIAN($E4) -> 0 | S4: =MEDIAN($G4) -> 0 | T4: =MEDIAN($H4) -> 0 | U4: =MAX($B4) -> 0 | V4: =MAX($C4) -> 0 | W4: =MAX($D4) -> 0 | X4: =MAX($E4) -> 0 | Y4: =MAX($G4) -> 0 | Z4: =MAX($H4) -> 0
A6: SUM | B6: =SUM(B$3:B$4) -> 0 | C6: =SUM(C$3:C$4) -> 0 | D6: =SUM(D$3:D$4) -> 0 | E6: =SUM(E$3:E$4) -> 0 | G6: =SUM(G$3:G$4) -> 0 | H6: =SUM(H$3:H$4) -> 0 | I6: =SUM(I$3:I$4) -> 0 | J6: =SUM(J$3:J$4) -> 0 | K6: =SUM(K$3:K$4) -> 0 | L6: =SUM(L$3:L$4) -> 0 | M6: =SUM(M$3:M$4) -> 0 | N6: =SUM(N$3:N$4) -> 0 | ... Z6: =SUM(Z$3:Z$4) -> 0
A7: AVG | B7: =AVERAGE(B$3:B$4) -> 0 | C7: =AVERAGE(C$3:C$4) -> 0 | D7: =AVERAGE(D$3:D$4) -> 0 | E7: =AVERAGE(E$3:E$4) -> 0 | G7: =AVERAGE(G$3:G$4) -> 0 | H7: =AVERAGE(H$3:H$4) -> 0 | I7: =AVERAGE(I$3:I$4) -> 0 | J7: =AVERAGE(J$3:J$4) -> 0 | K7: =AVERAGE(K$3:K$4) -> 0 | L7: =AVERAGE(L$3:L$4) -> 0 | M7: =AVERAGE(M$3:M$4) -> 0 | N7: =AVERAGE(N$3:N$4) -> 0 | ... Z7: =AVERAGE(Z$3:Z$4) -> 0
A8: DEV | B8: =STDEV(B$3:B$4) -> 0 | C8: =STDEV(C$3:C$4) -> 0 | D8: =STDEV(D$3:D$4) -> 0 | E8: =STDEV(E$3:E$4) -> 0 | G8: =STDEV(G$3:G$4) -> 0 | H8: =STDEV(H$3:H$4) -> 0 | I8: =STDEV(I$3:I$4) -> 0 | J8: =STDEV(J$3:J$4) -> 0 | K8: =STDEV(K$3:K$4) -> 0 | L8: =STDEV(L$3:L$4) -> 0 | M8: =STDEV(M$3:M$4) -> 0 | N8: =STDEV(N$3:N$4) -> 0 | ... Z8: =STDEV(Z$3:Z$4) -> 0
A9: DST | B9: =SUMPRODUCT(--(B$3:B$4-$I$3:$I$4)^2)^0.5 -> 0 | C9: =SUMPRODUCT(--(C$3:C$4-$J$3:$J$4)^2)^0.5 -> 0 | D9: =SUMPRODUCT(--(D$3:D$4-$K$3:$K$4)^2)^0.5 -> 0 | E9: =SUMPRODUCT(--(E$3:E$4-$L$3:$L$4)^2)^0.5 -> 0 | G9: =SUMPRODUCT(--(G$3:G$4-$M$3:$M$4)^2)^0.5 -> 0 | H9: =SUMPRODUCT(--(H$3:H$4-$N$3:$N$4)^2)^0.5 -> 0
A10: BEST | B10: =SUMPRODUCT(NOT(ISBLANK(B$3:B$4))*(B$3:B$4=$I$3:$I$4)) -> 0 | C10: =SUMPRODUCT(NOT(ISBLANK(C$3:C$4))*(C$3:C$4=$J$3:$J$4)) -> 0 | D10: =SUMPRODUCT(NOT(ISBLANK(D$3:D$4))*(D$3:D$4=$K$3:$K$4)) -> 0 | E10: =SUMPRODUCT(NOT(ISBLANK(E$3:E$4))*(E$3:E$4=$L$3:$L$4)) -> 0 | G10: =SUMPRODUCT(NOT(ISBLANK(G$3:G$4))*(G$3:G$4=$M$3:$M$4)) -> 0 | H10: =SUMPRODUCT(NOT(ISBLANK(H$3:H$4))*(H$3:H$4=$N$3:$N$4)) -> 0
A11: BETTER | B11: =SUMPRODUCT(NOT(ISBLANK(B$3:B$4))*(B$3:B$4<$O$3:$O$4)) -> 0 | C11: =SUMPRODUCT(NOT(ISBLANK(C$3:C$4))*(C$3:C$4<$P$3:$P$4)) -> 0 | D11: =SUMPRODUCT(NOT(ISBLANK(D$3:D$4))*(D$3:D$4<$Q$3:$Q$4)) -> 0 | E11: =SUMPRODUCT(NOT(ISBLANK(E$3:E$4))*(E$3:E$4<$R$3:$R$4)) -> 0 | G11: =SUMPRODUCT(NOT(ISBLANK(G$3:G$4))*(G$3:G$4<$S$3:$S$4)) -> 0 | H11: =SUMPRODUCT(NOT(ISBLANK(H$3:H$4))*(H$3:H$4<$T$3:$T$4)) -> 0
A12: WORSE | B12: =SUMPRODUCT((NOT(ISBLANK(B$3:B$4))*(B$3:B$4>$O$3:$O$4))+ISBLANK(B$3:B$4)) -> 0 | C12: =SUMPRODUCT((NOT(ISBLANK(C$3:C$4))*(C$3:C$4>$P$3:$P$4))+ISBLANK(C$3:C$4)) -> 0 | D12: =SUMPRODUCT((NOT(ISBLANK(D$3:D$4))*(D$3:D$4>$Q$3:$Q$4))+ISBLANK(D$3:D$4)) -> 0 | E12: =SUMPRODUCT((NOT(ISBLANK(E$3:E$4))*(E$3:E$4>$R$3:$R$4))+ISBLANK(E$3:E$4)) -> 0 | G12: =SUMPRODUCT((NOT(ISBLANK(G$3:G$4))*(G$3:G$4>$S$3:$S$4))+ISBLANK(G$3:G$4)) -> 0 | H12: =SUMPRODUCT((NOT(ISBLANK(H$3:H$4))*(H$3:H$4>$T$3:$T$4))+ISBLANK(H$3:H$4)) -> 0
A13: WORST | B13: =SUMPRODUCT((NOT(ISBLANK(B$3:B$4))*(B$3:B$4=$U$3:$U$4))+ISBLANK(B$3:B$4)) -> 0 | C13: =SUMPRODUCT((NOT(ISBLANK(C$3:C$4))*(C$3:C$4=$V$3:$V$4))+ISBLANK(C$3:C$4)) -> 0 | D13: =SUMPRODUCT((NOT(ISBLANK(D$3:D$4))*(D$3:D$4=$W$3:$W$4))+ISBLANK(D$3:D$4)) -> 0 | E13: =SUMPRODUCT((NOT(ISBLANK(E$3:E$4))*(E$3:E$4=$X$3:$X$4))+ISBLANK(E$3:E$4)) -> 0 | G13: =SUMPRODUCT((NOT(ISBLANK(G$3:G$4))*(G$3:G$4=$Y$3:$Y$4))+ISBLANK(G$3:G$4)) -> 0 | H13: =SUMPRODUCT((NOT(ISBLANK(H$3:H$4))*(H$3:H$4=$Z$3:$Z$4))+ISBLANK(H$3:H$4)) -> 0

Sheet Helper
A2: error | B2: 1 | E2: =VLOOKUP(Charts!$F$3,A2:B7,2,FALSE) -> 0 | K2: =E2 -> 0 | Q2: =VLOOKUP(Charts!$F$3,A2:B7,2,FALSE) -> 0
A3: mem | B3: 2 | D3: data | E3: =Instances!B1 -> 0 | J3: data | K3: =E3 -> 0 | Q3: =Instances!B1 -> 0
A4: memout | B4: 3 | D4: index | E4: values | F4: sorted | H4: aggregated | J4: index | K4: values | L4: sorted | N4: aggregated | P4: plot | Q4: index | R4: sorted | S4: index | T4: aggregated
A5: par2 | B5: 4 | D5: 1 | E5: =IF(INDIRECT(ADDRESS($D5+2,E$2+1,,,"Instances"))="","",INDIRECT(ADDRESS($D5+2,E$2+1,,,"Instances"))) -> 0 | F5: =IFERROR(SMALL(E5:E188,ROW()-ROW($F$5)+1),"") -> 0 | H5: =IFERROR(SUM(F5:F5),"") -> 0 | J5: 1 | K5: {=_xlfn.SWITCH(Charts!$B$3,"average", AVERAGE(INDIRECT(ADDRESS(0+3,K$2+1,,,"Instances") & ":" & ADDRESS(0+3,K$2+1))),"median", MEDIAN(INDIRECT(ADDRESS(0+3,K$2+1,,,"Instances") & ":" & ADDRESS(0+3,K$2+1))),"min", MIN(INDIRECT(ADDRESS(0+3,K$2+1,,,"Instances") & ":" & ADDRESS(0+3,K$2+1))),"max", MAX(INDIRECT(ADDRESS(0+3,K$2+1,,,"Instances") & ":" & ADDRESS(0+3,K$2+1))),"diff", MAX(INDIRECT(ADDRESS(0+3,K$2+1,,,"Instances") & ":" & ADDRESS(0+3,K$2+1)))-MIN(INDIRECT(ADDRESS(0+3,K$2+1,,,"Instances") & ":" & ADDRESS(0+3,K$2+1))))} -> 0 | L5: =IFERROR(SMALL(K5:K188,ROW()-ROW($L$5)+1),"") -> 0 | N5: =IFERROR(SUM(L5:L5),"") -> 0 | Q5: =IF(Charts!$B$3="none",E932,IF(K932="",NA(),K932)) -> 0 | R5: =IF(Charts!$B$3="none",F932,IF(L932="",NA(),L932)) -> 0 | S5: =IF(Charts!$B$3="none",G932,IF(M932="",NA(),M932)) -> 0 | T5: =IF(Charts!$B$3="none",H932,IF(N932="",NA(),N932)) -> 0
A6: time | B6: 6 | D6: 2 | E6: =IF(INDIRECT(ADDRESS($D6+2,E$2+1,,,"Instances"))="","",INDIRECT(ADDRESS($D6+2,E$2+1,,,"Instances"))) -> 0 | F6: =IFERROR(SMALL(E5:E188,ROW()-ROW($F$5)+1),"") -> 0 | H6: =IFERROR(SUM(F5:F6),"") -> 0 | J6: 2 | K6: {=_xlfn.SWITCH(Charts!$B$3,"average", AVERAGE(INDIRECT(ADDRESS(1+3,K$2+1,,,"Instances") & ":" & ADDRESS(1+3,K$2+1))),"median", MEDIAN(INDIRECT(ADDRESS(1+3,K$2+1,,,"Instances") & ":" & ADDRESS(1+3,K$2+1))),"min", MIN(INDIRECT(ADDRESS(1+3,K$2+1,,,"Instances") & ":" & ADDRESS(1+3,K$2+1))),"max", MAX(INDIRECT(ADDRESS(1+3,K$2+1,,,"Instances") & ":" & ADDRESS(1+3,K$2+1))),"diff", MAX(INDIRECT(ADDRESS(1+3,K$2+1,,,"Instances") & ":" & ADDRESS(1+3,K$2+1)))-MIN(INDIRECT(ADDRESS(1+3,K$2+1,,,"Instances") & ":" & ADDRESS(1+3,K$2+1))))} -> 0 | L6: =IFERROR(SMALL(K5:K188,ROW()-ROW($L$5)+1),"") -> 0 | N6: =IFERROR(SUM(L5:L6),"") -> 0 | Q6: =IF(Charts!$B$3="none",E933,IF(K933="",NA(),K933)) -> 0 | R6: =IF(Charts!$B$3="none",F933,IF(L933="",NA(),L933)) -> 0 | S6: =IF(Charts!$B$3="none",G933,IF(M933="",NA(),M933)) -> 0 | T6: =IF(Charts!$B$3="none",H933,IF(N933="",NA(),N933)) -> 0
A7: timeout | B7: 7 | D7: 3 | E7: =IF(INDIRECT(ADDRESS($D7+2,E$2+1,,,"Instances"))="","",INDIRECT(ADDRESS($D7+2,E$2+1,,,"Instances"))) -> 0 | F7: =IFERROR(SMALL(E5:E188,ROW()-ROW($F$5)+1),"") -> 0 | H7: =IFERROR(SUM(F5:F7),"") -> 0 | J7: 3 | K7: {=_xlfn.SWITCH(Charts!$B$3,"average", AVERAGE(INDIRECT(ADDRESS(2+3,K$2+1,,,"Instances") & ":" & ADDRESS(2+3,K$2+1))),"median", MEDIAN(INDIRECT(ADDRESS(2+3,K$2+1,,,"Instances") & ":" & ADDRESS(2+3,K$2+1))),"min", MIN(INDIRECT(ADDRESS(2+3,K$2+1,,,"Instances") & ":" & ADDRESS(2+3,K$2+1))),"max", MAX(INDIRECT(ADDRESS(2+3,K$2+1,,,"Instances") & ":" & ADDRESS(2+3,K$2+1))),"diff", MAX(INDIRECT(ADDRESS(2+3,K$2+1,,,"Instances") & ":" & ADDRESS(2+3,K$2+1)))-MIN(INDIRECT(ADDRESS(2+3,K$2+1,,,"Instances") & ":" & ADDRESS(2+3,K$2+1))))} -> 0 | L7: =IFERROR(SMALL(K5:K188,ROW()-ROW($L$5)+1),"") -> 0 | N7: =IFERROR(SUM(L5:L7),"") -> 0 | Q7: =IF(Charts!$B$3="none",E934,IF(K934="",NA(),K934)) -> 0 | R7: =IF(Charts!$B$3="none",F934,IF(L934="",NA(),L934)) -> 0 | S7: =IF(Charts!$B$3="none",G934,IF(M934="",NA(),M934)) -> 0 | T7: =IF(Charts!$B$3="none",H934,IF(N934="",NA(),N934)) -> 0
D8: 4 | E8: =IF(INDIRECT(ADDRESS($D8+2,E$2+1,,,"Instances"))="","",INDIRECT(ADDRESS($D8+2,E$2+1,,,"Instances"))) -> 0 | F8: =IFERROR(SMALL(E5:E188,ROW()-ROW($F$5)+1),"") -> 0 | H8: =IFERROR(SUM(F5:F8),"") -> 0 | J8: 4 | K8: {=_xlfn.SWITCH(Charts!$B$3,"average", AVERAGE(INDIRECT(ADDRESS(3+3,K$2+1,,,"Instances") & ":" & ADDRESS(3+3,K$2+1))),"median", MEDIAN(INDIRECT(ADDRESS(3+3,K$2+1,,,"Instances") & ":" & ADDRESS(3+3,K$2+1))),"min", MIN(INDIRECT(ADDRESS(3+3,K$2+1,,,"Instances") & ":" & ADDRESS(3+3,K$2+1))),"max", MAX(INDIRECT(ADDRESS(3+3,K$2+1,,,"Instances") & ":" & ADDRESS(3+3,K$2+1))),"diff", MAX(INDIRECT(ADDRESS(3+3,K$2+1,,,"Instances") & ":" & ADDRESS(3+3,K$2+1)))-MIN(INDIRECT(ADDRESS(3+3,K$2+1,,,"Instances") & ":" & ADDRESS(3+3,K$2+1))))} -> 0 | L8: =IFERROR(SMALL(K5:K188,ROW()-ROW($L$5)+1),"") -> 0 | N8: =IFERROR(SUM(L5:L8),"") -> 0 | Q8: =IF(Charts!$B$3="none",E935,IF(K935="",NA(),K935)) -> 0 | R8: =IF(Charts!$B$3="none",F935,IF(L935="",NA(),L935)) -> 0 | S8: =IF(Charts!$B$3="none",G935,IF(M935="",NA(),M935)) -> 0 | T8: =IF(Charts!$B$3="none",H935,IF(N935="",NA(),N935)) -> 0
D9: 5 | E9: =IF(INDIRECT(ADDRESS($D9+2,E$2+1,,,"Instances"))="","",INDIRECT(ADDRESS($D9+2,E$2+1,,,"Instances"))) -> 0 | F9: =IFERROR(SMALL(E5:E188,ROW()-ROW($F$5)+1),"") -> 0 | H9: =IFERROR(SUM(F5:F9),"") -> 0 | J9: 5 | K9: {=_xlfn.SWITCH(Charts!$B$3,"average", AVERAGE(INDIRECT(ADDRESS(4+3,K$2+1,,,"Instances") & ":" & ADDRESS(4+3,K$2+1))),"median", MEDIAN(INDIRECT(ADDRESS(4+3,K$2+1,,,"Instances") & ":" & ADDRESS(4+3,K$2+1))),"min", MIN(INDIRECT(ADDRESS(4+3,K$2+1,,,"Instances") & ":" & ADDRESS(4+3,K$2+1))),"max", MAX(INDIRECT(ADDRESS(4+3,K$2+1,,,"Instances") & ":" & ADDRESS(4+3,K$2+1))),"diff", MAX(INDIRECT(ADDRESS(4+3,K$2+1,,,"Instances") & ":" & ADDRESS(4+3,K$2+1)))-MIN(INDIRECT(ADDRESS(4+3,K$2+1,,,"Instances") & ":" & ADDRESS(4+3,K$2+1))))} -> 0 | L9: =IFERROR(SMALL(K5:K188,ROW()-ROW($L$5)+1),"") -> 0 | N9: =IFERROR(SUM(L5:L9),"") -> 0 | Q9: =IF(Charts!$B$3="none",E936,IF(K936="",NA(),K936)) -> 0 | R9: =IF(Charts!$B$3="none",F936,IF(L936="",NA(),L936)) -> 0 | S9: =IF(Charts!$B$3="none",G936,IF(M936="",NA(),M936)) -> 0 | T9: =IF(Charts!$B$3="none",H936,IF(N936="",NA(),N936)) -> 0
D10: 6 | E10: =IF(INDIRECT(ADDRESS($D10+2,E$2+1,,,"Instances"))="","",INDIRECT(ADDRESS($D10+2,E$2+1,,,"Instances"))) -> 0 | F10: =IFERROR(SMALL(E5:E188,ROW()-ROW($F$5)+1),"") -> 0 | H10: =IFERROR(SUM(F5:F10),"") -> 0 | J10: 6 | K10: {=_xlfn.SWITCH(Charts!$B$3,"average", AVERAGE(INDIRECT(ADDRESS(5+3,K$2+1,,,"Instances") & ":" & ADDRESS(5+3,K$2+1))),"median", MEDIAN(INDIRECT(ADDRESS(5+3,K$2+1,,,"Instances") & ":" & ADDRESS(5+3,K$2+1))),"min", MIN(INDIRECT(ADDRESS(5+3,K$2+1,,,"Instances") & ":" & ADDRESS(5+3,K$2+1))),"max", MAX(INDIRECT(ADDRESS(5+3,K$2+1,,,"Instances") & ":" & ADDRESS(5+3,K$2+1))),"diff", MAX(INDIRECT(ADDRESS(5+3,K$2+1,,,"Instances") & ":" & ADDRESS(5+3,K$2+1)))-MIN(INDIRECT(ADDRESS(5+3,K$2+1,,,"Instances") & ":" & ADDRESS(5+3,K$2+1))))} -> 0 | L10: =IFERROR(SMALL(K5:K188,ROW()-ROW($L$5)+1),"") -> 0 | N10: =IFERROR(SUM(L5:L10),"") -> 0 | Q10: =IF(Charts!$B$3="none",E937,IF(K937="",NA(),K937)) -> 0 | R10: =IF(Charts!$B$3="none",F937,IF(L937="",NA(),L937)) -> 0 | S10: =IF(Charts!$B$3="none",G937,IF(M937="",NA(),M937)) -> 0 | T10: =IF(Charts!$B$3="none",H937,IF(N937="",NA(),N937)) -> 0
D11: 7 | E11: =IF(INDIRECT(ADDRESS($D11+2,E$2+1,,,"Instances"))="","",INDIRECT(ADDRESS($D11+2,E$2+1,,,"Instances"))) -> 0 | F11: =IFERROR(SMALL(E5:E188,ROW()-ROW($F$5)+1),"") -> 0 | H11: =IFERROR(SUM(F5:F11),"") -> 0 | J11: 7 | K11: {=_xlfn.SWITCH(Charts!$B$3,"average", AVERAGE(INDIRECT(ADDRESS(6+3,K$2+1,,,"Instances") & ":" & ADDRESS(6+3,K$2+1))),"median", MEDIAN(INDIRECT(ADDRESS(6+3,K$2+1,,,"Instances") & ":" & ADDRESS(6+3,K$2+1))),"min", MIN(INDIRECT(ADDRESS(6+3,K$2+1,,,"Instances") & ":" & ADDRESS(6+3,K$2+1))),"max", MAX(INDIRECT(ADDRESS(6+3,K$2+1,,,"Instances") & ":" & ADDRESS(6+3,K$2+1))),"diff", MAX(INDIRECT(ADDRESS(6+3,K$2+1,,,"Instances") & ":" & ADDRESS(6+3,K$2+1)))-MIN(INDIRECT(ADDRESS(6+3,K$2+1,,,"Instances") & ":" & ADDRESS(6+3,K$2+1))))} -> 0 | L11: =IFERROR(SMALL(K5:K188,ROW()-ROW($L$5)+1),"") -> 0 | N11: =IFERROR(SUM(L5:L11),"") -> 0 | Q11: =IF(Charts!$B$3="none",E938,IF(K938="",NA(),K938)) -> 0 | R11: =IF(Charts!$B$3="none",F938,IF(L938="",NA(),L938)) -> 0 | S11: =IF(Charts!$B$3="none",G938,IF(M938="",NA(),M938)) -> 0 | T11: =IF(Charts!$B$3="none",H938,IF(N938="",NA(),N938)) -> 0
D12: 8 | E12: =IF(INDIRECT(ADDRESS($D12+2,E$2+1,,,"Instances"))="","",INDIRECT(ADDRESS($D12+2,E$2+1,,,"Instances"))) -> 0 | F12: =IFERROR(SMALL(E5:E188,ROW()-ROW($F$5)+1),"") -> 0 | H12: =IFERROR(SUM(F5:F12),"") -> 0 | J12: 8 | K12: {=_xlfn.SWITCH(Charts!$B$3,"average", AVERAGE(INDIRECT(ADDRESS(7+3,K$2+1,,,"Instances") & ":" & ADDRESS(7+3,K$2+1))),"median", MEDIAN(INDIRECT(ADDRESS(7+3,K$2+1,,,"Instances") & ":" & ADDRESS(7+3,K$2+1))),"min", MIN(INDIRECT(ADDRESS(7+3,K$2+1,,,"Instances") & ":" & ADDRESS(7+3,K$2+1))),"max", MAX(INDIRECT(ADDRESS(7+3,K$2+1,,,"Instances") & ":" & ADDRESS(7+3,K$2+1))),"diff", MAX(INDIRECT(ADDRESS(7+3,K$2+1,,,"Instances") & ":" & ADDRESS(7+3,K$2+1)))-MIN(INDIRECT(ADDRESS(7+3,K$2+1,,,"Instances") & ":" & ADDRESS(7+3,K$2+1))))} -> 0 | L12: =IFERROR(SMALL(K5:K188,ROW()-ROW($L$5)+1),"") -> 0 | N12: =IFERROR(SUM(L5:L12),"") -> 0 | Q12: =IF(Charts!$B$3="none",E939,IF(K939="",NA(),K939)) -> 0 | R12: =IF(Charts!$B$3="none",F939,IF(L939="",NA(),L939)) -> 0 | S12: =IF(Charts!$B$3="none",G939,IF(M939="",NA(),M939)) -> 0 | T12: =IF(Charts!$B$3="none",H939,IF(N939="",NA(),N939)) -> 0
D13: 9 | E13: =IF(INDIRECT(ADDRESS($D13+2,E$2+1,,,"Instances"))="","",INDIRECT(ADDRESS($D13+2,E$2+1,,,"Instances"))) -> 0 | F13: =IFERROR(SMALL(E5:E188,ROW()-ROW($F$5)+1),"") -> 0 | H13: =IFERROR(SUM(F5:F13),"") -> 0 | J13: 9 | K13: {=_xlfn.SWITCH(Charts!$B$3,"average", AVERAGE(INDIRECT(ADDRESS(8+3,K$2+1,,,"Instances") & ":" & ADDRESS(8+3,K$2+1))),"median", MEDIAN(INDIRECT(ADDRESS(8+3,K$2+1,,,"Instances") & ":" & ADDRESS(8+3,K$2+1))),"min", MIN(INDIRECT(ADDRESS(8+3,K$2+1,,,"Instances") & ":" & ADDRESS(8+3,K$2+1))),"max", MAX(INDIRECT(ADDRESS(8+3,K$2+1,,,"Instances") & ":" & ADDRESS(8+3,K$2+1))),"diff", MAX(INDIRECT(ADDRESS(8+3,K$2+1,,,"Instances") & ":" & ADDRESS(8+3,K$2+1)))-MIN(INDIRECT(ADDRESS(8+3,K$2+1,,,"Instances") & ":" & ADDRESS(8+3,K$2+1))))} -> 0 | L13: =IFERROR(SMALL(K5:K188,ROW()-ROW($L$5)+1),"") -> 0 | N13: =IFERROR(SUM(L5:L13),"") -> 0 | Q13: =IF(Charts!$B$3="none",E940,IF(K940="",NA(),K940)) -> 0 | R13: =IF(Charts!$B$3="none",F940,IF(L940="",NA(),L940)) -> 0 | S13: =IF(Charts!$B$3="none",G940,IF(M940="",NA(),M940)) -> 0 | T13: =IF(Charts!$B$3="none",H940,IF(N940="",NA(),N940)) -> 0
D14: 10 | E14: =IF(INDIRECT(ADDRESS($D14+2,E$2+1,,,"Instances"))="","",INDIRECT(ADDRESS($D14+2,E$2+1,,,"Instances"))) -> 0 | F14: =IFERROR(SMALL(E5:E188,ROW()-ROW($F$5)+1),"") -> 0 | H14: =IFERROR(SUM(F5:F14),"") -> 0 | J14: 10 | K14: {=_xlfn.SWITCH(Charts!$B$3,"average", AVERAGE(INDIRECT(ADDRESS(9+3,K$2+1,,,"Instances") & ":" & ADDRESS(9+3,K$2+1))),"median", MEDIAN(INDIRECT(ADDRESS(9+3,K$2+1,,,"Instances") & ":" & ADDRESS(9+3,K$2+1))),"min", MIN(INDIRECT(ADDRESS(9+3,K$2+1,,,"Instances") & ":" & ADDRESS(9+3,K$2+1))),"max", MAX(INDIRECT(ADDRESS(9+3,K$2+1,,,"Instances") & ":" & ADDRESS(9+3,K$2+1))),"diff", MAX(INDIRECT(ADDRESS(9+3,K$2+1,,,"Instances") & ":" & ADDRESS(9+3,K$2+1)))-MIN(INDIRECT(ADDRESS(9+3,K$2+1,,,"Instances") & ":" & ADDRESS(9+3,K$2+1))))} -> 0 | L14: =IFERROR(SMALL(K5:K188,ROW()-ROW($L$5)+1),"") -> 0 | N14: =IFERROR(SUM(L5:L14),"") -> 0 | Q14: =IF(Charts!$B$3="none",E941,IF(K941="",NA(),K941)) -> 0 | R14: =IF(Charts!$B$3="none",F941,IF(L941="",NA(),L941)) -> 0 | S14: =IF(Charts!$B$3="none",G941,IF(M941="",NA(),M941)) -> 0 | T14: =IF(Charts!$B$3="none",H941,IF(N941="",NA(),N941)) -> 0
D15: 11 | E15: =IF(INDIRECT(ADDRESS($D15+2,E$2+1,,,"Instances"))="","",INDIRECT(ADDRESS($D15+2,E$2+1,,,"Instances"))) -> 0 | F15: =IFERROR(SMALL(E5:E188,ROW()-ROW($F$5)+1),"") -> 0 | H15: =IFERROR(SUM(F5:F15),"") -> 0 | J15: 11 | K15: {=_xlfn.SWITCH(Charts!$B$3,"average", AVERAGE(INDIRECT(ADDRESS(10+3,K$2+1,,,"Instances") & ":" & ADDRESS(10+3,K$2+1))),"median", MEDIAN(INDIRECT(ADDRESS(10+3,K$2+1,,,"Instances") & ":" & ADDRESS(10+3,K$2+1))),"min", MIN(INDIRECT(ADDRESS(10+3,K$2+1,,,"Instances") & ":" & ADDRESS(10+3,K$2+1))),"max", MAX(INDIRECT(ADDRESS(10+3,K$2+1,,,"Instances") & ":" & ADDRESS(10+3,K$2+1))),"diff", MAX(INDIRECT(ADDRESS(10+3,K$2+1,,,"Instances") & ":" & ADDRESS(10+3,K$2+1)))-MIN(INDIRECT(ADDRESS(10+3,K$2+1,,,"Instances") & ":" & ADDRESS(10+3,K$2+1))))} -> 0 | L15: =IFERROR(SMALL(K5:K188,ROW()-ROW($L$5)+1),"") -> 0 | N15: =IFERROR(SUM(L5:L15),"") -> 0 | Q15: =IF(Charts!$B$3="none",E942,IF(K942="",NA(),K942)) -> 0 | R15: =IF(Charts!$B$3="none",F942,IF(L942="",NA(),L942)) -> 0 | S15: =IF(Charts!$B$3="none",G942,IF(M942="",NA(),M942)) -> 0 | T15: =IF(Charts!$B$3="none",H942,IF(N942="",NA(),N942)) -> 0
D16: 12 | E16: =IF(INDIRECT(ADDRESS($D16+2,E$2+1,,,"Instances"))="","",INDIRECT(ADDRESS($D16+2,E$2+1,,,"Instances"))) -> 0 | F16: =IFERROR(SMALL(E5:E188,ROW()-ROW($F$5)+1),"") -> 0 | H16: =IFERROR(SUM(F5:F16),"") -> 0 | J16: 12 | K16: {=_xlfn.SWITCH(Charts!$B$3,"average", AVERAGE(INDIRECT(ADDRESS(11+3,K$2+1,,,"Instances") & ":" & ADDRESS(11+3,K$2+1))),"median", MEDIAN(INDIRECT(ADDRESS(11+3,K$2+1,,,"Instances") & ":" & ADDRESS(11+3,K$2+1))),"min", MIN(INDIRECT(ADDRESS(11+3,K$2+1,,,"Instances") & ":" & ADDRESS(11+3,K$2+1))),"max", MAX(INDIRECT(ADDRESS(11+3,K$2+1,,,"Instances") & ":" & ADDRESS(11+3,K$2+1))),"diff", MAX(INDIRECT(ADDRESS(11+3,K$2+1,,,"Instances") & ":" & ADDRESS(11+3,K$2+1)))-MIN(INDIRECT(ADDRESS(11+3,K$2+1,,,"Instances") & ":" & ADDRESS(11+3,K$2+1))))} -> 0 | L16: =IFERROR(SMALL(K5:K188,ROW()-ROW($L$5)+1),"") -> 0 | N16: =IFERROR(SUM(L5:L16),"") -> 0 | Q16: =IF(Charts!$B$3="none",E943,IF(K943="",NA(),K943)) -> 0 | R16: =IF(Charts!$B$3="none",F943,IF(L943="",NA(),L943)) -> 0 | S16: =IF(Charts!$B$3="none",G943,IF(M943="",NA(),M943)) -> 0 | T16: =IF(Charts!$B$3="none",H943,IF(N943="",NA(),N943)) -> 0
D17: 13 | E17: =IF(INDIRECT(ADDRESS($D17+2,E$2+1,,,"Instances"))="","",INDIRECT(ADDRESS($D17+2,E$2+1,,,"Instances"))) -> 0 | F17: =IFERROR(SMALL(E5:E188,ROW()-ROW($F$5)+1),"") -> 0 | H17: =IFERROR(SUM(F5:F17),"") -> 0 | J17: 13 | K17: {=_xlfn.SWITCH(Charts!$B$3,"average", AVERAGE(INDIRECT(ADDRESS(12+3,K$2+1,,,"Instances") & ":" & ADDRESS(12+3,K$2+1))),"median", MEDIAN(INDIRECT(ADDRESS(12+3,K$2+1,,,"Instances") & ":" & ADDRESS(12+3,K$2+1))),"min", MIN(INDIRECT(ADDRESS(12+3,K$2+1,,,"Instances") & ":" & ADDRESS(12+3,K$2+1))),"max", MAX(INDIRECT(ADDRESS(12+3,K$2+1,,,"Instances") & ":" & ADDRESS(12+3,K$2+1))),"diff", MAX(INDIRECT(ADDRESS(12+3,K$2+1,,,"Instances") & ":" & ADDRESS(12+3,K$2+1)))-MIN(INDIRECT(ADDRESS(12+3,K$2+1,,,"Instances") & ":" & ADDRESS(12+3,K$2+1))))} -> 0 | L17: =IFERROR(SMALL(K5:K188,ROW()-ROW($L$5)+1),"") -> 0 | N17: =IFERROR(SUM(L5:L17),"") -> 0 | Q17: =IF(Charts!$B$3="none",E944,IF(K944="",NA(),K944)) -> 0 | R17: =IF(Charts!$B$3="none",F944,IF(L944="",NA(),L944)) -> 0 | S17: =IF(Charts!$B$3="none",G944,IF(M944="",NA(),M944)) -> 0 | T17: =IF(Charts!$B$3="none",H944,IF(N944="",NA(),N944)) -> 0
D18: 14 | E18: =IF(INDIRECT(ADDRESS($D18+2,E$2+1,,,"Instances"))="","",INDIRECT(ADDRESS($D18+2,E$2+1,,,"Instances"))) -> 0 | F18: =IFERROR(SMALL(E5:E188,ROW()-ROW($F$5)+1),"") -> 0 | H18: =IFERROR(SUM(F5:F18),"") -> 0 | J18: 14 | K18: {=_xlfn.SWITCH(Charts!$B$3,"average", AVERAGE(INDIRECT(ADDRESS(13+3,K$2+1,,,"Instances") & ":" & ADDRESS(13+3,K$2+1))),"median", MEDIAN(INDIRECT(ADDRESS(13+3,K$2+1,,,"Instances") & ":" & ADDRESS(13+3,K$2+1))),"min", MIN(INDIRECT(ADDRESS(13+3,K$2+1,,,"Instances") & ":" & ADDRESS(13+3,K$2+1))),"max", MAX(INDIRECT(ADDRESS(13+3,K$2+1,,,"Instances") & ":" & ADDRESS(13+3,K$2+1))),"diff", MAX(INDIRECT(ADDRESS(13+3,K$2+1,,,"Instances") & ":" & ADDRESS(13+3,K$2+1)))-MIN(INDIRECT(ADDRESS(13+3,K$2+1,,,"Instances") & ":" & ADDRESS(13+3,K$2+1))))} -> 0 | L18: =IFERROR(SMALL(K5:K188,ROW()-ROW($L$5)+1),"") -> 0 | N18: =IFERROR(SUM(L5:L18),"") -> 0 | Q18: =IF(Charts!$B$3="none",E945,IF(K945="",NA(),K945)) -> 0 | R18: =IF(Charts!$B$3="none",F945,IF(L945="",NA(),L945)) -> 0 | S18: =IF(Charts!$B$3="none",G945,IF(M945="",NA(),M945)) -> 0 | T18: =IF(Charts!$B$3="none",H945,IF(N945="",NA(),N945)) -> 0
D19: 15 | E19: =IF(INDIRECT(ADDRESS($D19+2,E$2+1,,,"Instances"))="","",INDIRECT(ADDRESS($D19+2,E$2+1,,,"Instances"))) -> 0 | F19: =IFERROR(SMALL(E5:E188,ROW()-ROW($F$5)+1),"") -> 0 | H19: =IFERROR(SUM(F5:F19),"") -> 0 | J19: 15 | K19: {=_xlfn.SWITCH(Charts!$B$3,"average", AVERAGE(INDIRECT(ADDRESS(14+3,K$2+1,,,"Instances") & ":" & ADDRESS(14+3,K$2+1))),"median", MEDIAN(INDIRECT(ADDRESS(14+3,K$2+1,,,"Instances") & ":" & ADDRESS(14+3,K$2+1))),"min", MIN(INDIRECT(ADDRESS(14+3,K$2+1,,,"Instances") & ":" & ADDRESS(14+3,K$2+1))),"max", MAX(INDIRECT(ADDRESS(14+3,K$2+1,,,"Instances") & ":" & ADDRESS(14+3,K$2+1))),"diff", MAX(INDIRECT(ADDRESS(14+3,K$2+1,,,"Instances") & ":" & ADDRESS(14+3,K$2+1)))-MIN(INDIRECT(ADDRESS(14+3,K$2+1,,,"Instances") & ":" & ADDRESS(14+3,K$2+1))))} -> 0 | L19: =IFERROR(SMALL(K5:K188,ROW()-ROW($L$5)+1),"") -> 0 | N19: =IFERROR(SUM(L5:L19),"") -> 0 | Q19: =IF(Charts!$B$3="none",E946,IF(K946="",NA(),K946)) -> 0 | R19: =IF(Charts!$B$3="none",F946,IF(L946="",NA(),L946)) -> 0 | S19: =IF(Charts!$B$3="none",G946,IF(M946="",NA(),M946)) -> 0 | T19: =IF(Charts!$B$3="none",H946,IF(N946="",NA(),N946)) -> 0
D20: 16 | E20: =IF(INDIRECT(ADDRESS($D20+2,E$2+1,,,"Instances"))="","",INDIRECT(ADDRESS($D20+2,E$2+1,,,"Instances"))) -> 0 | F20: =IFERROR(SMALL(E5:E188,ROW()-ROW($F$5)+1),"") -> 0 | H20: =IFERROR(SUM(F5:F20),"") -> 0 | J20: 16 | K20: {=_xlfn.SWITCH(Charts!$B$3,"average", AVERAGE(INDIRECT(ADDRESS(15+3,K$2+1,,,"Instances") & ":" & ADDRESS(15+3,K$2+1))),"median", MEDIAN(INDIRECT(ADDRESS(15+3,K$2+1,,,"Instances") & ":" & ADDRESS(15+3,K$2+1))),"min", MIN(INDIRECT(ADDRESS(15+3,K$2+1,,,"Instances") & ":" & ADDRESS(15+3,K$2+1))),"max", MAX(INDIRECT(ADDRESS(15+3,K$2+1,,,"Instances") & ":" & ADDRESS(15+3,K$2+1))),"diff", MAX(INDIRECT(ADDRESS(15+3,K$2+1,,,"Instances") & ":" & ADDRESS(15+3,K$2+1)))-MIN(INDIRECT(ADDRESS(15+3,K$2+1,,,"Instances") & ":" & ADDRESS(15+3,K$2+1))))} -> 0 | L20: =IFERROR(SMALL(K5:K188,ROW()-ROW($L$5)+1),"") -> 0 | N20: =IFERROR(SUM(L5:L20),"") -> 0 | Q20: =IF(Charts!$B$3="none",E947,IF(K947="",NA(),K947)) -> 0 | R20: =IF(Charts!$B$3="none",F947,IF(L947="",NA(),L947)) -> 0 | S20: =IF(Charts!$B$3="none",G947,IF(M947="",NA(),M947)) -> 0 | T20: =IF(Charts!$B$3="none",H947,IF(N947="",NA(),N947)) -> 0
D21: 17 | E21: =IF(INDIRECT(ADDRESS($D21+2,E$2+1,,,"Instances"))="","",INDIRECT(ADDRESS($D21+2,E$2+1,,,"Instances"))) -> 0 | F21: =IFERROR(SMALL(E5:E188,ROW()-ROW($F$5)+1),"") -> 0 | H21: =IFERROR(SUM(F5:F21),"") -> 0 | J21: 17 | K21: {=_xlfn.SWITCH(Charts!$B$3,"average", AVERAGE(INDIRECT(ADDRESS(16+3,K$2+1,,,"Instances") & ":" & ADDRESS(16+3,K$2+1))),"median", MEDIAN(INDIRECT(ADDRESS(16+3,K$2+1,,,"Instances") & ":" & ADDRESS(16+3,K$2+1))),"min", MIN(INDIRECT(ADDRESS(16+3,K$2+1,,,"Instances") & ":" & ADDRESS(16+3,K$2+1))),"max", MAX(INDIRECT(ADDRESS(16+3,K$2+1,,,"Instances") & ":" & ADDRESS(16+3,K$2+1))),"diff", MAX(INDIRECT(ADDRESS(16+3,K$2+1,,,"Instances") & ":" & ADDRESS(16+3,K$2+1)))-MIN(INDIRECT(ADDRESS(16+3,K$2+1,,,"Instances") & ":" & ADDRESS(16+3,K$2+1))))} -> 0 | L21: =IFERROR(SMALL(K5:K188,ROW()-ROW($L$5)+1),"") -> 0 | N21: =IFERROR(SUM(L5:L21),"") -> 0 | Q21: =IF(Charts!$B$3="none",E948,IF(K948="",NA(),K948)) -> 0 | R21: =IF(Charts!$B$3="none",F948,IF(L948="",NA(),L948)) -> 0 | S21: =IF(Charts!$B$3="none",G948,IF(M948="",NA(),M948)) -> 0 | T21: =IF(Charts!$B$3="none",H948,IF(N948="",NA(),N948)) -> 0
D22: 18 | E22: =IF(INDIRECT(ADDRESS($D22+2,E$2+1,,,"Instances"))="","",INDIRECT(ADDRESS($D22+2,E$2+1,,,"Instances"))) -> 0 | F22: =IFERROR(SMALL(E5:E188,ROW()-ROW($F$5)+1),"") -> 0 | H22: =IFERROR(SUM(F5:F22),"") -> 0 | J22: 18 | K22: {=_xlfn.SWITCH(Charts!$B$3,"average", AVERAGE(INDIRECT(ADDRESS(17+3,K$2+1,,,"Instances") & ":" & ADDRESS(17+3,K$2+1))),"median", MEDIAN(INDIRECT(ADDRESS(17+3,K$2+1,,,"Instances") & ":" & ADDRESS(17+3,K$2+1))),"min", MIN(INDIRECT(ADDRESS(17+3,K$2+1,,,"Instances") & ":" & ADDRESS(17+3,K$2+1))),"max", MAX(INDIRECT(ADDRESS(17+3,K$2+1,,,"Instances") & ":" & ADDRESS(17+3,K$2+1))),"diff", MAX(INDIRECT(ADDRESS(17+3,K$2+1,,,"Instances") & ":" & ADDRESS(17+3,K$2+1)))-MIN(INDIRECT(ADDRESS(17+3,K$2+1,,,"Instances") & ":" & ADDRESS(17+3,K$2+1))))} -> 0 | L22: =IFERROR(SMALL(K5:K188,ROW()-ROW($L$5)+1),"") -> 0 | N22: =IFERROR(SUM(L5:L22),"") -> 0 | Q22: =IF(Charts!$B$3="none",E949,IF(K949="",NA(),K949)) -> 0 | R22: =IF(Charts!$B$3="none",F949,IF(L949="",NA(),L949)) -> 0 | S22: =IF(Charts!$B$3="none",G949,IF(M949="",NA(),M949)) -> 0 | T22: =IF(Charts!$B$3="none",H949,IF(N949="",NA(),N949)) -> 0
D23: 19 | E23: =IF(INDIRECT(ADDRESS($D23+2,E$2+1,,,"Instances"))="","",INDIRECT(ADDRESS($D23+2,E$2+1,,,"Instances"))) -> 0 | F23: =IFERROR(SMALL(E5:E188,ROW()-ROW($F$5)+1),"") -> 0 | H23: =IFERROR(SUM(F5:F23),"") -> 0 | J23: 19 | K23: {=_xlfn.SWITCH(Charts!$B$3,"average", AVERAGE(INDIRECT(ADDRESS(18+3,K$2+1,,,"Instances") & ":" & ADDRESS(18+3,K$2+1))),"median", MEDIAN(INDIRECT(ADDRESS(18+3,K$2+1,,,"Instances") & ":" & ADDRESS(18+3,K$2+1))),"min", MIN(INDIRECT(ADDRESS(18+3,K$2+1,,,"Instances") & ":" & ADDRESS(18+3,K$2+1))),"max", MAX(INDIRECT(ADDRESS(18+3,K$2+1,,,"Instances") & ":" & ADDRESS(18+3,K$2+1))),"diff", MAX(INDIRECT(ADDRESS(18+3,K$2+1,,,"Instances") & ":" & ADDRESS(18+3,K$2+1)))-MIN(INDIRECT(ADDRESS(18+3,K$2+1,,,"Instances") & ":" & ADDRESS(18+3,K$2+1))))} -> 0 | L23: =IFERROR(SMALL(K5:K188,ROW()-ROW($L$5)+1),"") -> 0 | N23: =IFERROR(SUM(L5:L23),"") -> 0 | Q23: =IF(Charts!$B$3="none",E950,IF(K950="",NA(),K950)) -> 0 | R23: =IF(Charts!$B$3="none",F950,IF(L950="",NA(),L950)) -> 0 | S23: =IF(Charts!$B$3="none",G950,IF(M950="",NA(),M950)) -> 0 | T23: =IF(Charts!$B$3="none",H950,IF(N950="",NA(),N950)) -> 0
D24: 20 | E24: =IF(INDIRECT(ADDRESS($D24+2,E$2+1,,,"Instances"))="","",INDIRECT(ADDRESS($D24+2,E$2+1,,,"Instances"))) -> 0 | F24: =IFERROR(SMALL(E5:E188,ROW()-ROW($F$5)+1),"") -> 0 | H24: =IFERROR(SUM(F5:F24),"") -> 0 | J24: 20 | K24: {=_xlfn.SWITCH(Charts!$B$3,"average", AVERAGE(INDIRECT(ADDRESS(19+3,K$2+1,,,"Instances") & ":" & ADDRESS(19+3,K$2+1))),"median", MEDIAN(INDIRECT(ADDRESS(19+3,K$2+1,,,"Instances") & ":" & ADDRESS(19+3,K$2+1))),"min", MIN(INDIRECT(ADDRESS(19+3,K$2+1,,,"Instances") & ":" & ADDRESS(19+3,K$2+1))),"max", MAX(INDIRECT(ADDRESS(19+3,K$2+1,,,"Instances") & ":" & ADDRESS(19+3,K$2+1))),"diff", MAX(INDIRECT(ADDRESS(19+3,K$2+1,,,"Instances") & ":" & ADDRESS(19+3,K$2+1)))-MIN(INDIRECT(ADDRESS(19+3,K$2+1,,,"Instances") & ":" & ADDRESS(19+3,K$2+1))))} -> 0 | L24: =IFERROR(SMALL(K5:K188,ROW()-ROW($L$5)+1),"") -> 0 | N24: =IFERROR(SUM(L5:L24),"") -> 0 | Q24: =IF(Charts!$B$3="none",E951,IF(K951="",NA(),K951)) -> 0 | R24: =IF(Charts!$B$3="none",F951,IF(L951="",NA(),L951)) -> 0 | S24: =IF(Charts!$B$3="none",G951,IF(M951="",NA(),M951)) -> 0 | T24: =IF(Charts!$B$3="none",H951,IF(N951="",NA(),N951)) -> 0
D25: 21 | E25: =IF(INDIRECT(ADDRESS($D25+2,E$2+1,,,"Instances"))="","",INDIRECT(ADDRESS($D25+2,E$2+1,,,"Instances"))) -> 0 | F25: =IFERROR(SMALL(E5:E188,ROW()-ROW($F$5)+1),"") -> 0 | H25: =IFERROR(SUM(F5:F25),"") -> 0 | J25: 21 | K25: {=_xlfn.SWITCH(Charts!$B$3,"average", AVERAGE(INDIRECT(ADDRESS(20+3,K$2+1,,,"Instances") & ":" & ADDRESS(20+3,K$2+1))),"median", MEDIAN(INDIRECT(ADDRESS(20+3,K$2+1,,,"Instances") & ":" & ADDRESS(20+3,K$2+1))),"min", MIN(INDIRECT(ADDRESS(20+3,K$2+1,,,"Instances") & ":" & ADDRESS(20+3,K$2+1))),"max", MAX(INDIRECT(ADDRESS(20+3,K$2+1,,,"Instances") & ":" & ADDRESS(20+3,K$2+1))),"diff", MAX(INDIRECT(ADDRESS(20+3,K$2+1,,,"Instances") & ":" & ADDRESS(20+3,K$2+1)))-MIN(INDIRECT(ADDRESS(20+3,K$2+1,,,"Instances") & ":" & ADDRESS(20+3,K$2+1))))} -> 0 | L25: =IFERROR(SMALL(K5:K188,ROW()-ROW($L$5)+1),"") -> 0 | N25: =IFERROR(SUM(L5:L25),"") -> 0 | Q25: =IF(Charts!$B$3="none",E952,IF(K952="",NA(),K952)) -> 0 | R25: =IF(Charts!$B$3="none",F952,IF(L952="",NA(),L952)) -> 0 | S25: =IF(Charts!$B$3="none",G952,IF(M952="",NA(),M952)) -> 0 | T25: =IF(Charts!$B$3="none",H952,IF(N952="",NA(),N952)) -> 0
D26: 22 | E26: =IF(INDIRECT(ADDRESS($D26+2,E$2+1,,,"Instances"))="","",INDIRECT(ADDRESS($D26+2,E$2+1,,,"Instances"))) -> 0 | F26: =IFERROR(SMALL(E5:E188,ROW()-ROW($F$5)+1),"") -> 0 | H26: =IFERROR(SUM(F5:F26),"") -> 0 | J26: 22 | K26: {=_xlfn.SWITCH(Charts!$B$3,"average", AVERAGE(INDIRECT(ADDRESS(21+3,K$2+1,,,"Instances") & ":" & ADDRESS(21+3,K$2+1))),"median", MEDIAN(INDIRECT(ADDRESS(21+3,K$2+1,,,"Instances") & ":" & ADDRESS(21+3,K$2+1))),"min", MIN(INDIRECT(ADDRESS(21+3,K$2+1,,,"Instances") & ":" & ADDRESS(21+3,K$2+1))),"max", MAX(INDIRECT(ADDRESS(21+3,K$2+1,,,"Instances") & ":" & ADDRESS(21+3,K$2+1))),"diff", MAX(INDIRECT(ADDRESS(21+3,K$2+1,,,"Instances") & ":" & ADDRESS(21+3,K$2+1)))-MIN(INDIRECT(ADDRESS(21+3,K$2+1,,,"Instances") & ":" & ADDRESS(21+3,K$2+1))))} -> 0 | L26: =IFERROR(SMALL(K5:K188,ROW()-ROW($L$5)+1),"") -> 0 | N26: =IFERROR(SUM(L5:L26),"") -> 0 | Q26: =IF(Charts!$B$3="none",E953,IF(K953="",NA(),K953)) -> 0 | R26: =IF(Charts!$B$3="none",F953,IF(L953="",NA(),L953)) -> 0 | S26: =IF(Charts!$B$3="none",G953,IF(M953="",NA(),M953)) -> 0 | T26: =IF(Charts!$B$3="none",H953,IF(N953="",NA(),N953)) -> 0
D27: 23 | E27: =IF(INDIRECT(ADDRESS($D27+2,E$2+1,,,"Instances"))="","",INDIRECT(ADDRESS($D27+2,E$2+1,,,"Instances"))) -> 0 | F27: =IFERROR(SMALL(E5:E188,ROW()-ROW($F$5)+1),"") -> 0 | H27: =IFERROR(SUM(F5:F27),"") -> 0 | J27: 23 | K27: {=_xlfn.SWITCH(Charts!$B$3,"average", AVERAGE(INDIRECT(ADDRESS(22+3,K$2+1,,,"Instances") & ":" & ADDRESS(22+3,K$2+1))),"median", MEDIAN(INDIRECT(ADDRESS(22+3,K$2+1,,,"Instances") & ":" & ADDRESS(22+3,K$2+1))),"min", MIN(INDIRECT(ADDRESS(22+3,K$2+1,,,"Instances") & ":" & ADDRESS(22+3,K$2+1))),"max", MAX(INDIRECT(ADDRESS(22+3,K$2+1,,,"Instances") & ":" & ADDRESS(22+3,K$2+1))),"diff", MAX(INDIRECT(ADDRESS(22+3,K$2+1,,,"Instances") & ":" & ADDRESS(22+3,K$2+1)))-MIN(INDIRECT(ADDRESS(22+3,K$2+1,,,"Instances") & ":" & ADDRESS(22+3,K$2+1))))} -> 0 | L27: =IFERROR(SMALL(K5:K188,ROW()-ROW($L$5)+1),"") -> 0 | N27: =IFERROR(SUM(L5:L27),"") -> 0 | Q27: =IF(Charts!$B$3="none",E954,IF(K954="",NA(),K954)) -> 0 | R27: =IF(Charts!$B$3="none",F954,IF(L954="",NA(),L954)) -> 0 | S27: =IF(Charts!$B$3="none",G954,IF(M954="",NA(),M954)) -> 0 | T27: =IF(Charts!$B$3="none",H954,IF(N954="",NA(),N954)) -> 0
D28: 24 | E28: =IF(INDIRECT(ADDRESS($D28+2,E$2+1,,,"Instances"))="","",INDIRECT(ADDRESS($D28+2,E$2+1,,,"Instances"))) -> 0 | F28: =IFERROR(SMALL(E5:E188,ROW()-ROW($F$5)+1),"") -> 0 | H28: =IFERROR(SUM(F5:F28),"") -> 0 | J28: 24 | K28: {=_xlfn.SWITCH(Charts!$B$3,"average", AVERAGE(INDIRECT(ADDRESS(23+3,K$2+1,,,"Instances") & ":" & ADDRESS(23+3,K$2+1))),"median", MEDIAN(INDIRECT(ADDRESS(23+3,K$2+1,,,"Instances") & ":" & ADDRESS(23+3,K$2+1))),"min", MIN(INDIRECT(ADDRESS(23+3,K$2+1,,,"Instances") & ":" & ADDRESS(23+3,K$2+1))),"max", MAX(INDIRECT(ADDRESS(23+3,K$2+1,,,"Instances") & ":" & ADDRESS(23+3,K$2+1))),"diff", MAX(INDIRECT(ADDRESS(23+3,K$2+1,,,"Instances") & ":" & ADDRESS(23+3,K$2+1)))-MIN(INDIRECT(ADDRESS(23+3,K$2+1,,,"Instances") & ":" & ADDRESS(23+3,K$2+1))))} -> 0 | L28: =IFERROR(SMALL(K5:K188,ROW()-ROW($L$5)+1),"") -> 0 | N28: =IFERROR(SUM(L5:L28),"") -> 0 | Q28: =IF(Charts!$B$3="none",E955,IF(K955="",NA(),K955)) -> 0 | R28: =IF(Charts!$B$3="none",F955,IF(L955="",NA(),L955)) -> 0 | S28: =IF(Charts!$B$3="none",G955,IF(M955="",NA(),M955)) -> 0 | T28: =IF(Charts!$B$3="none",H955,IF(N955="",NA(),N955)) -> 0
D29: 25 | E29: =IF(INDIRECT(ADDRESS($D29+2,E$2+1,,,"Instances"))="","",INDIRECT(ADDRESS($D29+2,E$2+1,,,"Instances"))) -> 0 | F29: =IFERROR(SMALL(E5:E188,ROW()-ROW($F$5)+1),"") -> 0 | H29: =IFERROR(SUM(F5:F29),"") -> 0 | J29: 25 | K29: {=_xlfn.SWITCH(Charts!$B$3,"average", AVERAGE(INDIRECT(ADDRESS(24+3,K$2+1,,,"Instances") & ":" & ADDRESS(24+3,K$2+1))),"median", MEDIAN(INDIRECT(ADDRESS(24+3,K$2+1,,,"Instances") & ":" & ADDRESS(24+3,K$2+1))),"min", MIN(INDIRECT(ADDRESS(24+3,K$2+1,,,"Instances") & ":" & ADDRESS(24+3,K$2+1))),"max", MAX(INDIRECT(ADDRESS(24+3,K$2+1,,,"Instances") & ":" & ADDRESS(24+3,K$2+1))),"diff", MAX(INDIRECT(ADDRESS(24+3,K$2+1,,,"Instances") & ":" & ADDRESS(24+3,K$2+1)))-MIN(INDIRECT(ADDRESS(24+3,K$2+1,,,"Instances") & ":" & ADDRESS(24+3,K$2+1))))} -> 0 | L29: =IFERROR(SMALL(K5:K188,ROW()-ROW($L$5)+1),"") -> 0 | N29: =IFERROR(SUM(L5:L29),"") -> 0 | Q29: =IF(Charts!$B$3="none",E956,IF(K956="",NA(),K956)) -> 0 | R29: =IF(Charts!$B$3="none",F956,IF(L956="",NA(),L956)) -> 0 | S29: =IF(Charts!$B$3="none",G956,IF(M956="",NA(),M956)) -> 0 | T29: =IF(Charts!$B$3="none",H956,IF(N956="",NA(),N956)) -> 0
D30: 26 | E30: =IF(INDIRECT(ADDRESS($D30+2,E$2+1,,,"Instances"))="","",INDIRECT(ADDRESS($D30+2,E$2+1,,,"Instances"))) -> 0 | F30: =IFERROR(SMALL(E5:E188,ROW()-ROW($F$5)+1),"") -> 0 | H30: =IFERROR(SUM(F5:F30),"") -> 0 | J30: 26 | K30: {=_xlfn.SWITCH(Charts!$B$3,"average", AVERAGE(INDIRECT(ADDRESS(25+3,K$2+1,,,"Instances") & ":" & ADDRESS(25+3,K$2+1))),"median", MEDIAN(INDIRECT(ADDRESS(25+3,K$2+1,,,"Instances") & ":" & ADDRESS(25+3,K$2+1))),"min", MIN(INDIRECT(ADDRESS(25+3,K$2+1,,,"Instances") & ":" & ADDRESS(25+3,K$2+1))),"max", MAX(INDIRECT(ADDRESS(25+3,K$2+1,,,"Instances") & ":" & ADDRESS(25+3,K$2+1))),"diff", MAX(INDIRECT(ADDRESS(25+3,K$2+1,,,"Instances") & ":" & ADDRESS(25+3,K$2+1)))-MIN(INDIRECT(ADDRESS(25+3,K$2+1,,,"Instances") & ":" & ADDRESS(25+3,K$2+1))))} -> 0 | L30: =IFERROR(SMALL(K5:K188,ROW()-ROW($L$5)+1),"") -> 0 | N30: =IFERROR(SUM(L5:L30),"") -> 0 | Q30: =IF(Charts!$B$3="none",E957,IF(K957="",NA(),K957)) -> 0 | R30: =IF(Charts!$B$3="none",F957,IF(L957="",NA(),L957)) -> 0 | S30: =IF(Charts!$B$3="none",G957,IF(M957="",NA(),M957)) -> 0 | T30: =IF(Charts!$B$3="none",H957,IF(N957="",NA(),N957)) -> 0
D31: 27 | E31: =IF(INDIRECT(ADDRESS($D31+2,E$2+1,,,"Instances"))="","",INDIRECT(ADDRESS($D31+2,E$2+1,,,"Instances"))) -> 0 | F31: =IFERROR(SMALL(E5:E188,ROW()-ROW($F$5)+1),"") -> 0 | H31: =IFERROR(SUM(F5:F31),"") -> 0 | J31: 27 | K31: {=_xlfn.SWITCH(Charts!$B$3,"average", AVERAGE(INDIRECT(ADDRESS(26+3,K$2+1,,,"Instances") & ":" & ADDRESS(26+3,K$2+1))),"median", MEDIAN(INDIRECT(ADDRESS(26+3,K$2+1,,,"Instances") & ":" & ADDRESS(26+3,K$2+1))),"min", MIN(INDIRECT(ADDRESS(26+3,K$2+1,,,"Instances") & ":" & ADDRESS(26+3,K$2+1))),"max", MAX(INDIRECT(ADDRESS(26+3,K$2+1,,,"Instances") & ":" & ADDRESS(26+3,K$2+1))),"diff", MAX(INDIRECT(ADDRESS(26+3,K$2+1,,,"Instances") & ":" & ADDRESS(26+3,K$2+1)))-MIN(INDIRECT(ADDRESS(26+3,K$2+1,,,"Instances") & ":" & ADDRESS(26+3,K$2+1))))} -> 0 | L31: =IFERROR(SMALL(K5:K188,ROW()-ROW($L$5)+1),"") -> 0 | N31: =IFERROR(SUM(L5:L31),"") -> 0 | Q31: =IF(Charts!$B$3="none",E958,IF(K958="",NA(),K958)) -> 0 | R31: =IF(Charts!$B$3="none",F958,IF(L958="",NA(),L958)) -> 0 | S31: =IF(Charts!$B$3="none",G958,IF(M958="",NA(),M958)) -> 0 | T31: =IF(Charts!$B$3="none",H958,IF(N958="",NA(),N958)) -> 0
D32: 28 | E32: =IF(INDIRECT(ADDRESS($D32+2,E$2+1,,,"Instances"))="","",INDIRECT(ADDRESS($D32+2,E$2+1,,,"Instances"))) -> 0 | F32: =IFERROR(SMALL(E5:E188,ROW()-ROW($F$5)+1),"") -> 0 | H32: =IFERROR(SUM(F5:F32),"") -> 0 | J32: 28 | K32: {=_xlfn.SWITCH(Charts!$B$3,"average", AVERAGE(INDIRECT(ADDRESS(27+3,K$2+1,,,"Instances") & ":" & ADDRESS(27+3,K$2+1))),"median", MEDIAN(INDIRECT(ADDRESS(27+3,K$2+1,,,"Instances") & ":" & ADDRESS(27+3,K$2+1))),"min", MIN(INDIRECT(ADDRESS(27+3,K$2+1,,,"Instances") & ":" & ADDRESS(27+3,K$2+1))),"max", MAX(INDIRECT(ADDRESS(27+3,K$2+1,,,"Instances") & ":" & ADDRESS(27+3,K$2+1))),"diff", MAX(INDIRECT(ADDRESS(27+3,K$2+1,,,"Instances") & ":" & ADDRESS(27+3,K$2+1)))-MIN(INDIRECT(ADDRESS(27+3,K$2+1,,,"Instances") & ":" & ADDRESS(27+3,K$2+1))))} -> 0 | L32: =IFERROR(SMALL(K5:K188,ROW()-ROW($L$5)+1),"") -> 0 | N32: =IFERROR(SUM(L5:L32),"") -> 0 | Q32: =IF(Charts!$B$3="none",E959,IF(K959="",NA(),K959)) -> 0 | R32: =IF(Charts!$B$3="none",F959,IF(L959="",NA(),L959)) -> 0 | S32: =IF(Charts!$B$3="none",G959,IF(M959="",NA(),M959)) -> 0 | T32: =IF(Charts!$B$3="none",H959,IF(N959="",NA(),N959)) -> 0
D33: 29 | E33: =IF(INDIRECT(ADDRESS($D33+2,E$2+1,,,"Instances"))="","",INDIRECT(ADDRESS($D33+2,E$2+1,,,"Instances"))) -> 0 | F33: =IFERROR(SMALL(E5:E188,ROW()-ROW($F$5)+1),"") -> 0 | H33: =IFERROR(SUM(F5:F33),"") -> 0 | J33: 29 | K33: {=_xlfn.SWITCH(Charts!$B$3,"average", AVERAGE(INDIRECT(ADDRESS(28+3,K$2+1,,,"Instances") & ":" & ADDRESS(28+3,K$2+1))),"median", MEDIAN(INDIRECT(ADDRESS(28+3,K$2+1,,,"Instances") & ":" & ADDRESS(28+3,K$2+1))),"min", MIN(INDIRECT(ADDRESS(28+3,K$2+1,,,"Instances") & ":" & ADDRESS(28+3,K$2+1))),"max", MAX(INDIRECT(ADDRESS(28+3,K$2+1,,,"Instances") & ":" & ADDRESS(28+3,K$2+1))),"diff", MAX(INDIRECT(ADDRESS(28+3,K$2+1,,,"Instances") & ":" & ADDRESS(28+3,K$2+1)))-MIN(INDIRECT(ADDRESS(28+3,K$2+1,,,"Instances") & ":" & ADDRESS(28+3,K$2+1))))} -> 0 | L33: =IFERROR(SMALL(K5:K188,ROW()-ROW($L$5)+1),"") -> 0 | N33: =IFERROR(SUM(L5:L33),"") -> 0 | Q33: =IF(Charts!$B$3="none",E960,IF(K960="",NA(),K960)) -> 0 | R33: =IF(Charts!$B$3="none",F960,IF(L960="",NA(),L960)) -> 0 | S33: =IF(Charts!$B$3="none",G960,IF(M960="",NA(),M960)) -> 0 | T33: =IF(Charts!$B$3="none",H960,IF(N960="",NA(),N960)) -> 0
D34: 30 | E34: =IF(INDIRECT(ADDRESS($D34+2,E$2+1,,,"Instances"))="","",INDIRECT(ADDRESS($D34+2,E$2+1,,,"Instances"))) -> 0 | F34: =IFERROR(SMALL(E5:E188,ROW()-ROW($F$5)+1),"") -> 0 | H34: =IFERROR(SUM(F5:F34),"") -> 0 | J34: 30 | K34: {=_xlfn.SWITCH(Charts!$B$3,"average", AVERAGE(INDIRECT(ADDRESS(29+3,K$2+1,,,"Instances") & ":" & ADDRESS(29+3,K$2+1))),"median", MEDIAN(INDIRECT(ADDRESS(29+3,K$2+1,,,"Instances") & ":" & ADDRESS(29+3,K$2+1))),"min", MIN(INDIRECT(ADDRESS(29+3,K$2+1,,,"Instances") & ":" & ADDRESS(29+3,K$2+1))),"max", MAX(INDIRECT(ADDRESS(29+3,K$2+1,,,"Instances") & ":" & ADDRESS(29+3,K$2+1))),"diff", MAX(INDIRECT(ADDRESS(29+3,K$2+1,,,"Instances") & ":" & ADDRESS(29+3,K$2+1)))-MIN(INDIRECT(ADDRESS(29+3,K$2+1,,,"Instances") & ":" & ADDRESS(29+3,K$2+1))))} -> 0 | L34: =IFERROR(SMALL(K5:K188,ROW()-ROW($L$5)+1),"") -> 0 | N34: =IFERROR(SUM(L5:L34),"") -> 0 | Q34: =IF(Charts!$B$3="none",E961,IF(K961="",NA(),K961)) -> 0 | R34: =IF(Charts!$B$3="none",F961,IF(L961="",NA(),L961)) -> 0 | S34: =IF(Charts!$B$3="none",G961,IF(M961="",NA(),M961)) -> 0 | T34: =IF(Charts!$B$3="none",H961,IF(N961="",NA(),N961)) -> 0
D35: 31 | E35: =IF(INDIRECT(ADDRESS($D35+2,E$2+1,,,"Instances"))="","",INDIRECT(ADDRESS($D35+2,E$2+1,,,"Instances"))) -> 0 | F35: =IFERROR(SMALL(E5:E188,ROW()-ROW($F$5)+1),"") -> 0 | H35: =IFERROR(SUM(F5:F35),"") -> 0 | J35: 31 | K35: {=_xlfn.SWITCH(Charts!$B$3,"average", AVERAGE(INDIRECT(ADDRESS(30+3,K$2+1,,,"Instances") & ":" & ADDRESS(30+3,K$2+1))),"median", MEDIAN(INDIRECT(ADDRESS(30+3,K$2+1,,,"Instances") & ":" & ADDRESS(30+3,K$2+1))),"min", MIN(INDIRECT(ADDRESS(30+3,K$2+1,,,"Instances") & ":" & ADDRESS(30+3,K$2+1))),"max", MAX(INDIRECT(ADDRESS(30+3,K$2+1,,,"Instances") & ":" & ADDRESS(30+3,K$2+1))),"diff", MAX(INDIRECT(ADDRESS(30+3,K$2+1,,,"Instances") & ":" & ADDRESS(30+3,K$2+1)))-MIN(INDIRECT(ADDRESS(30+3,K$2+1,,,"Instances") & ":" & ADDRESS(30+3,K$2+1))))} -> 0 | L35: =IFERROR(SMALL(K5:K188,ROW()-ROW($L$5)+1),"") -> 0 | N35: =IFERROR(SUM(L5:L35),"") -> 0 | Q35: =IF(Charts!$B$3="none",E962,IF(K962="",NA(),K962)) -> 0 | R35: =IF(Charts!$B$3="none",F962,IF(L962="",NA(),L962)) -> 0 | S35: =IF(Charts!$B$3="none",G962,IF(M962="",NA(),M962)) -> 0 | T35: =IF(Charts!$B$3="none",H962,IF(N962="",NA(),N962)) -> 0
D36: 32 | E36: =IF(INDIRECT(ADDRESS($D36+2,E$2+1,,,"Instances"))="","",INDIRECT(ADDRESS($D36+2,E$2+1,,,"Instances"))) -> 0 | F36: =IFERROR(SMALL(E5:E188,ROW()-ROW($F$5)+1),"") -> 0 | H36: =IFERROR(SUM(F5:F36),"") -> 0 | J36: 32 | K36: {=_xlfn.SWITCH(Charts!$B$3,"average", AVERAGE(INDIRECT(ADDRESS(31+3,K$2+1,,,"Instances") & ":" & ADDRESS(31+3,K$2+1))),"median", MEDIAN(INDIRECT(ADDRESS(31+3,K$2+1,,,"Instances") & ":" & ADDRESS(31+3,K$2+1))),"min", MIN(INDIRECT(ADDRESS(31+3,K$2+1,,,"Instances") & ":" & ADDRESS(31+3,K$2+1))),"max", MAX(INDIRECT(ADDRESS(31+3,K$2+1,,,"Instances") & ":" & ADDRESS(31+3,K$2+1))),"diff", MAX(INDIRECT(ADDRESS(31+3,K$2+1,,,"Instances") & ":" & ADDRESS(31+3,K$2+1)))-MIN(INDIRECT(ADDRESS(31+3,K$2+1,,,"Instances") & ":" & ADDRESS(31+3,K$2+1))))} -> 0 | L36: =IFERROR(SMALL(K5:K188,ROW()-ROW($L$5)+1),"") -> 0 | N36: =IFERROR(SUM(L5:L36),"") -> 0 | Q36: =IF(Charts!$B$3="none",E963,IF(K963="",NA(),K963)) -> 0 | R36: =IF(Charts!$B$3="none",F963,IF(L963="",NA(),L963)) -> 0 | S36: =IF(Charts!$B$3="none",G963,IF(M963="",NA(),M963)) -> 0 | T36: =IF(Charts!$B$3="none",H963,IF(N963="",NA(),N963)) -> 0
D37: 33 | E37: =IF(INDIRECT(ADDRESS($D37+2,E$2+1,,,"Instances"))="","",INDIRECT(ADDRESS($D37+2,E$2+1,,,"Instances"))) -> 0 | F37: =IFERROR(SMALL(E5:E188,ROW()-ROW($F$5)+1),"") -> 0 | H37: =IFERROR(SUM(F5:F37),"") -> 0 | J37: 33 | K37: {=_xlfn.SWITCH(Charts!$B$3,"average", AVERAGE(INDIRECT(ADDRESS(32+3,K$2+1,,,"Instances") & ":" & ADDRESS(32+3,K$2+1))),"median", MEDIAN(INDIRECT(ADDRESS(32+3,K$2+1,,,"Instances") & ":" & ADDRESS(32+3,K$2+1))),"min", MIN(INDIRECT(ADDRESS(32+3,K$2+1,,,"Instances") & ":" & ADDRESS(32+3,K$2+1))),"max", MAX(INDIRECT(ADDRESS(32+3,K$2+1,,,"Instances") & ":" & ADDRESS(32+3,K$2+1))),"diff", MAX(INDIRECT(ADDRESS(32+3,K$2+1,,,"Instances") & ":" & ADDRESS(32+3,K$2+1)))-MIN(INDIRECT(ADDRESS(32+3,K$2+1,,,"Instances") & ":" & ADDRESS(32+3,K$2+1))))} -> 0 | L37: =IFERROR(SMALL(K5:K188,ROW()-ROW($L$5)+1),"") -> 0 | N37: =IFERROR(SUM(L5:L37),"") -> 0 | Q37: =IF(Charts!$B$3="none",E964,IF(K964="",NA(),K964)) -> 0 | R37: =IF(Charts!$B$3="none",F964,IF(L964="",NA(),L964)) -> 0 | S37: =IF(Charts!$B$3="none",G964,IF(M964="",NA(),M964)) -> 0 | T37: =IF(Charts!$B$3="none",H964,IF(N964="",NA(),N964)) -> 0
D38: 34 | E38: =IF(INDIRECT(ADDRESS($D38+2,E$2+1,,,"Instances"))="","",INDIRECT(ADDRESS($D38+2,E$2+1,,,"Instances"))) -> 0 | F38: =IFERROR(SMALL(E5:E188,ROW()-ROW($F$5)+1),"") -> 0 | H38: =IFERROR(SUM(F5:F38),"") -> 0 | J38: 34 | K38: {=_xlfn.SWITCH(Charts!$B$3,"average", AVERAGE(INDIRECT(ADDRESS(33+3,K$2+1,,,"Instances") & ":" & ADDRESS(33+3,K$2+1))),"median", MEDIAN(INDIRECT(ADDRESS(33+3,K$2+1,,,"Instances") & ":" & ADDRESS(33+3,K$2+1))),"min", MIN(INDIRECT(ADDRESS(33+3,K$2+1,,,"Instances") & ":" & ADDRESS(33+3,K$2+1))),"max", MAX(INDIRECT(ADDRESS(33+3,K$2+1,,,"Instances") & ":" & ADDRESS(33+3,K$2+1))),"diff", MAX(INDIRECT(ADDRESS(33+3,K$2+1,,,"Instances") & ":" & ADDRESS(33+3,K$2+1)))-MIN(INDIRECT(ADDRESS(33+3,K$2+1,,,"Instances") & ":" & ADDRESS(33+3,K$2+1))))} -> 0 | L38: =IFERROR(SMALL(K5:K188,ROW()-ROW($L$5)+1),"") -> 0 | N38: =IFERROR(SUM(L5:L38),"") -> 0 | Q38: =IF(Charts!$B$3="none",E965,IF(K965="",NA(),K965)) -> 0 | R38: =IF(Charts!$B$3="none",F965,IF(L965="",NA(),L965)) -> 0 | S38: =IF(Charts!$B$3="none",G965,IF(M965="",NA(),M965)) -> 0 | T38: =IF(Charts!$B$3="none",H965,IF(N965="",NA(),N965)) -> 0
D39: 35 | E39: =IF(INDIRECT(ADDRESS($D39+2,E$2+1,,,"Instances"))="","",INDIRECT(ADDRESS($D39+2,E$2+1,,,"Instances"))) -> 0 | F39: =IFERROR(SMALL(E5:E188,ROW()-ROW($F$5)+1),"") -> 0 | H39: =IFERROR(SUM(F5:F39),"") -> 0 | J39: 35 | K39: {=_xlfn.SWITCH(Charts!$B$3,"average", AVERAGE(INDIRECT(ADDRESS(34+3,K$2+1,,,"Instances") & ":" & ADDRESS(34+3,K$2+1))),"median", MEDIAN(INDIRECT(ADDRESS(34+3,K$2+1,,,"Instances") & ":" & ADDRESS(34+3,K$2+1))),"min", MIN(INDIRECT(ADDRESS(34+3,K$2+1,,,"Instances") & ":" & ADDRESS(34+3,K$2+1))),"max", MAX(INDIRECT(ADDRESS(34+3,K$2+1,,,"Instances") & ":" & ADDRESS(34+3,K$2+1))),"diff", MAX(INDIRECT(ADDRESS(34+3,K$2+1,,,"Instances") & ":" & ADDRESS(34+3,K$2+1)))-MIN(INDIRECT(ADDRESS(34+3,K$2+1,,,"Instances") & ":" & ADDRESS(34+3,K$2+1))))} -> 0 | L39: =IFERROR(SMALL(K5:K188,ROW()-ROW($L$5)+1),"") -> 0 | N39: =IFERROR(SUM(L5:L39),"") -> 0 | Q39: =IF(Charts!$B$3="none",E966,IF(K966="",NA(),K966)) -> 0 | R39: =IF(Charts!$B$3="none",F966,IF(L966="",NA(),L966)) -> 0 | S39: =IF(Charts!$B$3="none",G966,IF(M966="",NA(),M966)) -> 0 | T39: =IF(Charts!$B$3="none",H966,IF(N966="",NA(),N966)) -> 0
D40: 36 | E40: =IF(INDIRECT(ADDRESS($D40+2,E$2+1,,,"Instances"))="","",INDIRECT(ADDRESS($D40+2,E$2+1,,,"Instances"))) -> 0 | F40: =IFERROR(SMALL(E5:E188,ROW()-ROW($F$5)+1),"") -> 0 | H40: =IFERROR(SUM(F5:F40),"") -> 0 | J40: 36 | K40: {=_xlfn.SWITCH(Charts!$B$3,"average", AVERAGE(INDIRECT(ADDRESS(35+3,K$2+1,,,"Instances") & ":" & ADDRESS(35+3,K$2+1))),"median", MEDIAN(INDIRECT(ADDRESS(35+3,K$2+1,,,"Instances") & ":" & ADDRESS(35+3,K$2+1))),"min", MIN(INDIRECT(ADDRESS(35+3,K$2+1,,,"Instances") & ":" & ADDRESS(35+3,K$2+1))),"max", MAX(INDIRECT(ADDRESS(35+3,K$2+1,,,"Instances") & ":" & ADDRESS(35+3,K$2+1))),"diff", MAX(INDIRECT(ADDRESS(35+3,K$2+1,,,"Instances") & ":" & ADDRESS(35+3,K$2+1)))-MIN(INDIRECT(ADDRESS(35+3,K$2+1,,,"Instances") & ":" & ADDRESS(35+3,K$2+1))))} -> 0 | L40: =IFERROR(SMALL(K5:K188,ROW()-ROW($L$5)+1),"") -> 0 | N40: =IFERROR(SUM(L5:L40),"") -> 0 | Q40: =IF(Charts!$B$3="none",E967,IF(K967="",NA(),K967)) -> 0 | R40: =IF(Charts!$B$3="none",F967,IF(L967="",NA(),L967)) -> 0 | S40: =IF(Charts!$B$3="none",G967,IF(M967="",NA(),M967)) -> 0 | T40: =IF(Charts!$B$3="none",H967,IF(N967="",NA(),N967)) -> 0
D41: 37 | E41: =IF(INDIRECT(ADDRESS($D41+2,E$2+1,,,"Instances"))="","",INDIRECT(ADDRESS($D41+2,E$2+1,,,"Instances"))) -> 0 | F41: =IFERROR(SMALL(E5:E188,ROW()-ROW($F$5)+1),"") -> 0 | H41: =IFERROR(SUM(F5:F41),"") -> 0 | J41: 37 | K41: {=_xlfn.SWITCH(Charts!$B$3,"average", AVERAGE(INDIRECT(ADDRESS(36+3,K$2+1,,,"Instances") & ":" & ADDRESS(36+3,K$2+1))),"median", MEDIAN(INDIRECT(ADDRESS(36+3,K$2+1,,,"Instances") & ":" & ADDRESS(36+3,K$2+1))),"min", MIN(INDIRECT(ADDRESS(36+3,K$2+1,,,"Instances") & ":" & ADDRESS(36+3,K$2+1))),"max", MAX(INDIRECT(ADDRESS(36+3,K$2+1,,,"Instances") & ":" & ADDRESS(36+3,K$2+1))),"diff", MAX(INDIRECT(ADDRESS(36+3,K$2+1,,,"Instances") & ":" & ADDRESS(36+3,K$2+1)))-MIN(INDIRECT(ADDRESS(36+3,K$2+1,,,"Instances") & ":" & ADDRESS(36+3,K$2+1))))} -> 0 | L41: =IFERROR(SMALL(K5:K188,ROW()-ROW($L$5)+1),"") -> 0 | N41: =IFERROR(SUM(L5:L41),"") -> 0 | Q41: =IF(Charts!$B$3="none",E968,IF(K968="",NA(),K968)) -> 0 | R41: =IF(Charts!$B$3="none",F968,IF(L968="",NA(),L968)) -> 0 | S41: =IF(Charts!$B$3="none",G968,IF(M968="",NA(),M968)) -> 0 | T41: =IF(Charts!$B$3="none",H968,IF(N968="",NA(),N968)) -> 0
D42: 38 | E42: =IF(INDIRECT(ADDRESS($D42+2,E$2+1,,,"Instances"))="","",INDIRECT(ADDRESS($D42+2,E$2+1,,,"Instances"))) -> 0 | F42: =IFERROR(SMALL(E5:E188,ROW()-ROW($F$5)+1),"") -> 0 | H42: =IFERROR(SUM(F5:F42),"") -> 0 | J42: 38 | K42: {=_xlfn.SWITCH(Charts!$B$3,"average", AVERAGE(INDIRECT(ADDRESS(37+3,K$2+1,,,"Instances") & ":" & ADDRESS(37+3,K$2+1))),"median", MEDIAN(INDIRECT(ADDRESS(37+3,K$2+1,,,"Instances") & ":" & ADDRESS(37+3,K$2+1))),"min", MIN(INDIRECT(ADDRESS(37+3,K$2+1,,,"Instances") & ":" & ADDRESS(37+3,K$2+1))),"max", MAX(INDIRECT(ADDRESS(37+3,K$2+1,,,"Instances") & ":" & ADDRESS(37+3,K$2+1))),"diff", MAX(INDIRECT(ADDRESS(37+3,K$2+1,,,"Instances") & ":" & ADDRESS(37+3,K$2+1)))-MIN(INDIRECT(ADDRESS(37+3,K$2+1,,,"Instances") & ":" & ADDRESS(37+3,K$2+1))))} -> 0 | L42: =IFERROR(SMALL(K5:K188,ROW()-ROW($L$5)+1),"") -> 0 | N42: =IFERROR(SUM(L5:L42),"") -> 0 | Q42: =IF(Charts!$B$3="none",E969,IF(K969="",NA(),K969)) -> 0 | R42: =IF(Charts!$B$3="none",F969,IF(L969="",NA(),L969)) -> 0 | S42: =IF(Charts!$B$3="none",G969,IF(M969="",NA(),M969)) -> 0 | T42: =IF(Charts!$B$3="none",H969,IF(N969="",NA(),N969)) -> 0
D43: 39 | E43: =IF(INDIRECT(ADDRESS($D43+2,E$2+1,,,"Instances"))="","",INDIRECT(ADDRESS($D43+2,E$2+1,,,"Instances"))) -> 0 | F43: =IFERROR(SMALL(E5:E188,ROW()-ROW($F$5)+1),"") -> 0 | H43: =IFERROR(SUM(F5:F43),"") -> 0 | J43: 39 | K43: {=_xlfn.SWITCH(Charts!$B$3,"average", AVERAGE(INDIRECT(ADDRESS(38+3,K$2+1,,,"Instances") & ":" & ADDRESS(38+3,K$2+1))),"median", MEDIAN(INDIRECT(ADDRESS(38+3,K$2+1,,,"Instances") & ":" & ADDRESS(38+3,K$2+1))),"min", MIN(INDIRECT(ADDRESS(38+3,K$2+1,,,"Instances") & ":" & ADDRESS(38+3,K$2+1))),"max", MAX(INDIRECT(ADDRESS(38+3,K$2+1,,,"Instances") & ":" & ADDRESS(38+3,K$2+1))),"diff", MAX(INDIRECT(ADDRESS(38+3,K$2+1,,,"Instances") & ":" & ADDRESS(38+3,K$2+1)))-MIN(INDIRECT(ADDRESS(38+3,K$2+1,,,"Instances") & ":" & ADDRESS(38+3,K$2+1))))} -> 0 | L43: =IFERROR(SMALL(K5:K188,ROW()-ROW($L$5)+1),"") -> 0 | N43: =IFERROR(SUM(L5:L43),"") -> 0 | Q43: =IF(Charts!$B$3="none",E970,IF(K970="",NA(),K970)) -> 0 | R43: =IF(Charts!$B$3="none",F970,IF(L970="",NA(),L970)) -> 0 | S43: =IF(Charts!$B$3="none",G970,IF(M970="",NA(),M970)) -> 0 | T43: =IF(Charts!$B$3="none",H970,IF(N970="",NA(),N970)) -> 0
D44: 40 | E44: =IF(INDIRECT(ADDRESS($D44+2,E$2+1,,,"Instances"))="","",INDIRECT(ADDRESS($D44+2,E$2+1,,,"Instances"))) -> 0 | F44: =IFERROR(SMALL(E5:E188,ROW()-ROW($F$5)+1),"") -> 0 | H44: =IFERROR(SUM(F5:F44),"") -> 0 | J44: 40 | K44: {=_xlfn.SWITCH(Charts!$B$3,"average", AVERAGE(INDIRECT(ADDRESS(39+3,K$2+1,,,"Instances") & ":" & ADDRESS(39+3,K$2+1))),"median", MEDIAN(INDIRECT(ADDRESS(39+3,K$2+1,,,"Instances") & ":" & ADDRESS(39+3,K$2+1))),"min", MIN(INDIRECT(ADDRESS(39+3,K$2+1,,,"Instances") & ":" & ADDRESS(39+3,K$2+1))),"max", MAX(INDIRECT(ADDRESS(39+3,K$2+1,,,"Instances") & ":" & ADDRESS(39+3,K$2+1))),"diff", MAX(INDIRECT(ADDRESS(39+3,K$2+1,,,"Instances") & ":" & ADDRESS(39+3,K$2+1)))-MIN(INDIRECT(ADDRESS(39+3,K$2+1,,,"Instances") & ":" & ADDRESS(39+3,K$2+1))))} -> 0 | L44: =IFERROR(SMALL(K5:K188,ROW()-ROW($L$5)+1),"") -> 0 | N44: =IFERROR(SUM(L5:L44),"") -> 0 | Q44: =IF(Charts!$B$3="none",E971,IF(K971="",NA(),K971)) -> 0 | R44: =IF(Charts!$B$3="none",F971,IF(L971="",NA(),L971)) -> 0 | S44: =IF(Charts!$B$3="none",G971,IF(M971="",NA(),M971)) -> 0 | T44: =IF(Charts!$B$3="none",H971,IF(N971="",NA(),N971)) -> 0
D45: 41 | E45: =IF(INDIRECT(ADDRESS($D45+2,E$2+1,,,"Instances"))="","",INDIRECT(ADDRESS($D45+2,E$2+1,,,"Instances"))) -> 0 | F45: =IFERROR(SMALL(E5:E188,ROW()-ROW($F$5)+1),"") -> 0 | H45: =IFERROR(SUM(F5:F45),"") -> 0 | J45: 41 | K45: {=_xlfn.SWITCH(Charts!$B$3,"average", AVERAGE(INDIRECT(ADDRESS(40+3,K$2+1,,,"Instances") & ":" & ADDRESS(40+3,K$2+1))),"median", MEDIAN(INDIRECT(ADDRESS(40+3,K$2+1,,,"Instances") & ":" & ADDRESS(40+3,K$2+1))),"min", MIN(INDIRECT(ADDRESS(40+3,K$2+1,,,"Instances") & ":" & ADDRESS(40+3,K$2+1))),"max", MAX(INDIRECT(ADDRESS(40+3,K$2+1,,,"Instances") & ":" & ADDRESS(40+3,K$2+1))),"diff", MAX(INDIRECT(ADDRESS(40+3,K$2+1,,,"Instances") & ":" & ADDRESS(40+3,K$2+1)))-MIN(INDIRECT(ADDRESS(40+3,K$2+1,,,"Instances") & ":" & ADDRESS(40+3,K$2+1))))} -> 0 | L45: =IFERROR(SMALL(K5:K188,ROW()-ROW($L$5)+1),"") -> 0 | N45: =IFERROR(SUM(L5:L45),"") -> 0 | Q45: =IF(Charts!$B$3="none",E972,IF(K972="",NA(),K972)) -> 0 | R45: =IF(Charts!$B$3="none",F972,IF(L972="",NA(),L972)) -> 0 | S45: =IF(Charts!$B$3="none",G972,IF(M972="",NA(),M972)) -> 0 | T45: =IF(Charts!$B$3="none",H972,IF(N972="",NA(),N972)) -> 0
D46: 42 | E46: =IF(INDIRECT(ADDRESS($D46+2,E$2+1,,,"Instances"))="","",INDIRECT(ADDRESS($D46+2,E$2+1,,,"Instances"))) -> 0 | F46: =IFERROR(SMALL(E5:E188,ROW()-ROW($F$5)+1),"") -> 0 | H46: =IFERROR(SUM(F5:F46),"") -> 0 | J46: 42 | K46: {=_xlfn.SWITCH(Charts!$B$3,"average", AVERAGE(INDIRECT(ADDRESS(41+3,K$2+1,,,"Instances") & ":" & ADDRESS(41+3,K$2+1))),"median", MEDIAN(INDIRECT(ADDRESS(41+3,K$2+1,,,"Instances") & ":" & ADDRESS(41+3,K$2+1))),"min", MIN(INDIRECT(ADDRESS(41+3,K$2+1,,,"Instances") & ":" & ADDRESS(41+3,K$2+1))),"max", MAX(INDIRECT(ADDRESS(41+3,K$2+1,,,"Instances") & ":" & ADDRESS(41+3,K$2+1))),"diff", MAX(INDIRECT(ADDRESS(41+3,K$2+1,,,"Instances") & ":" & ADDRESS(41+3,K$2+1)))-MIN(INDIRECT(ADDRESS(41+3,K$2+1,,,"Instances") & ":" & ADDRESS(41+3,K$2+1))))} -> 0 | L46: =IFERROR(SMALL(K5:K188,ROW()-ROW($L$5)+1),"") -> 0 | N46: =IFERROR(SUM(L5:L46),"") -> 0 | Q46: =IF(Charts!$B$3="none",E973,IF(K973="",NA(),K973)) -> 0 | R46: =IF(Charts!$B$3="none",F973,IF(L973="",NA(),L973)) -> 0 | S46: =IF(Charts!$B$3="none",G973,IF(M973="",NA(),M973)) -> 0 | T46: =IF(Charts!$B$3="none",H973,IF(N973="",NA(),N973)) -> 0
D47: 43 | E47: =IF(INDIRECT(ADDRESS($D47+2,E$2+1,,,"Instances"))="","",INDIRECT(ADDRESS($D47+2,E$2+1,,,"Instances"))) -> 0 | F47: =IFERROR(SMALL(E5:E188,ROW()-ROW($F$5)+1),"") -> 0 | H47: =IFERROR(SUM(F5:F47),"") -> 0 | J47: 43 | K47: {=_xlfn.SWITCH(Charts!$B$3,"average", AVERAGE(INDIRECT(ADDRESS(42+3,K$2+1,,,"Instances") & ":" & ADDRESS(42+3,K$2+1))),"median", MEDIAN(INDIRECT(ADDRESS(42+3,K$2+1,,,"Instances") & ":" & ADDRESS(42+3,K$2+1))),"min", MIN(INDIRECT(ADDRESS(42+3,K$2+1,,,"Instances") & ":" & ADDRESS(42+3,K$2+1))),"max", MAX(INDIRECT(ADDRESS(42+3,K$2+1,,,"Instances") & ":" & ADDRESS(42+3,K$2+1))),"diff", MAX(INDIRECT(ADDRESS(42+3,K$2+1,,,"Instances") & ":" & ADDRESS(42+3,K$2+1)))-MIN(INDIRECT(ADDRESS(42+3,K$2+1,,,"Instances") & ":" & ADDRESS(42+3,K$2+1))))} -> 0 | L47: =IFERROR(SMALL(K5:K188,ROW()-ROW($L$5)+1),"") -> 0 | N47: =IFERROR(SUM(L5:L47),"") -> 0 | Q47: =IF(Charts!$B$3="none",E974,IF(K974="",NA(),K974)) -> 0 | R47: =IF(Charts!$B$3="none",F974,IF(L974="",NA(),L974)) -> 0 | S47: =IF(Charts!$B$3="none",G974,IF(M974="",NA(),M974)) -> 0 | T47: =IF(Charts!$B$3="none",H974,IF(N974="",NA(),N974)) -> 0
D48: 44 | E48: =IF(INDIRECT(ADDRESS($D48+2,E$2+1,,,"Instances"))="","",INDIRECT(ADDRESS($D48+2,E$2+1,,,"Instances"))) -> 0 | F48: =IFERROR(SMALL(E5:E188,ROW()-ROW($F$5)+1),"") -> 0 | H48: =IFERROR(SUM(F5:F48),"") -> 0 | J48: 44 | K48: {=_xlfn.SWITCH(Charts!$B$3,"average", AVERAGE(INDIRECT(ADDRESS(43+3,K$2+1,,,"Instances") & ":" & ADDRESS(43+3,K$2+1))),"median", MEDIAN(INDIRECT(ADDRESS(43+3,K$2+1,,,"Instances") & ":" & ADDRESS(43+3,K$2+1))),"min", MIN(INDIRECT(ADDRESS(43+3,K$2+1,,,"Instances") & ":" & ADDRESS(43+3,K$2+1))),"max", MAX(INDIRECT(ADDRESS(43+3,K$2+1,,,"Instances") & ":" & ADDRESS(43+3,K$2+1))),"diff", MAX(INDIRECT(ADDRESS(43+3,K$2+1,,,"Instances") & ":" & ADDRESS(43+3,K$2+1)))-MIN(INDIRECT(ADDRESS(43+3,K$2+1,,,"Instances") & ":" & ADDRESS(43+3,K$2+1))))} -> 0 | L48: =IFERROR(SMALL(K5:K188,ROW()-ROW($L$5)+1),"") -> 0 | N48: =IFERROR(SUM(L5:L48),"") -> 0 | Q48: =IF(Charts!$B$3="none",E975,IF(K975="",NA(),K975)) -> 0 | R48: =IF(Charts!$B$3="none",F975,IF(L975="",NA(),L975)) -> 0 | S48: =IF(Charts!$B$3="none",G975,IF(M975="",NA(),M975)) -> 0 | T48: =IF(Charts!$B$3="none",H975,IF(N975="",NA(),N975)) -> 0
D49: 45 | E49: =IF(INDIRECT(ADDRESS($D49+2,E$2+1,,,"Instances"))="","",INDIRECT(ADDRESS($D49+2,E$2+1,,,"Instances"))) -> 0 | F49: =IFERROR(SMALL(E5:E188,ROW()-ROW($F$5)+1),"") -> 0 | H49: =IFERROR(SUM(F5:F49),"") -> 0 | J49: 45 | K49: {=_xlfn.SWITCH(Charts!$B$3,"average", AVERAGE(INDIRECT(ADDRESS(44+3,K$2+1,,,"Instances") & ":" & ADDRESS(44+3,K$2+1))),"median", MEDIAN(INDIRECT(ADDRESS(44+3,K$2+1,,,"Instances") & ":" & ADDRESS(44+3,K$2+1))),"min", MIN(INDIRECT(ADDRESS(44+3,K$2+1,,,"Instances") & ":" & ADDRESS(44+3,K$2+1))),"max", MAX(INDIRECT(ADDRESS(44+3,K$2+1,,,"Instances") & ":" & ADDRESS(44+3,K$2+1))),"diff", MAX(INDIRECT(ADDRESS(44+3,K$2+1,,,"Instances") & ":" & ADDRESS(44+3,K$2+1)))-MIN(INDIRECT(ADDRESS(44+3,K$2+1,,,"Instances") & ":" & ADDRESS(44+3,K$2+1))))} -> 0 | L49: =IFERROR(SMALL(K5:K188,ROW()-ROW($L$5)+1),"") -> 0 | N49: =IFERROR(SUM(L5:L49),"") -> 0 | Q49: =IF(Charts!$B$3="none",E976,IF(K976="",NA(),K976)) -> 0 | R49: =IF(Charts!$B$3="none",F976,IF(L976="",NA(),L976)) -> 0 | S49: =IF(Charts!$B$3="none",G976,IF(M976="",NA(),M976)) -> 0 | T49: =IF(Charts!$B$3="none",H976,IF(N976="",NA(),N976)) -> 0
D50: 46 | E50: =IF(INDIRECT(ADDRESS($D50+2,E$2+1,,,"Instances"))="","",INDIRECT(ADDRESS($D50+2,E$2+1,,,"Instances"))) -> 0 | F50: =IFERROR(SMALL(E5:E188,ROW()-ROW($F$5)+1),"") -> 0 | H50: =IFERROR(SUM(F5:F50),"") -> 0 | J50: 46 | K50: {=_xlfn.SWITCH(Charts!$B$3,"average", AVERAGE(INDIRECT(ADDRESS(45+3,K$2+1,,,"Instances") & ":" & ADDRESS(45+3,K$2+1))),"median", MEDIAN(INDIRECT(ADDRESS(45+3,K$2+1,,,"Instances") & ":" & ADDRESS(45+3,K$2+1))),"min", MIN(INDIRECT(ADDRESS(45+3,K$2+1,,,"Instances") & ":" & ADDRESS(45+3,K$2+1))),"max", MAX(INDIRECT(ADDRESS(45+3,K$2+1,,,"Instances") & ":" & ADDRESS(45+3,K$2+1))),"diff", MAX(INDIRECT(ADDRESS(45+3,K$2+1,,,"Instances") & ":" & ADDRESS(45+3,K$2+1)))-MIN(INDIRECT(ADDRESS(45+3,K$2+1,,,"Instances") & ":" & ADDRESS(45+3,K$2+1))))} -> 0 | L50: =IFERROR(SMALL(K5:K188,ROW()-ROW($L$5)+1),"") -> 0 | N50: =IFERROR(SUM(L5:L50),"") -> 0 | Q50: =IF(Charts!$B$3="none",E977,IF(K977="",NA(),K977)) -> 0 | R50: =IF(Charts!$B$3="none",F977,IF(L977="",NA(),L977)) -> 0 | S50: =IF(Charts!$B$3="none",G977,IF(M977="",NA(),M977)) -> 0 | T50: =IF(Charts!$B$3="none",H977,IF(N977="",NA(),N977)) -> 0
D51: 47 | E51: =IF(INDIRECT(ADDRESS($D51+2,E$2+1,,,"Instances"))="","",INDIRECT(ADDRESS($D51+2,E$2+1,,,"Instances"))) -> 0 | F51: =IFERROR(SMALL(E5:E188,ROW()-ROW($F$5)+1),"") -> 0 | H51: =IFERROR(SUM(F5:F51),"") -> 0 | J51: 47 | K51: {=_xlfn.SWITCH(Charts!$B$3,"average", AVERAGE(INDIRECT(ADDRESS(46+3,K$2+1,,,"Instances") & ":" & ADDRESS(46+3,K$2+1))),"median", MEDIAN(INDIRECT(ADDRESS(46+3,K$2+1,,,"Instances") & ":" & ADDRESS(46+3,K$2+1))),"min", MIN(INDIRECT(ADDRESS(46+3,K$2+1,,,"Instances") & ":" & ADDRESS(46+3,K$2+1))),"max", MAX(INDIRECT(ADDRESS(46+3,K$2+1,,,"Instances") & ":" & ADDRESS(46+3,K$2+1))),"diff", MAX(INDIRECT(ADDRESS(46+3,K$2+1,,,"Instances") & ":" & ADDRESS(46+3,K$2+1)))-MIN(INDIRECT(ADDRESS(46+3,K$2+1,,,"Instances") & ":" & ADDRESS(46+3,K$2+1))))} -> 0 | L51: =IFERROR(SMALL(K5:K188,ROW()-ROW($L$5)+1),"") -> 0 | N51: =IFERROR(SUM(L5:L51),"") -> 0 | Q51: =IF(Charts!$B$3="none",E978,IF(K978="",NA(),K978)) -> 0 | R51: =IF(Charts!$B$3="none",F978,IF(L978="",NA(),L978)) -> 0 | S51: =IF(Charts!$B$3="none",G978,IF(M978="",NA(),M978)) -> 0 | T51: =IF(Charts!$B$3="none",H978,IF(N978="",NA(),N978)) -> 0
D52: 48 | E52: =IF(INDIRECT(ADDRESS($D52+2,E$2+1,,,"Instances"))="","",INDIRECT(ADDRESS($D52+2,E$2+1,,,"Instances"))) -> 0 | F52: =IFERROR(SMALL(E5:E188,ROW()-ROW($F$5)+1),"") -> 0 | H52: =IFERROR(SUM(F5:F52),"") -> 0 | J52: 48 | K52: {=_xlfn.SWITCH(Charts!$B$3,"average", AVERAGE(INDIRECT(ADDRESS(47+3,K$2+1,,,"Instances") & ":" & ADDRESS(47+3,K$2+1))),"median", MEDIAN(INDIRECT(ADDRESS(47+3,K$2+1,,,"Instances") & ":" & ADDRESS(47+3,K$2+1))),"min", MIN(INDIRECT(ADDRESS(47+3,K$2+1,,,"Instances") & ":" & ADDRESS(47+3,K$2+1))),"max", MAX(INDIRECT(ADDRESS(47+3,K$2+1,,,"Instances") & ":" & ADDRESS(47+3,K$2+1))),"diff", MAX(INDIRECT(ADDRESS(47+3,K$2+1,,,"Instances") & ":" & ADDRESS(47+3,K$2+1)))-MIN(INDIRECT(ADDRESS(47+3,K$2+1,,,"Instances") & ":" & ADDRESS(47+3,K$2+1))))} -> 0 | L52: =IFERROR(SMALL(K5:K188,ROW()-ROW($L$5)+1),"") -> 0 | N52: =IFERROR(SUM(L5:L52),"") -> 0 | Q52: =IF(Charts!$B$3="none",E979,IF(K979="",NA(),K979)) -> 0 | R52: =IF(Charts!$B$3="none",F979,IF(L979="",NA(),L979)) -> 0 | S52: =IF(Charts!$B$3="none",G979,IF(M979="",NA(),M979)) -> 0 | T52: =IF(Charts!$B$3="none",H979,IF(N979="",NA(),N979)) -> 0
D53: 49 | E53: =IF(INDIRECT(ADDRESS($D53+2,E$2+1,,,"Instances"))="","",INDIRECT(ADDRESS($D53+2,E$2+1,,,"Instances"))) -> 0 | F53: =IFERROR(SMALL(E5:E188,ROW()-ROW($F$5)+1),"") -> 0 | H53: =IFERROR(SUM(F5:F53),"") -> 0 | J53: 49 | K53: {=_xlfn.SWITCH(Charts!$B$3,"average", AVERAGE(INDIRECT(ADDRESS(48+3,K$2+1,,,"Instances") & ":" & ADDRESS(48+3,K$2+1))),"median", MEDIAN(INDIRECT(ADDRESS(48+3,K$2+1,,,"Instances") & ":" & ADDRESS(48+3,K$2+1))),"min", MIN(INDIRECT(ADDRESS(48+3,K$2+1,,,"Instances") & ":" & ADDRESS(48+3,K$2+1))),"max", MAX(INDIRECT(ADDRESS(48+3,K$2+1,,,"Instances") & ":" & ADDRESS(48+3,K$2+1))),"diff", MAX(INDIRECT(ADDRESS(48+3,K$2+1,,,"Instances") & ":" & ADDRESS(48+3,K$2+1)))-MIN(INDIRECT(ADDRESS(48+3,K$2+1,,,"Instances") & ":" & ADDRESS(48+3,K$2+1))))} -> 0 | L53: =IFERROR(SMALL(K5:K188,ROW()-ROW($L$5)+1),"") -> 0 | N53: =IFERROR(SUM(L5:L53),"") -> 0 | Q53: =IF(Charts!$B$3="none",E980,IF(K980="",NA(),K980)) -> 0 | R53: =IF(Charts!$B$3="none",F980,IF(L980="",NA(),L980)) -> 0 | S53: =IF(Charts!$B$3="none",G980,IF(M980="",NA(),M980)) -> 0 | T53: =IF(Charts!$B$3="none",H980,IF(N980="",NA(),N980)) -> 0
D54: 50 | E54: =IF(INDIRECT(ADDRESS($D54+2,E$2+1,,,"Instances"))="","",INDIRECT(ADDRESS($D54+2,E$2+1,,,"Instances"))) -> 0 | F54: =IFERROR(SMALL(E5:E188,ROW()-ROW($F$5)+1),"") -> 0 | H54: =IFERROR(SUM(F5:F54),"") -> 0 | J54: 50 | K54: {=_xlfn.SWITCH(Charts!$B$3,"average", AVERAGE(INDIRECT(ADDRESS(49+3,K$2+1,,,"Instances") & ":" & ADDRESS(49+3,K$2+1))),"median", MEDIAN(INDIRECT(ADDRESS(49+3,K$2+1,,,"Instances") & ":" & ADDRESS(49+3,K$2+1))),"min", MIN(INDIRECT(ADDRESS(49+3,K$2+1,,,"Instances") & ":" & ADDRESS(49+3,K$2+1))),"max", MAX(INDIRECT(ADDRESS(49+3,K$2+1,,,"Instances") & ":" & ADDRESS(49+3,K$2+1))),"diff", MAX(INDIRECT(ADDRESS(49+3,K$2+1,,,"Instances") & ":" & ADDRESS(49+3,K$2+1)))-MIN(INDIRECT(ADDRESS(49+3,K$2+1,,,"Instances") & ":" & ADDRESS(49+3,K$2+1))))} -> 0 | L54: =IFERROR(SMALL(K5:K188,ROW()-ROW($L$5)+1),"") -> 0 | N54: =IFERROR(SUM(L5:L54),"") -> 0 | Q54: =IF(Charts!$B$3="none",E981,IF(K981="",NA(),K981)) -> 0 | R54: =IF(Charts!$B$3="none",F981,IF(L981="",NA(),L981)) -> 0 | S54: =IF(Charts!$B$3="none",G981,IF(M981="",NA(),M981)) -> 0 | T54: =IF(Charts!$B$3="none",H981,IF(N981="",NA(),N981)) -> 0
D55: 51 | E55: =IF(INDIRECT(ADDRESS($D55+2,E$2+1,,,"Instances"))="","",INDIRECT(ADDRESS($D55+2,E$2+1,,,"Instances"))) -> 0 | F55: =IFERROR(SMALL(E5:E188,ROW()-ROW($F$5)+1),"") -> 0 | H55: =IFERROR(SUM(F5:F55),"") -> 0 | J55: 51 | K55: {=_xlfn.SWITCH(Charts!$B$3,"average", AVERAGE(INDIRECT(ADDRESS(50+3,K$2+1,,,"Instances") & ":" & ADDRESS(50+3,K$2+1))),"median", MEDIAN(INDIRECT(ADDRESS(50+3,K$2+1,,,"Instances") & ":" & ADDRESS(50+3,K$2+1))),"min", MIN(INDIRECT(ADDRESS(50+3,K$2+1,,,"Instances") & ":" & ADDRESS(50+3,K$2+1))),"max", MAX(INDIRECT(ADDRESS(50+3,K$2+1,,,"Instances") & ":" & ADDRESS(50+3,K$2+1))),"diff", MAX(INDIRECT(ADDRESS(50+3,K$2+1,,,"Instances") & ":" & ADDRESS(50+3,K$2+1)))-MIN(INDIRECT(ADDRESS(50+3,K$2+1,,,"Instances") & ":" & ADDRESS(50+3,K$2+1))))} -> 0 | L55: =IFERROR(SMALL(K5:K188,ROW()-ROW($L$5)+1),"") -> 0 | N55: =IFERROR(SUM(L5:L55),"") -> 0 | Q55: =IF(Charts!$B$3="none",E982,IF(K982="",NA(),K982)) -> 0 | R55: =IF(Charts!$B$3="none",F982,IF(L982="",NA(),L982)) -> 0 | S55: =IF(Charts!$B$3="none",G982,IF(M982="",NA(),M982)) -> 0 | T55: =IF(Charts!$B$3="none",H982,IF(N982="",NA(),N982)) -> 0
D56: 52 | E56: =IF(INDIRECT(ADDRESS($D56+2,E$2+1,,,"Instances"))="","",INDIRECT(ADDRESS($D56+2,E$2+1,,,"Instances"))) -> 0 | F56: =IFERROR(SMALL(E5:E188,ROW()-ROW($F$5)+1),"") -> 0 | H56: =IFERROR(SUM(F5:F56),"") -> 0 | J56: 52 | K56: {=_xlfn.SWITCH(Charts!$B$3,"average", AVERAGE(INDIRECT(ADDRESS(51+3,K$2+1,,,"Instances") & ":" & ADDRESS(51+3,K$2+1))),"median", MEDIAN(INDIRECT(ADDRESS(51+3,K$2+1,,,"Instances") & ":" & ADDRESS(51+3,K$2+1))),"min", MIN(INDIRECT(ADDRESS(51+3,K$2+1,,,"Instances") & ":" & ADDRESS(51+3,K$2+1))),"max", MAX(INDIRECT(ADDRESS(51+3,K$2+1,,,"Instances") & ":" & ADDRESS(51+3,K$2+1))),"diff", MAX(INDIRECT(ADDRESS(51+3,K$2+1,,,"Instances") & ":" & ADDRESS(51+3,K$2+1)))-MIN(INDIRECT(ADDRESS(51+3,K$2+1,,,"Instances") & ":" & ADDRESS(51+3,K$2+1))))} -> 0 | L56: =IFERROR(SMALL(K5:K188,ROW()-ROW($L$5)+1),"") -> 0 | N56: =IFERROR(SUM(L5:L56),"") -> 0 | Q56: =IF(Charts!$B$3="none",E983,IF(K983="",NA(),K983)) -> 0 | R56: =IF(Charts!$B$3="none",F983,IF(L983="",NA(),L983)) -> 0 | S56: =IF(Charts!$B$3="none",G983,IF(M983="",NA(),M983)) -> 0 | T56: =IF(Charts!$B$3="none",H983,IF(N983="",NA(),N983)) -> 0
D57: 53 | E57: =IF(INDIRECT(ADDRESS($D57+2,E$2+1,,,"Instances"))="","",INDIRECT(ADDRESS($D57+2,E$2+1,,,"Instances"))) -> 0 | F57: =IFERROR(SMALL(E5:E188,ROW()-ROW($F$5)+1),"") -> 0 | H57: =IFERROR(SUM(F5:F57),"") -> 0 | J57: 53 | K57: {=_xlfn.SWITCH(Charts!$B$3,"average", AVERAGE(INDIRECT(ADDRESS(52+3,K$2+1,,,"Instances") & ":" & ADDRESS(52+3,K$2+1))),"median", MEDIAN(INDIRECT(ADDRESS(52+3,K$2+1,,,"Instances") & ":" & ADDRESS(52+3,K$2+1))),"min", MIN(INDIRECT(ADDRESS(52+3,K$2+1,,,"Instances") & ":" & ADDRESS(52+3,K$2+1))),"max", MAX(INDIRECT(ADDRESS(52+3,K$2+1,,,"Instances") & ":" & ADDRESS(52+3,K$2+1))),"diff", MAX(INDIRECT(ADDRESS(52+3,K$2+1,,,"Instances") & ":" & ADDRESS(52+3,K$2+1)))-MIN(INDIRECT(ADDRESS(52+3,K$2+1,,,"Instances") & ":" & ADDRESS(52+3,K$2+1))))} -> 0 | L57: =IFERROR(SMALL(K5:K188,ROW()-ROW($L$5)+1),"") -> 0 | N57: =IFERROR(SUM(L5:L57),"") -> 0 | Q57: =IF(Charts!$B$3="none",E984,IF(K984="",NA(),K984)) -> 0 | R57: =IF(Charts!$B$3="none",F984,IF(L984="",NA(),L984)) -> 0 | S57: =IF(Charts!$B$3="none",G984,IF(M984="",NA(),M984)) -> 0 | T57: =IF(Charts!$B$3="none",H984,IF(N984="",NA(),N984)) -> 0
D58: 54 | E58: =IF(INDIRECT(ADDRESS($D58+2,E$2+1,,,"Instances"))="","",INDIRECT(ADDRESS($D58+2,E$2+1,,,"Instances"))) -> 0 | F58: =IFERROR(SMALL(E5:E188,ROW()-ROW($F$5)+1),"") -> 0 | H58: =IFERROR(SUM(F5:F58),"") -> 0 | J58: 54 | K58: {=_xlfn.SWITCH(Charts!$B$3,"average", AVERAGE(INDIRECT(ADDRESS(53+3,K$2+1,,,"Instances") & ":" & ADDRESS(53+3,K$2+1))),"median", MEDIAN(INDIRECT(ADDRESS(53+3,K$2+1,,,"Instances") & ":" & ADDRESS(53+3,K$2+1))),"min", MIN(INDIRECT(ADDRESS(53+3,K$2+1,,,"Instances") & ":" & ADDRESS(53+3,K$2+1))),"max", MAX(INDIRECT(ADDRESS(53+3,K$2+1,,,"Instances") & ":" & ADDRESS(53+3,K$2+1))),"diff", MAX(INDIRECT(ADDRESS(53+3,K$2+1,,,"Instances") & ":" & ADDRESS(53+3,K$2+1)))-MIN(INDIRECT(ADDRESS(53+3,K$2+1,,,"Instances") & ":" & ADDRESS(53+3,K$2+1))))} -> 0 | L58: =IFERROR(SMALL(K5:K188,ROW()-ROW($L$5)+1),"") -> 0 | N58: =IFERROR(SUM(L5:L58),"") -> 0 | Q58: =IF(Charts!$B$3="none",E985,IF(K985="",NA(),K985)) -> 0 | R58: =IF(Charts!$B$3="none",F985,IF(L985="",NA(),L985)) -> 0 | S58: =IF(Charts!$B$3="none",G985,IF(M985="",NA(),M985)) -> 0 | T58: =IF(Charts!$B$3="none",H985,IF(N985="",NA(),N985)) -> 0
D59: 55 | E59: =IF(INDIRECT(ADDRESS($D59+2,E$2+1,,,"Instances"))="","",INDIRECT(ADDRESS($D59+2,E$2+1,,,"Instances"))) -> 0 | F59: =IFERROR(SMALL(E5:E188,ROW()-ROW($F$5)+1),"") -> 0 | H59: =IFERROR(SUM(F5:F59),"") -> 0 | J59: 55 | K59: {=_xlfn.SWITCH(Charts!$B$3,"average", AVERAGE(INDIRECT(ADDRESS(54+3,K$2+1,,,"Instances") & ":" & ADDRESS(54+3,K$2+1))),"median", MEDIAN(INDIRECT(ADDRESS(54+3,K$2+1,,,"Instances") & ":" & ADDRESS(54+3,K$2+1))),"min", MIN(INDIRECT(ADDRESS(54+3,K$2+1,,,"Instances") & ":" & ADDRESS(54+3,K$2+1))),"max", MAX(INDIRECT(ADDRESS(54+3,K$2+1,,,"Instances") & ":" & ADDRESS(54+3,K$2+1))),"diff", MAX(INDIRECT(ADDRESS(54+3,K$2+1,,,"Instances") & ":" & ADDRESS(54+3,K$2+1)))-MIN(INDIRECT(ADDRESS(54+3,K$2+1,,,"Instances") & ":" & ADDRESS(54+3,K$2+1))))} -> 0 | L59: =IFERROR(SMALL(K5:K188,ROW()-ROW($L$5)+1),"") -> 0 | N59: =IFERROR(SUM(L5:L59),"") -> 0 | Q59: =IF(Charts!$B$3="none",E986,IF(K986="",NA(),K986)) -> 0 | R59: =IF(Charts!$B$3="none",F986,IF(L986="",NA(),L986)) -> 0 | S59: =IF(Charts!$B$3="none",G986,IF(M986="",NA(),M986)) -> 0 | T59: =IF(Charts!$B$3="none",H986,IF(N986="",NA(),N986)) -> 0
D60: 56 | E60: =IF(INDIRECT(ADDRESS($D60+2,E$2+1,,,"Instances"))="","",INDIRECT(ADDRESS($D60+2,E$2+1,,,"Instances"))) -> 0 | F60: =IFERROR(SMALL(E5:E188,ROW()-ROW($F$5)+1),"") -> 0 | H60: =IFERROR(SUM(F5:F60),"") -> 0 | J60: 56 | K60: {=_xlfn.SWITCH(Charts!$B$3,"average", AVERAGE(INDIRECT(ADDRESS(55+3,K$2+1,,,"Instances") & ":" & ADDRESS(55+3,K$2+1))),"median", MEDIAN(INDIRECT(ADDRESS(55+3,K$2+1,,,"Instances") & ":" & ADDRESS(55+3,K$2+1))),"min", MIN(INDIRECT(ADDRESS(55+3,K$2+1,,,"Instances") & ":" & ADDRESS(55+3,K$2+1))),"max", MAX(INDIRECT(ADDRESS(55+3,K$2+1,,,"Instances") & ":" & ADDRESS(55+3,K$2+1))),"diff", MAX(INDIRECT(ADDRESS(55+3,K$2+1,,,"Instances") & ":" & ADDRESS(55+3,K$2+1)))-MIN(INDIRECT(ADDRESS(55+3,K$2+1,,,"Instances") & ":" & ADDRESS(55+3,K$2+1))))} -> 0 | L60: =IFERROR(SMALL(K5:K188,ROW()-ROW($L$5)+1),"") -> 0 | N60: =IFERROR(SUM(L5:L60),"") -> 0 | Q60: =IF(Charts!$B$3="none",E987,IF(K987="",NA(),K987)) -> 0 | R60: =IF(Charts!$B$3="none",F987,IF(L987="",NA(),L987)) -> 0 | S60: =IF(Charts!$B$3="none",G987,IF(M987="",NA(),M987)) -> 0 | T60: =IF(Charts!$B$3="none",H987,IF(N987="",NA(),N987)) -> 0
D61: 57 | E61: =IF(INDIRECT(ADDRESS($D61+2,E$2+1,,,"Instances"))="","",INDIRECT(ADDRESS($D61+2,E$2+1,,,"Instances"))) -> 0 | F61: =IFERROR(SMALL(E5:E188,ROW()-ROW($F$5)+1),"") -> 0 | H61: =IFERROR(SUM(F5:F61),"") -> 0 | J61: 57 | K61: {=_xlfn.SWITCH(Charts!$B$3,"average", AVERAGE(INDIRECT(ADDRESS(56+3,K$2+1,,,"Instances") & ":" & ADDRESS(56+3,K$2+1))),"median", MEDIAN(INDIRECT(ADDRESS(56+3,K$2+1,,,"Instances") & ":" & ADDRESS(56+3,K$2+1))),"min", MIN(INDIRECT(ADDRESS(56+3,K$2+1,,,"Instances") & ":" & ADDRESS(56+3,K$2+1))),"max", MAX(INDIRECT(ADDRESS(56+3,K$2+1,,,"Instances") & ":" & ADDRESS(56+3,K$2+1))),"diff", MAX(INDIRECT(ADDRESS(56+3,K$2+1,,,"Instances") & ":" & ADDRESS(56+3,K$2+1)))-MIN(INDIRECT(ADDRESS(56+3,K$2+1,,,"Instances") & ":" & ADDRESS(56+3,K$2+1))))} -> 0 | L61: =IFERROR(SMALL(K5:K188,ROW()-ROW($L$5)+1),"") -> 0 | N61: =IFERROR(SUM(L5:L61),"") -> 0 | Q61: =IF(Charts!$B$3="none",E988,IF(K988="",NA(),K988)) -> 0 | R61: =IF(Charts!$B$3="none",F988,IF(L988="",NA(),L988)) -> 0 | S61: =IF(Charts!$B$3="none",G988,IF(M988="",NA(),M988)) -> 0 | T61: =IF(Charts!$B$3="none",H988,IF(N988="",NA(),N988)) -> 0
D62: 58 | E62: =IF(INDIRECT(ADDRESS($D62+2,E$2+1,,,"Instances"))="","",INDIRECT(ADDRESS($D62+2,E$2+1,,,"Instances"))) -> 0 | F62: =IFERROR(SMALL(E5:E188,ROW()-ROW($F$5)+1),"") -> 0 | H62: =IFERROR(SUM(F5:F62),"") -> 0 | J62: 58 | K62: {=_xlfn.SWITCH(Charts!$B$3,"average", AVERAGE(INDIRECT(ADDRESS(57+3,K$2+1,,,"Instances") & ":" & ADDRESS(57+3,K$2+1))),"median", MEDIAN(INDIRECT(ADDRESS(57+3,K$2+1,,,"Instances") & ":" & ADDRESS(57+3,K$2+1))),"min", MIN(INDIRECT(ADDRESS(57+3,K$2+1,,,"Instances") & ":" & ADDRESS(57+3,K$2+1))),"max", MAX(INDIRECT(ADDRESS(57+3,K$2+1,,,"Instances") & ":" & ADDRESS(57+3,K$2+1))),"diff", MAX(INDIRECT(ADDRESS(57+3,K$2+1,,,"Instances") & ":" & ADDRESS(57+3,K$2+1)))-MIN(INDIRECT(ADDRESS(57+3,K$2+1,,,"Instances") & ":" & ADDRESS(57+3,K$2+1))))} -> 0 | L62: =IFERROR(SMALL(K5:K188,ROW()-ROW($L$5)+1),"") -> 0 | N62: =IFERROR(SUM(L5:L62),"") -> 0 | Q62: =IF(Charts!$B$3="none",E989,IF(K989="",NA(),K989)) -> 0 | R62: =IF(Charts!$B$3="none",F989,IF(L989="",NA(),L989)) -> 0 | S62: =IF(Charts!$B$3="none",G989,IF(M989="",NA(),M989)) -> 0 | T62: =IF(Charts!$B$3="none",H989,IF(N989="",NA(),N989)) -> 0
D63: 59 | E63: =IF(INDIRECT(ADDRESS($D63+2,E$2+1,,,"Instances"))="","",INDIRECT(ADDRESS($D63+2,E$2+1,,,"Instances"))) -> 0 | F63: =IFERROR(SMALL(E5:E188,ROW()-ROW($F$5)+1),"") -> 0 | H63: =IFERROR(SUM(F5:F63),"") -> 0 | J63: 59 | K63: {=_xlfn.SWITCH(Charts!$B$3,"average", AVERAGE(INDIRECT(ADDRESS(58+3,K$2+1,,,"Instances") & ":" & ADDRESS(58+3,K$2+1))),"median", MEDIAN(INDIRECT(ADDRESS(58+3,K$2+1,,,"Instances") & ":" & ADDRESS(58+3,K$2+1))),"min", MIN(INDIRECT(ADDRESS(58+3,K$2+1,,,"Instances") & ":" & ADDRESS(58+3,K$2+1))),"max", MAX(INDIRECT(ADDRESS(58+3,K$2+1,,,"Instances") & ":" & ADDRESS(58+3,K$2+1))),"diff", MAX(INDIRECT(ADDRESS(58+3,K$2+1,,,"Instances") & ":" & ADDRESS(58+3,K$2+1)))-MIN(INDIRECT(ADDRESS(58+3,K$2+1,,,"Instances") & ":" & ADDRESS(58+3,K$2+1))))} -> 0 | L63: =IFERROR(SMALL(K5:K188,ROW()-ROW($L$5)+1),"") -> 0 | N63: =IFERROR(SUM(L5:L63),"") -> 0 | Q63: =IF(Charts!$B$3="none",E990,IF(K990="",NA(),K990)) -> 0 | R63: =IF(Charts!$B$3="none",F990,IF(L990="",NA(),L990)) -> 0 | S63: =IF(Charts!$B$3="none",G990,IF(M990="",NA(),M990)) -> 0 | T63: =IF(Charts!$B$3="none",H990,IF(N990="",NA(),N990)) -> 0
D64: 60 | E64: =IF(INDIRECT(ADDRESS($D64+2,E$2+1,,,"Instances"))="","",INDIRECT(ADDRESS($D64+2,E$2+1,,,"Instances"))) -> 0 | F64: =IFERROR(SMALL(E5:E188,ROW()-ROW($F$5)+1),"") -> 0 | H64: =IFERROR(SUM(F5:F64),"") -> 0 | J64: 60 | K64: {=_xlfn.SWITCH(Charts!$B$3,"average", AVERAGE(INDIRECT(ADDRESS(59+3,K$2+1,,,"Instances") & ":" & ADDRESS(59+3,K$2+1))),"median", MEDIAN(INDIRECT(ADDRESS(59+3,K$2+1,,,"Instances") & ":" & ADDRESS(59+3,K$2+1))),"min", MIN(INDIRECT(ADDRESS(59+3,K$2+1,,,"Instances") & ":" & ADDRESS(59+3,K$2+1))),"max", MAX(INDIRECT(ADDRESS(59+3,K$2+1,,,"Instances") & ":" & ADDRESS(59+3,K$2+1))),"diff", MAX(INDIRECT(ADDRESS(59+3,K$2+1,,,"Instances") & ":" & ADDRESS(59+3,K$2+1)))-MIN(INDIRECT(ADDRESS(59+3,K$2+1,,,"Instances") & ":" & ADDRESS(59+3,K$2+1))))} -> 0 | L64: =IFERROR(SMALL(K5:K188,ROW()-ROW($L$5)+1),"") -> 0 | N64: =IFERROR(SUM(L5:L64),"") -> 0 | Q64: =IF(Charts!$B$3="none",E991,IF(K991="",NA(),K991)) -> 0 | R64: =IF(Charts!$B$3="none",F991,IF(L991="",NA(),L991)) -> 0 | S64: =IF(Charts!$B$3="none",G991,IF(M991="",NA(),M991)) -> 0 | T64: =IF(Charts!$B$3="none",H991,IF(N991="",NA(),N991)) -> 0
D65: 61 | E65: =IF(INDIRECT(ADDRESS($D65+2,E$2+1,,,"Instances"))="","",INDIRECT(ADDRESS($D65+2,E$2+1,,,"Instances"))) -> 0 | F65: =IFERROR(SMALL(E5:E188,ROW()-ROW($F$5)+1),"") -> 0 | H65: =IFERROR(SUM(F5:F65),"") -> 0 | J65: 61 | K65: {=_xlfn.SWITCH(Charts!$B$3,"average", AVERAGE(INDIRECT(ADDRESS(60+3,K$2+1,,,"Instances") & ":" & ADDRESS(60+3,K$2+1))),"median", MEDIAN(INDIRECT(ADDRESS(60+3,K$2+1,,,"Instances") & ":" & ADDRESS(60+3,K$2+1))),"min", MIN(INDIRECT(ADDRESS(60+3,K$2+1,,,"Instances") & ":" & ADDRESS(60+3,K$2+1))),"max", MAX(INDIRECT(ADDRESS(60+3,K$2+1,,,"Instances") & ":" & ADDRESS(60+3,K$2+1))),"diff", MAX(INDIRECT(ADDRESS(60+3,K$2+1,,,"Instances") & ":" & ADDRESS(60+3,K$2+1)))-MIN(INDIRECT(ADDRESS(60+3,K$2+1,,,"Instances") & ":" & ADDRESS(60+3,K$2+1))))} -> 0 | L65: =IFERROR(SMALL(K5:K188,ROW()-ROW($L$5)+1),"") -> 0 | N65: =IFERROR(SUM(L5:L65),"") -> 0 | Q65: =IF(Charts!$B$3="none",E992,IF(K992="",NA(),K992)) -> 0 | R65: =IF(Charts!$B$3="none",F992,IF(L992="",NA(),L992)) -> 0 | S65: =IF(Charts!$B$3="none",G992,IF(M992="",NA(),M992)) -> 0 | T65: =IF(Charts!$B$3="none",H992,IF(N992="",NA(),N992)) -> 0
D66: 62 | E66: =IF(INDIRECT(ADDRESS($D66+2,E$2+1,,,"Instances"))="","",INDIRECT(ADDRESS($D66+2,E$2+1,,,"Instances"))) -> 0 | F66: =IFERROR(SMALL(E5:E188,ROW()-ROW($F$5)+1),"") -> 0 | H66: =IFERROR(SUM(F5:F66),"") -> 0 | J66: 62 | K66: {=_xlfn.SWITCH(Charts!$B$3,"average", AVERAGE(INDIRECT(ADDRESS(61+3,K$2+1,,,"Instances") & ":" & ADDRESS(61+3,K$2+1))),"median", MEDIAN(INDIRECT(ADDRESS(61+3,K$2+1,,,"Instances") & ":" & ADDRESS(61+3,K$2+1))),"min", MIN(INDIRECT(ADDRESS(61+3,K$2+1,,,"Instances") & ":" & ADDRESS(61+3,K$2+1))),"max", MAX(INDIRECT(ADDRESS(61+3,K$2+1,,,"Instances") & ":" & ADDRESS(61+3,K$2+1))),"diff", MAX(INDIRECT(ADDRESS(61+3,K$2+1,,,"Instances") & ":" & ADDRESS(61+3,K$2+1)))-MIN(INDIRECT(ADDRESS(61+3,K$2+1,,,"Instances") & ":" & ADDRESS(61+3,K$2+1))))} -> 0 | L66: =IFERROR(SMALL(K5:K188,ROW()-ROW($L$5)+1),"") -> 0 | N66: =IFERROR(SUM(L5:L66),"") -> 0 | Q66: =IF(Charts!$B$3="none",E993,IF(K993="",NA(),K993)) -> 0 | R66: =IF(Charts!$B$3="none",F993,IF(L993="",NA(),L993)) -> 0 | S66: =IF(Charts!$B$3="none",G993,IF(M993="",NA(),M993)) -> 0 | T66: =IF(Charts!$B$3="none",H993,IF(N993="",NA(),N993)) -> 0
D67: 63 | E67: =IF(INDIRECT(ADDRESS($D67+2,E$2+1,,,"Instances"))="","",INDIRECT(ADDRESS($D67+2,E$2+1,,,"Instances"))) -> 0 | F67: =IFERROR(SMALL(E5:E188,ROW()-ROW($F$5)+1),"") -> 0 | H67: =IFERROR(SUM(F5:F67),"") -> 0 | J67: 63 | K67: {=_xlfn.SWITCH(Charts!$B$3,"average", AVERAGE(INDIRECT(ADDRESS(62+3,K$2+1,,,"Instances") & ":" & ADDRESS(62+3,K$2+1))),"median", MEDIAN(INDIRECT(ADDRESS(62+3,K$2+1,,,"Instances") & ":" & ADDRESS(62+3,K$2+1))),"min", MIN(INDIRECT(ADDRESS(62+3,K$2+1,,,"Instances") & ":" & ADDRESS(62+3,K$2+1))),"max", MAX(INDIRECT(ADDRESS(62+3,K$2+1,,,"Instances") & ":" & ADDRESS(62+3,K$2+1))),"diff", MAX(INDIRECT(ADDRESS(62+3,K$2+1,,,"Instances") & ":" & ADDRESS(62+3,K$2+1)))-MIN(INDIRECT(ADDRESS(62+3,K$2+1,,,"Instances") & ":" & ADDRESS(62+3,K$2+1))))} -> 0 | L67: =IFERROR(SMALL(K5:K188,ROW()-ROW($L$5)+1),"") -> 0 | N67: =IFERROR(SUM(L5:L67),"") -> 0 | Q67: =IF(Charts!$B$3="none",E994,IF(K994="",NA(),K994)) -> 0 | R67: =IF(Charts!$B$3="none",F994,IF(L994="",NA(),L994)) -> 0 | S67: =IF(Charts!$B$3="none",G994,IF(M994="",NA(),M994)) -> 0 | T67: =IF(Charts!$B$3="none",H994,IF(N994="",NA(),N994)) -> 0
D68: 64 | E68: =IF(INDIRECT(ADDRESS($D68+2,E$2+1,,,"Instances"))="","",INDIRECT(ADDRESS($D68+2,E$2+1,,,"Instances"))) -> 0 | F68: =IFERROR(SMALL(E5:E188,ROW()-ROW($F$5)+1),"") -> 0 | H68: =IFERROR(SUM(F5:F68),"") -> 0 | J68: 64 | K68: {=_xlfn.SWITCH(Charts!$B$3,"average", AVERAGE(INDIRECT(ADDRESS(63+3,K$2+1,,,"Instances") & ":" & ADDRESS(63+3,K$2+1))),"median", MEDIAN(INDIRECT(ADDRESS(63+3,K$2+1,,,"Instances") & ":" & ADDRESS(63+3,K$2+1))),"min", MIN(INDIRECT(ADDRESS(63+3,K$2+1,,,"Instances") & ":" & ADDRESS(63+3,K$2+1))),"max", MAX(INDIRECT(ADDRESS(63+3,K$2+1,,,"Instances") & ":" & ADDRESS(63+3,K$2+1))),"diff", MAX(INDIRECT(ADDRESS(63+3,K$2+1,,,"Instances") & ":" & ADDRESS(63+3,K$2+1)))-MIN(INDIRECT(ADDRESS(63+3,K$2+1,,,"Instances") & ":" & ADDRESS(63+3,K$2+1))))} -> 0 | L68: =IFERROR(SMALL(K5:K188,ROW()-ROW($L$5)+1),"") -> 0 | N68: =IFERROR(SUM(L5:L68),"") -> 0 | Q68: =IF(Charts!$B$3="none",E995,IF(K995="",NA(),K995)) -> 0 | R68: =IF(Charts!$B$3="none",F995,IF(L995="",NA(),L995)) -> 0 | S68: =IF(Charts!$B$3="none",G995,IF(M995="",NA(),M995)) -> 0 | T68: =IF(Charts!$B$3="none",H995,IF(N995="",NA(),N995)) -> 0
D69: 65 | E69: =IF(INDIRECT(ADDRESS($D69+2,E$2+1,,,"Instances"))="","",INDIRECT(ADDRESS($D69+2,E$2+1,,,"Instances"))) -> 0 | F69: =IFERROR(SMALL(E5:E188,ROW()-ROW($F$5)+1),"") -> 0 | H69: =IFERROR(SUM(F5:F69),"") -> 0 | J69: 65 | K69: {=_xlfn.SWITCH(Charts!$B$3,"average", AVERAGE(INDIRECT(ADDRESS(64+3,K$2+1,,,"Instances") & ":" & ADDRESS(64+3,K$2+1))),"median", MEDIAN(INDIRECT(ADDRESS(64+3,K$2+1,,,"Instances") & ":" & ADDRESS(64+3,K$2+1))),"min", MIN(INDIRECT(ADDRESS(64+3,K$2+1,,,"Instances") & ":" & ADDRESS(64+3,K$2+1))),"max", MAX(INDIRECT(ADDRESS(64+3,K$2+1,,,"Instances") & ":" & ADDRESS(64+3,K$2+1))),"diff", MAX(INDIRECT(ADDRESS(64+3,K$2+1,,,"Instances") & ":" & ADDRESS(64+3,K$2+1)))-MIN(INDIRECT(ADDRESS(64+3,K$2+1,,,"Instances") & ":" & ADDRESS(64+3,K$2+1))))} -> 0 | L69: =IFERROR(SMALL(K5:K188,ROW()-ROW($L$5)+1),"") -> 0 | N69: =IFERROR(SUM(L5:L69),"") -> 0 | Q69: =IF(Charts!$B$3="none",E996,IF(K996="",NA(),K996)) -> 0 | R69: =IF(Charts!$B$3="none",F996,IF(L996="",NA(),L996)) -> 0 | S69: =IF(Charts!$B$3="none",G996,IF(M996="",NA(),M996)) -> 0 | T69: =IF(Charts!$B$3="none",H996,IF(N996="",NA(),N996)) -> 0
D70: 66 | E70: =IF(INDIRECT(ADDRESS($D70+2,E$2+1,,,"Instances"))="","",INDIRECT(ADDRESS($D70+2,E$2+1,,,"Instances"))) -> 0 | F70: =IFERROR(SMALL(E5:E188,ROW()-ROW($F$5)+1),"") -> 0 | H70: =IFERROR(SUM(F5:F70),"") -> 0 | J70: 66 | K70: {=_xlfn.SWITCH(Charts!$B$3,"average", AVERAGE(INDIRECT(ADDRESS(65+3,K$2+1,,,"Instances") & ":" & ADDRESS(65+3,K$2+1))),"median", MEDIAN(INDIRECT(ADDRESS(65+3,K$2+1,,,"Instances") & ":" & ADDRESS(65+3,K$2+1))),"min", MIN(INDIRECT(ADDRESS(65+3,K$2+1,,,"Instances") & ":" & ADDRESS(65+3,K$2+1))),"max", MAX(INDIRECT(ADDRESS(65+3,K$2+1,,,"Instances") & ":" & ADDRESS(65+3,K$2+1))),"diff", MAX(INDIRECT(ADDRESS(65+3,K$2+1,,,"Instances") & ":" & ADDRESS(65+3,K$2+1)))-MIN(INDIRECT(ADDRESS(65+3,K$2+1,,,"Instances") & ":" & ADDRESS(65+3,K$2+1))))} -> 0 | L70: =IFERROR(SMALL(K5:K188,ROW()-ROW($L$5)+1),"") -> 0 | N70: =IFERROR(SUM(L5:L70),"") -> 0 | Q70: =IF(Charts!$B$3="none",E997,IF(K997="",NA(),K997)) -> 0 | R70: =IF(Charts!$B$3="none",F997,IF(L997="",NA(),L997)) -> 0 | S70: =IF(Charts!$B$3="none",G997,IF(M997="",NA(),M997)) -> 0 | T70: =IF(Charts!$B$3="none",H997,IF(N997="",NA(),N997)) -> 0
D71: 67 | E71: =IF(INDIRECT(ADDRESS($D71+2,E$2+1,,,"Instances"))="","",INDIRECT(ADDRESS($D71+2,E$2+1,,,"Instances"))) -> 0 | F71: =IFERROR(SMALL(E5:E188,ROW()-ROW($F$5)+1),"") -> 0 | H71: =IFERROR(SUM(F5:F71),"") -> 0 | J71: 67 | K71: {=_xlfn.SWITCH(Charts!$B$3,"average", AVERAGE(INDIRECT(ADDRESS(66+3,K$2+1,,,"Instances") & ":" & ADDRESS(66+3,K$2+1))),"median", MEDIAN(INDIRECT(ADDRESS(66+3,K$2+1,,,"Instances") & ":" & ADDRESS(66+3,K$2+1))),"min", MIN(INDIRECT(ADDRESS(66+3,K$2+1,,,"Instances") & ":" & ADDRESS(66+3,K$2+1))),"max", MAX(INDIRECT(ADDRESS(66+3,K$2+1,,,"Instances") & ":" & ADDRESS(66+3,K$2+1))),"diff", MAX(INDIRECT(ADDRESS(66+3,K$2+1,,,"Instances") & ":" & ADDRESS(66+3,K$2+1)))-MIN(INDIRECT(ADDRESS(66+3,K$2+1,,,"Instances") & ":" & ADDRESS(66+3,K$2+1))))} -> 0 | L71: =IFERROR(SMALL(K5:K188,ROW()-ROW($L$5)+1),"") -> 0 | N71: =IFERROR(SUM(L5:L71),"") -> 0 | Q71: =IF(Charts!$B$3="none",E998,IF(K998="",NA(),K998)) -> 0 | R71: =IF(Charts!$B$3="none",F998,IF(L998="",NA(),L998)) -> 0 | S71: =IF(Charts!$B$3="none",G998,IF(M998="",NA(),M998)) -> 0 | T71: =IF(Charts!$B$3="none",H998,IF(N998="",NA(),N998)) -> 0
D72: 68 | E72: =IF(INDIRECT(ADDRESS($D72+2,E$2+1,,,"Instances"))="","",INDIRECT(ADDRESS($D72+2,E$2+1,,,"Instances"))) -> 0 | F72: =IFERROR(SMALL(E5:E188,ROW()-ROW($F$5)+1),"") -> 0 | H72: =IFERROR(SUM(F5:F72),"") -> 0 | J72: 68 | K72: {=_xlfn.SWITCH(Charts!$B$3,"average", AVERAGE(INDIRECT(ADDRESS(67+3,K$2+1,,,"Instances") & ":" & ADDRESS(67+3,K$2+1))),"median", MEDIAN(INDIRECT(ADDRESS(67+3,K$2+1,,,"Instances") & ":" & ADDRESS(67+3,K$2+1))),"min", MIN(INDIRECT(ADDRESS(67+3,K$2+1,,,"Instances") & ":" & ADDRESS(67+3,K$2+1))),"max", MAX(INDIRECT(ADDRESS(67+3,K$2+1,,,"Instances") & ":" & ADDRESS(67+3,K$2+1))),"diff", MAX(INDIRECT(ADDRESS(67+3,K$2+1,,,"Instances") & ":" & ADDRESS(67+3,K$2+1)))-MIN(INDIRECT(ADDRESS(67+3,K$2+1,,,"Instances") & ":" & ADDRESS(67+3,K$2+1))))} -> 0 | L72: =IFERROR(SMALL(K5:K188,ROW()-ROW($L$5)+1),"") -> 0 | N72: =IFERROR(SUM(L5:L72),"") -> 0 | Q72: =IF(Charts!$B$3="none",E999,IF(K999="",NA(),K999)) -> 0 | R72: =IF(Charts!$B$3="none",F999,IF(L999="",NA(),L999)) -> 0 | S72: =IF(Charts!$B$3="none",G999,IF(M999="",NA(),M999)) -> 0 | T72: =IF(Charts!$B$3="none",H999,IF(N999="",NA(),N999)) -> 0
D73: 69 | E73: =IF(INDIRECT(ADDRESS($D73+2,E$2+1,,,"Instances"))="","",INDIRECT(ADDRESS($D73+2,E$2+1,,,"Instances"))) -> 0 | F73: =IFERROR(SMALL(E5:E188,ROW()-ROW($F$5)+1),"") -> 0 | H73: =IFERROR(SUM(F5:F73),"") -> 0 | J73: 69 | K73: {=_xlfn.SWITCH(Charts!$B$3,"average", AVERAGE(INDIRECT(ADDRESS(68+3,K$2+1,,,"Instances") & ":" & ADDRESS(68+3,K$2+1))),"median", MEDIAN(INDIRECT(ADDRESS(68+3,K$2+1,,,"Instances") & ":" & ADDRESS(68+3,K$2+1))),"min", MIN(INDIRECT(ADDRESS(68+3,K$2+1,,,"Instances") & ":" & ADDRESS(68+3,K$2+1))),"max", MAX(INDIRECT(ADDRESS(68+3,K$2+1,,,"Instances") & ":" & ADDRESS(68+3,K$2+1))),"diff", MAX(INDIRECT(ADDRESS(68+3,K$2+1,,,"Instances") & ":" & ADDRESS(68+3,K$2+1)))-MIN(INDIRECT(ADDRESS(68+3,K$2+1,,,"Instances") & ":" & ADDRESS(68+3,K$2+1))))} -> 0 | L73: =IFERROR(SMALL(K5:K188,ROW()-ROW($L$5)+1),"") -> 0 | N73: =IFERROR(SUM(L5:L73),"") -> 0 | Q73: =IF(Charts!$B$3="none",E1000,IF(K1000="",NA(),K1000)) -> 0 | R73: =IF(Charts!$B$3="none",F1000,IF(L1000="",NA(),L1000)) -> 0 | S73: =IF(Charts!$B$3="none",G1000,IF(M1000="",NA(),M1000)) -> 0 | T73: =IF(Charts!$B$3="none",H1000,IF(N1000="",NA(),N1000)) -> 0
D74: 70 | E74: =IF(INDIRECT(ADDRESS($D74+2,E$2+1,,,"Instances"))="","",INDIRECT(ADDRESS($D74+2,E$2+1,,,"Instances"))) -> 0 | F74: =IFERROR(SMALL(E5:E188,ROW()-ROW($F$5)+1),"") -> 0 | H74: =IFERROR(SUM(F5:F74),"") -> 0 | J74: 70 | K74: {=_xlfn.SWITCH(Charts!$B$3,"average", AVERAGE(INDIRECT(ADDRESS(69+3,K$2+1,,,"Instances") & ":" & ADDRESS(69+3,K$2+1))),"median", MEDIAN(INDIRECT(ADDRESS(69+3,K$2+1,,,"Instances") & ":" & ADDRESS(69+3,K$2+1))),"min", MIN(INDIRECT(ADDRESS(69+3,K$2+1,,,"Instances") & ":" & ADDRESS(69+3,K$2+1))),"max", MAX(INDIRECT(ADDRESS(69+3,K$2+1,,,"Instances") & ":" & ADDRESS(69+3,K$2+1))),"diff", MAX(INDIRECT(ADDRESS(69+3,K$2+1,,,"Instances") & ":" & ADDRESS(69+3,K$2+1)))-MIN(INDIRECT(ADDRESS(69+3,K$2+1,,,"Instances") & ":" & ADDRESS(69+3,K$2+1))))} -> 0 | L74: =IFERROR(SMALL(K5:K188,ROW()-ROW($L$5)+1),"") -> 0 | N74: =IFERROR(SUM(L5:L74),"") -> 0 | Q74: =IF(Charts!$B$3="none",E1001,IF(K1001="",NA(),K1001)) -> 0 | R74: =IF(Charts!$B$3="none",F1001,IF(L1001="",NA(),L1001)) -> 0 | S74: =IF(Charts!$B$3="none",G1001,IF(M1001="",NA(),M1001)) -> 0 | T74: =IF(Charts!$B$3="none",H1001,IF(N1001="",NA(),N1001)) -> 0
D75: 71 | E75: =IF(INDIRECT(ADDRESS($D75+2,E$2+1,,,"Instances"))="","",INDIRECT(ADDRESS($D75+2,E$2+1,,,"Instances"))) -> 0 | F75: =IFERROR(SMALL(E5:E188,ROW()-ROW($F$5)+1),"") -> 0 | H75: =IFERROR(SUM(F5:F75),"") -> 0 | J75: 71 | K75: {=_xlfn.SWITCH(Charts!$B$3,"average", AVERAGE(INDIRECT(ADDRESS(70+3,K$2+1,,,"Instances") & ":" & ADDRESS(70+3,K$2+1))),"median", MEDIAN(INDIRECT(ADDRESS(70+3,K$2+1,,,"Instances") & ":" & ADDRESS(70+3,K$2+1))),"min", MIN(INDIRECT(ADDRESS(70+3,K$2+1,,,"Instances") & ":" & ADDRESS(70+3,K$2+1))),"max", MAX(INDIRECT(ADDRESS(70+3,K$2+1,,,"Instances") & ":" & ADDRESS(70+3,K$2+1))),"diff", MAX(INDIRECT(ADDRESS(70+3,K$2+1,,,"Instances") & ":" & ADDRESS(70+3,K$2+1)))-MIN(INDIRECT(ADDRESS(70+3,K$2+1,,,"Instances") & ":" & ADDRESS(70+3,K$2+1))))} -> 0 | L75: =IFERROR(SMALL(K5:K188,ROW()-ROW($L$5)+1),"") -> 0 | N75: =IFERROR(SUM(L5:L75),"") -> 0 | Q75: =IF(Charts!$B$3="none",E1002,IF(K1002="",NA(),K1002)) -> 0 | R75: =IF(Charts!$B$3="none",F1002,IF(L1002="",NA(),L1002)) -> 0 | S75: =IF(Charts!$B$3="none",G1002,IF(M1002="",NA(),M1002)) -> 0 | T75: =IF(Charts!$B$3="none",H1002,IF(N1002="",NA(),N1002)) -> 0
D76: 72 | E76: =IF(INDIRECT(ADDRESS($D76+2,E$2+1,,,"Instances"))="","",INDIRECT(ADDRESS($D76+2,E$2+1,,,"Instances"))) -> 0 | F76: =IFERROR(SMALL(E5:E188,ROW()-ROW($F$5)+1),"") -> 0 | H76: =IFERROR(SUM(F5:F76),"") -> 0 | J76: 72 | K76: {=_xlfn.SWITCH(Charts!$B$3,"average", AVERAGE(INDIRECT(ADDRESS(71+3,K$2+1,,,"Instances") & ":" & ADDRESS(71+3,K$2+1))),"median", MEDIAN(INDIRECT(ADDRESS(71+3,K$2+1,,,"Instances") & ":" & ADDRESS(71+3,K$2+1))),"min", MIN(INDIRECT(ADDRESS(71+3,K$2+1,,,"Instances") & ":" & ADDRESS(71+3,K$2+1))),"max", MAX(INDIRECT(ADDRESS(71+3,K$2+1,,,"Instances") & ":" & ADDRESS(71+3,K$2+1))),"diff", MAX(INDIRECT(ADDRESS(71+3,K$2+1,,,"Instances") & ":" & ADDRESS(71+3,K$2+1)))-MIN(INDIRECT(ADDRESS(71+3,K$2+1,,,"Instances") & ":" & ADDRESS(71+3,K$2+1))))} -> 0 | L76: =IFERROR(SMALL(K5:K188,ROW()-ROW($L$5)+1),"") -> 0 | N76: =IFERROR(SUM(L5:L76),"") -> 0 | Q76: =IF(Charts!$B$3="none",E1003,IF(K1003="",NA(),K1003)) -> 0 | R76: =IF(Charts!$B$3="none",F1003,IF(L1003="",NA(),L1003)) -> 0 | S76: =IF(Charts!$B$3="none",G1003,IF(M1003="",NA(),M1003)) -> 0 | T76: =IF(Charts!$B$3="none",H1003,IF(N1003="",NA(),N1003)) -> 0
D77: 73 | E77: =IF(INDIRECT(ADDRESS($D77+2,E$2+1,,,"Instances"))="","",INDIRECT(ADDRESS($D77+2,E$2+1,,,"Instances"))) -> 0 | F77: =IFERROR(SMALL(E5:E188,ROW()-ROW($F$5)+1),"") -> 0 | H77: =IFERROR(SUM(F5:F77),"") -> 0 | J77: 73 | K77: {=_xlfn.SWITCH(Charts!$B$3,"average", AVERAGE(INDIRECT(ADDRESS(72+3,K$2+1,,,"Instances") & ":" & ADDRESS(72+3,K$2+1))),"median", MEDIAN(INDIRECT(ADDRESS(72+3,K$2+1,,,"Instances") & ":" & ADDRESS(72+3,K$2+1))),"min", MIN(INDIRECT(ADDRESS(72+3,K$2+1,,,"Instances") & ":" & ADDRESS(72+3,K$2+1))),"max", MAX(INDIRECT(ADDRESS(72+3,K$2+1,,,"Instances") & ":" & ADDRESS(72+3,K$2+1))),"diff", MAX(INDIRECT(ADDRESS(72+3,K$2+1,,,"Instances") & ":" & ADDRESS(72+3,K$2+1)))-MIN(INDIRECT(ADDRESS(72+3,K$2+1,,,"Instances") & ":" & ADDRESS(72+3,K$2+1))))} -> 0 | L77: =IFERROR(SMALL(K5:K188,ROW()-ROW($L$5)+1),"") -> 0 | N77: =IFERROR(SUM(L5:L77),"") -> 0 | Q77: =IF(Charts!$B$3="none",E1004,IF(K1004="",NA(),K1004)) -> 0 | R77: =IF(Charts!$B$3="none",F1004,IF(L1004="",NA(),L1004)) -> 0 | S77: =IF(Charts!$B$3="none",G1004,IF(M1004="",NA(),M1004)) -> 0 | T77: =IF(Charts!$B$3="none",H1004,IF(N1004="",NA(),N1004)) -> 0
D78: 74 | E78: =IF(INDIRECT(ADDRESS($D78+2,E$2+1,,,"Instances"))="","",INDIRECT(ADDRESS($D78+2,E$2+1,,,"Instances"))) -> 0 | F78: =IFERROR(SMALL(E5:E188,ROW()-ROW($F$5)+1),"") -> 0 | H78: =IFERROR(SUM(F5:F78),"") -> 0 | J78: 74 | K78: {=_xlfn.SWITCH(Charts!$B$3,"average", AVERAGE(INDIRECT(ADDRESS(73+3,K$2+1,,,"Instances") & ":" & ADDRESS(73+3,K$2+1))),"median", MEDIAN(INDIRECT(ADDRESS(73+3,K$2+1,,,"Instances") & ":" & ADDRESS(73+3,K$2+1))),"min", MIN(INDIRECT(ADDRESS(73+3,K$2+1,,,"Instances") & ":" & ADDRESS(73+3,K$2+1))),"max", MAX(INDIRECT(ADDRESS(73+3,K$2+1,,,"Instances") & ":" & ADDRESS(73+3,K$2+1))),"diff", MAX(INDIRECT(ADDRESS(73+3,K$2+1,,,"Instances") & ":" & ADDRESS(73+3,K$2+1)))-MIN(INDIRECT(ADDRESS(73+3,K$2+1,,,"Instances") & ":" & ADDRESS(73+3,K$2+1))))} -> 0 | L78: =IFERROR(SMALL(K5:K188,ROW()-ROW($L$5)+1),"") -> 0 | N78: =IFERROR(SUM(L5:L78),"") -> 0 | Q78: =IF(Charts!$B$3="none",E1005,IF(K1005="",NA(),K1005)) -> 0 | R78: =IF(Charts!$B$3="none",F1005,IF(L1005="",NA(),L1005)) -> 0 | S78: =IF(Charts!$B$3="none",G1005,IF(M1005="",NA(),M1005)) -> 0 | T78: =IF(Charts!$B$3="none",H1005,IF(N1005="",NA(),N1005)) -> 0
D79: 75 | E79: =IF(INDIRECT(ADDRESS($D79+2,E$2+1,,,"Instances"))="","",INDIRECT(ADDRESS($D79+2,E$2+1,,,"Instances"))) -> 0 | F79: =IFERROR(SMALL(E5:E188,ROW()-ROW($F$5)+1),"") -> 0 | H79: =IFERROR(SUM(F5:F79),"") -> 0 | J79: 75 | K79: {=_xlfn.SWITCH(Charts!$B$3,"average", AVERAGE(INDIRECT(ADDRESS(74+3,K$2+1,,,"Instances") & ":" & ADDRESS(74+3,K$2+1))),"median", MEDIAN(INDIRECT(ADDRESS(74+3,K$2+1,,,"Instances") & ":" & ADDRESS(74+3,K$2+1))),"min", MIN(INDIRECT(ADDRESS(74+3,K$2+1,,,"Instances") & ":" & ADDRESS(74+3,K$2+1))),"max", MAX(INDIRECT(ADDRESS(74+3,K$2+1,,,"Instances") & ":" & ADDRESS(74+3,K$2+1))),"diff", MAX(INDIRECT(ADDRESS(74+3,K$2+1,,,"Instances") & ":" & ADDRESS(74+3,K$2+1)))-MIN(INDIRECT(ADDRESS(74+3,K$2+1,,,"Instances") & ":" & ADDRESS(74+3,K$2+1))))} -> 0 | L79: =IFERROR(SMALL(K5:K188,ROW()-ROW($L$5)+1),"") -> 0 | N79: =IFERROR(SUM(L5:L79),"") -> 0 | Q79: =IF(Charts!$B$3="none",E1006,IF(K1006="",NA(),K1006)) -> 0 | R79: =IF(Charts!$B$3="none",F1006,IF(L1006="",NA(),L1006)) -> 0 | S79: =IF(Charts!$B$3="none",G1006,IF(M1006="",NA(),M1006)) -> 0 | T79: =IF(Charts!$B$3="none",H1006,IF(N1006="",NA(),N1006)) -> 0
D80: 76 | E80: =IF(INDIRECT(ADDRESS($D80+2,E$2+1,,,"Instances"))="","",INDIRECT(ADDRESS($D80+2,E$2+1,,,"Instances"))) -> 0 | F80: =IFERROR(SMALL(E5:E188,ROW()-ROW($F$5)+1),"") -> 0 | H80: =IFERROR(SUM(F5:F80),"") -> 0 | J80: 76 | K80: {=_xlfn.SWITCH(Charts!$B$3,"average", AVERAGE(INDIRECT(ADDRESS(75+3,K$2+1,,,"Instances") & ":" & ADDRESS(75+3,K$2+1))),"median", MEDIAN(INDIRECT(ADDRESS(75+3,K$2+1,,,"Instances") & ":" & ADDRESS(75+3,K$2+1))),"min", MIN(INDIRECT(ADDRESS(75+3,K$2+1,,,"Instances") & ":" & ADDRESS(75+3,K$2+1))),"max", MAX(INDIRECT(ADDRESS(75+3,K$2+1,,,"Instances") & ":" & ADDRESS(75+3,K$2+1))),"diff", MAX(INDIRECT(ADDRESS(75+3,K$2+1,,,"Instances") & ":" & ADDRESS(75+3,K$2+1)))-MIN(INDIRECT(ADDRESS(75+3,K$2+1,,,"Instances") & ":" & ADDRESS(75+3,K$2+1))))} -> 0 | L80: =IFERROR(SMALL(K5:K188,ROW()-ROW($L$5)+1),"") -> 0 | N80: =IFERROR(SUM(L5:L80),"") -> 0 | Q80: =IF(Charts!$B$3="none",E1007,IF(K1007="",NA(),K1007)) -> 0 | R80: =IF(Charts!$B$3="none",F1007,IF(L1007="",NA(),L1007)) -> 0 | S80: =IF(Charts!$B$3="none",G1007,IF(M1007="",NA(),M1007)) -> 0 | T80: =IF(Charts!$B$3="none",H1007,IF(N1007="",NA(),N1007)) -> 0
D81: 77 | E81: =IF(INDIRECT(ADDRESS($D81+2,E$2+1,,,"Instances"))="","",INDIRECT(ADDRESS($D81+2,E$2+1,,,"Instances"))) -> 0 | F81: =IFERROR(SMALL(E5:E188,ROW()-ROW($F$5)+1),"") -> 0 | H81: =IFERROR(SUM(F5:F81),"") -> 0 | J81: 77 | K81: {=_xlfn.SWITCH(Charts!$B$3,"average", AVERAGE(INDIRECT(ADDRESS(76+3,K$2+1,,,"Instances") & ":" & ADDRESS(76+3,K$2+1))),"median", MEDIAN(INDIRECT(ADDRESS(76+3,K$2+1,,,"Instances") & ":" & ADDRESS(76+3,K$2+1))),"min", MIN(INDIRECT(ADDRESS(76+3,K$2+1,,,"Instances") & ":" & ADDRESS(76+3,K$2+1))),"max", MAX(INDIRECT(ADDRESS(76+3,K$2+1,,,"Instances") & ":" & ADDRESS(76+3,K$2+1))),"diff", MAX(INDIRECT(ADDRESS(76+3,K$2+1,,,"Instances") & ":" & ADDRESS(76+3,K$2+1)))-MIN(INDIRECT(ADDRESS(76+3,K$2+1,,,"Instances") & ":" & ADDRESS(76+3,K$2+1))))} -> 0 | L81: =IFERROR(SMALL(K5:K188,ROW()-ROW($L$5)+1),"") -> 0 | N81: =IFERROR(SUM(L5:L81),"") -> 0 | Q81: =IF(Charts!$B$3="none",E1008,IF(K1008="",NA(),K1008)) -> 0 | R81: =IF(Charts!$B$3="none",F1008,IF(L1008="",NA(),L1008)) -> 0 | S81: =IF(Charts!$B$3="none",G1008,IF(M1008="",NA(),M1008)) -> 0 | T81: =IF(Charts!$B$3="none",H1008,IF(N1008="",NA(),N1008)) -> 0
D82: 78 | E82: =IF(INDIRECT(ADDRESS($D82+2,E$2+1,,,"Instances"))="","",INDIRECT(ADDRESS($D82+2,E$2+1,,,"Instances"))) -> 0 | F82: =IFERROR(SMALL(E5:E188,ROW()-ROW($F$5)+1),"") -> 0 | H82: =IFERROR(SUM(F5:F82),"") -> 0 | J82: 78 | K82: {=_xlfn.SWITCH(Charts!$B$3,"average", AVERAGE(INDIRECT(ADDRESS(77+3,K$2+1,,,"Instances") & ":" & ADDRESS(77+3,K$2+1))),"median", MEDIAN(INDIRECT(ADDRESS(77+3,K$2+1,,,"Instances") & ":" & ADDRESS(77+3,K$2+1))),"min", MIN(INDIRECT(ADDRESS(77+3,K$2+1,,,"Instances") & ":" & ADDRESS(77+3,K$2+1))),"max", MAX(INDIRECT(ADDRESS(77+3,K$2+1,,,"Instances") & ":" & ADDRESS(77+3,K$2+1))),"diff", MAX(INDIRECT(ADDRESS(77+3,K$2+1,,,"Instances") & ":" & ADDRESS(77+3,K$2+1)))-MIN(INDIRECT(ADDRESS(77+3,K$2+1,,,"Instances") & ":" & ADDRESS(77+3,K$2+1))))} -> 0 | L82: =IFERROR(SMALL(K5:K188,ROW()-ROW($L$5)+1),"") -> 0 | N82: =IFERROR(SUM(L5:L82),"") -> 0 | Q82: =IF(Charts!$B$3="none",E1009,IF(K1009="",NA(),K1009)) -> 0 | R82: =IF(Charts!$B$3="none",F1009,IF(L1009="",NA(),L1009)) -> 0 | S82: =IF(Charts!$B$3="none",G1009,IF(M1009="",NA(),M1009)) -> 0 | T82: =IF(Charts!$B$3="none",H1009,IF(N1009="",NA(),N1009)) -> 0
D83: 79 | E83: =IF(INDIRECT(ADDRESS($D83+2,E$2+1,,,"Instances"))="","",INDIRECT(ADDRESS($D83+2,E$2+1,,,"Instances"))) -> 0 | F83: =IFERROR(SMALL(E5:E188,ROW()-ROW($F$5)+1),"") -> 0 | H83: =IFERROR(SUM(F5:F83),"") -> 0 | J83: 79 | K83: {=_xlfn.SWITCH(Charts!$B$3,"average", AVERAGE(INDIRECT(ADDRESS(78+3,K$2+1,,,"Instances") & ":" & ADDRESS(78+3,K$2+1))),"median", MEDIAN(INDIRECT(ADDRESS(78+3,K$2+1,,,"Instances") & ":" & ADDRESS(78+3,K$2+1))),"min", MIN(INDIRECT(ADDRESS(78+3,K$2+1,,,"Instances") & ":" & ADDRESS(78+3,K$2+1))),"max", MAX(INDIRECT(ADDRESS(78+3,K$2+1,,,"Instances") & ":" & ADDRESS(78+3,K$2+1))),"diff", MAX(INDIRECT(ADDRESS(78+3,K$2+1,,,"Instances") & ":" & ADDRESS(78+3,K$2+1)))-MIN(INDIRECT(ADDRESS(78+3,K$2+1,,,"Instances") & ":" & ADDRESS(78+3,K$2+1))))} -> 0 | L83: =IFERROR(SMALL(K5:K188,ROW()-ROW($L$5)+1),"") -> 0 | N83: =IFERROR(SUM(L5:L83),"") -> 0 | Q83: =IF(Charts!$B$3="none",E1010,IF(K1010="",NA(),K1010)) -> 0 | R83: =IF(Charts!$B$3="none",F1010,IF(L1010="",NA(),L1010)) -> 0 | S83: =IF(Charts!$B$3="none",G1010,IF(M1010="",NA(),M1010)) -> 0 | T83: =IF(Charts!$B$3="none",H1010,IF(N1010="",NA(),N1010)) -> 0
D84: 80 | E84: =IF(INDIRECT(ADDRESS($D84+2,E$2+1,,,"Instances"))="","",INDIRECT(ADDRESS($D84+2,E$2+1,,,"Instances"))) -> 0 | F84: =IFERROR(SMALL(E5:E188,ROW()-ROW($F$5)+1),"") -> 0 | H84: =IFERROR(SUM(F5:F84),"") -> 0 | J84: 80 | K84: {=_xlfn.SWITCH(Charts!$B$3,"average", AVERAGE(INDIRECT(ADDRESS(79+3,K$2+1,,,"Instances") & ":" & ADDRESS(79+3,K$2+1))),"median", MEDIAN(INDIRECT(ADDRESS(79+3,K$2+1,,,"Instances") & ":" & ADDRESS(79+3,K$2+1))),"min", MIN(INDIRECT(ADDRESS(79+3,K$2+1,,,"Instances") & ":" & ADDRESS(79+3,K$2+1))),"max", MAX(INDIRECT(ADDRESS(79+3,K$2+1,,,"Instances") & ":" & ADDRESS(79+3,K$2+1))),"diff", MAX(INDIRECT(ADDRESS(79+3,K$2+1,,,"Instances") & ":" & ADDRESS(79+3,K$2+1)))-MIN(INDIRECT(ADDRESS(79+3,K$2+1,,,"Instances") & ":" & ADDRESS(79+3,K$2+1))))} -> 0 | L84: =IFERROR(SMALL(K5:K188,ROW()-ROW($L$5)+1),"") -> 0 | N84: =IFERROR(SUM(L5:L84),"") -> 0 | Q84: =IF(Charts!$B$3="none",E1011,IF(K1011="",NA(),K1011)) -> 0 | R84: =IF(Charts!$B$3="none",F1011,IF(L1011="",NA(),L1011)) -> 0 | S84: =IF(Charts!$B$3="none",G1011,IF(M1011="",NA(),M1011)) -> 0 | T84: =IF(Charts!$B$3="none",H1011,IF(N1011="",NA(),N1011)) -> 0
D85: 81 | E85: =IF(INDIRECT(ADDRESS($D85+2,E$2+1,,,"Instances"))="","",INDIRECT(ADDRESS($D85+2,E$2+1,,,"Instances"))) -> 0 | F85: =IFERROR(SMALL(E5:E188,ROW()-ROW($F$5)+1),"") -> 0 | H85: =IFERROR(SUM(F5:F85),"") -> 0 | J85: 81 | K85: {=_xlfn.SWITCH(Charts!$B$3,"average", AVERAGE(INDIRECT(ADDRESS(80+3,K$2+1,,,"Instances") & ":" & ADDRESS(80+3,K$2+1))),"median", MEDIAN(INDIRECT(ADDRESS(80+3,K$2+1,,,"Instances") & ":" & ADDRESS(80+3,K$2+1))),"min", MIN(INDIRECT(ADDRESS(80+3,K$2+1,,,"Instances") & ":" & ADDRESS(80+3,K$2+1))),"max", MAX(INDIRECT(ADDRESS(80+3,K$2+1,,,"Instances") & ":" & ADDRESS(80+3,K$2+1))),"diff", MAX(INDIRECT(ADDRESS(80+3,K$2+1,,,"Instances") & ":" & ADDRESS(80+3,K$2+1)))-MIN(INDIRECT(ADDRESS(80+3,K$2+1,,,"Instances") & ":" & ADDRESS(80+3,K$2+1))))} -> 0 | L85: =IFERROR(SMALL(K5:K188,ROW()-ROW($L$5)+1),"") -> 0 | N85: =IFERROR(SUM(L5:L85),"") -> 0 | Q85: =IF(Charts!$B$3="none",E1012,IF(K1012="",NA(),K1012)) -> 0 | R85: =IF(Charts!$B$3="none",F1012,IF(L1012="",NA(),L1012)) -> 0 | S85: =IF(Charts!$B$3="none",G1012,IF(M1012="",NA(),M1012)) -> 0 | T85: =IF(Charts!$B$3="none",H1012,IF(N1012="",NA(),N1012)) -> 0
D86: 82 | E86: =IF(INDIRECT(ADDRESS($D86+2,E$2+1,,,"Instances"))="","",INDIRECT(ADDRESS($D86+2,E$2+1,,,"Instances"))) -> 0 | F86: =IFERROR(SMALL(E5:E188,ROW()-ROW($F$5)+1),"") -> 0 | H86: =IFERROR(SUM(F5:F86),"") -> 0 | J86: 82 | K86: {=_xlfn.SWITCH(Charts!$B$3,"average", AVERAGE(INDIRECT(ADDRESS(81+3,K$2+1,,,"Instances") & ":" & ADDRESS(81+3,K$2+1))),"median", MEDIAN(INDIRECT(ADDRESS(81+3,K$2+1,,,"Instances") & ":" & ADDRESS(81+3,K$2+1))),"min", MIN(INDIRECT(ADDRESS(81+3,K$2+1,,,"Instances") & ":" & ADDRESS(81+3,K$2+1))),"max", MAX(INDIRECT(ADDRESS(81+3,K$2+1,,,"Instances") & ":" & ADDRESS(81+3,K$2+1))),"diff", MAX(INDIRECT(ADDRESS(81+3,K$2+1,,,"Instances") & ":" & ADDRESS(81+3,K$2+1)))-MIN(INDIRECT(ADDRESS(81+3,K$2+1,,,"Instances") & ":" & ADDRESS(81+3,K$2+1))))} -> 0 | L86: =IFERROR(SMALL(K5:K188,ROW()-ROW($L$5)+1),"") -> 0 | N86: =IFERROR(SUM(L5:L86),"") -> 0 | Q86: =IF(Charts!$B$3="none",E1013,IF(K1013="",NA(),K1013)) -> 0 | R86: =IF(Charts!$B$3="none",F1013,IF(L1013="",NA(),L1013)) -> 0 | S86: =IF(Charts!$B$3="none",G1013,IF(M1013="",NA(),M1013)) -> 0 | T86: =IF(Charts!$B$3="none",H1013,IF(N1013="",NA(),N1013)) -> 0
D87: 83 | E87: =IF(INDIRECT(ADDRESS($D87+2,E$2+1,,,"Instances"))="","",INDIRECT(ADDRESS($D87+2,E$2+1,,,"Instances"))) -> 0 | F87: =IFERROR(SMALL(E5:E188,ROW()-ROW($F$5)+1),"") -> 0 | H87: =IFERROR(SUM(F5:F87),"") -> 0 | J87: 83 | K87: {=_xlfn.SWITCH(Charts!$B$3,"average", AVERAGE(INDIRECT(ADDRESS(82+3,K$2+1,,,"Instances") & ":" & ADDRESS(82+3,K$2+1))),"median", MEDIAN(INDIRECT(ADDRESS(82+3,K$2+1,,,"Instances") & ":" & ADDRESS(82+3,K$2+1))),"min", MIN(INDIRECT(ADDRESS(82+3,K$2+1,,,"Instances") & ":" & ADDRESS(82+3,K$2+1))),"max", MAX(INDIRECT(ADDRESS(82+3,K$2+1,,,"Instances") & ":" & ADDRESS(82+3,K$2+1))),"diff", MAX(INDIRECT(ADDRESS(82+3,K$2+1,,,"Instances") & ":" & ADDRESS(82+3,K$2+1)))-MIN(INDIRECT(ADDRESS(82+3,K$2+1,,,"Instances") & ":" & ADDRESS(82+3,K$2+1))))} -> 0 | L87: =IFERROR(SMALL(K5:K188,ROW()-ROW($L$5)+1),"") -> 0 | N87: =IFERROR(SUM(L5:L87),"") -> 0 | Q87: =IF(Charts!$B$3="none",E1014,IF(K1014="",NA(),K1014)) -> 0 | R87: =IF(Charts!$B$3="none",F1014,IF(L1014="",NA(),L1014)) -> 0 | S87: =IF(Charts!$B$3="none",G1014,IF(M1014="",NA(),M1014)) -> 0 | T87: =IF(Charts!$B$3="none",H1014,IF(N1014="",NA(),N1014)) -> 0
D88: 84 | E88: =IF(INDIRECT(ADDRESS($D88+2,E$2+1,,,"Instances"))="","",INDIRECT(ADDRESS($D88+2,E$2+1,,,"Instances"))) -> 0 | F88: =IFERROR(SMALL(E5:E188,ROW()-ROW($F$5)+1),"") -> 0 | H88: =IFERROR(SUM(F5:F88),"") -> 0 | J88: 84 | K88: {=_xlfn.SWITCH(Charts!$B$3,"average", AVERAGE(INDIRECT(ADDRESS(83+3,K$2+1,,,"Instances") & ":" & ADDRESS(83+3,K$2+1))),"median", MEDIAN(INDIRECT(ADDRESS(83+3,K$2+1,,,"Instances") & ":" & ADDRESS(83+3,K$2+1))),"min", MIN(INDIRECT(ADDRESS(83+3,K$2+1,,,"Instances") & ":" & ADDRESS(83+3,K$2+1))),"max", MAX(INDIRECT(ADDRESS(83+3,K$2+1,,,"Instances") & ":" & ADDRESS(83+3,K$2+1))),"diff", MAX(INDIRECT(ADDRESS(83+3,K$2+1,,,"Instances") & ":" & ADDRESS(83+3,K$2+1)))-MIN(INDIRECT(ADDRESS(83+3,K$2+1,,,"Instances") & ":" & ADDRESS(83+3,K$2+1))))} -> 0 | L88: =IFERROR(SMALL(K5:K188,ROW()-ROW($L$5)+1),"") -> 0 | N88: =IFERROR(SUM(L5:L88),"") -> 0 | Q88: =IF(Charts!$B$3="none",E1015,IF(K1015="",NA(),K1015)) -> 0 | R88: =IF(Charts!$B$3="none",F1015,IF(L1015="",NA(),L1015)) -> 0 | S88: =IF(Charts!$B$3="none",G1015,IF(M1015="",NA(),M1015)) -> 0 | T88: =IF(Charts!$B$3="none",H1015,IF(N1015="",NA(),N1015)) -> 0
D89: 85 | E89: =IF(INDIRECT(ADDRESS($D89+2,E$2+1,,,"Instances"))="","",INDIRECT(ADDRESS($D89+2,E$2+1,,,"Instances"))) -> 0 | F89: =IFERROR(SMALL(E5:E188,ROW()-ROW($F$5)+1),"") -> 0 | H89: =IFERROR(SUM(F5:F89),"") -> 0 | J89: 85 | K89: {=_xlfn.SWITCH(Charts!$B$3,"average", AVERAGE(INDIRECT(ADDRESS(84+3,K$2+1,,,"Instances") & ":" & ADDRESS(84+3,K$2+1))),"median", MEDIAN(INDIRECT(ADDRESS(84+3,K$2+1,,,"Instances") & ":" & ADDRESS(84+3,K$2+1))),"min", MIN(INDIRECT(ADDRESS(84+3,K$2+1,,,"Instances") & ":" & ADDRESS(84+3,K$2+1))),"max", MAX(INDIRECT(ADDRESS(84+3,K$2+1,,,"Instances") & ":" & ADDRESS(84+3,K$2+1))),"diff", MAX(INDIRECT(ADDRESS(84+3,K$2+1,,,"Instances") & ":" & ADDRESS(84+3,K$2+1)))-MIN(INDIRECT(ADDRESS(84+3,K$2+1,,,"Instances") & ":" & ADDRESS(84+3,K$2+1))))} -> 0 | L89: =IFERROR(SMALL(K5:K188,ROW()-ROW($L$5)+1),"") -> 0 | N89: =IFERROR(SUM(L5:L89),"") -> 0 | Q89: =IF(Charts!$B$3="none",E1016,IF(K1016="",NA(),K1016)) -> 0 | R89: =IF(Charts!$B$3="none",F1016,IF(L1016="",NA(),L1016)) -> 0 | S89: =IF(Charts!$B$3="none",G1016,IF(M1016="",NA(),M1016)) -> 0 | T89: =IF(Charts!$B$3="none",H1016,IF(N1016="",NA(),N1016)) -> 0
D90: 86 | E90: =IF(INDIRECT(ADDRESS($D90+2,E$2+1,,,"Instances"))="","",INDIRECT(ADDRESS($D90+2,E$2+1,,,"Instances"))) -> 0 | F90: =IFERROR(SMALL(E5:E188,ROW()-ROW($F$5)+1),"") -> 0 | H90: =IFERROR(SUM(F5:F90),"") -> 0 | J90: 86 | K90: {=_xlfn.SWITCH(Charts!$B$3,"average", AVERAGE(INDIRECT(ADDRESS(85+3,K$2+1,,,"Instances") & ":" & ADDRESS(85+3,K$2+1))),"median", MEDIAN(INDIRECT(ADDRESS(85+3,K$2+1,,,"Instances") & ":" & ADDRESS(85+3,K$2+1))),"min", MIN(INDIRECT(ADDRESS(85+3,K$2+1,,,"Instances") & ":" & ADDRESS(85+3,K$2+1))),"max", MAX(INDIRECT(ADDRESS(85+3,K$2+1,,,"Instances") & ":" & ADDRESS(85+3,K$2+1))),"diff", MAX(INDIRECT(ADDRESS(85+3,K$2+1,,,"Instances") & ":" & ADDRESS(85+3,K$2+1)))-MIN(INDIRECT(ADDRESS(85+3,K$2+1,,,"Instances") & ":" & ADDRESS(85+3,K$2+1))))} -> 0 | L90: =IFERROR(SMALL(K5:K188,ROW()-ROW($L$5)+1),"") -> 0 | N90: =IFERROR(SUM(L5:L90),"") -> 0 | Q90: =IF(Charts!$B$3="none",E1017,IF(K1017="",NA(),K1017)) -> 0 | R90: =IF(Charts!$B$3="none",F1017,IF(L1017="",NA(),L1017)) -> 0 | S90: =IF(Charts!$B$3="none",G1017,IF(M1017="",NA(),M1017)) -> 0 | T90: =IF(Charts!$B$3="none",H1017,IF(N1017="",NA(),N1017)) -> 0
D91: 87 | E91: =IF(INDIRECT(ADDRESS($D91+2,E$2+1,,,"Instances"))="","",INDIRECT(ADDRESS($D91+2,E$2+1,,,"Instances"))) -> 0 | F91: =IFERROR(SMALL(E5:E188,ROW()-ROW($F$5)+1),"") -> 0 | H91: =IFERROR(SUM(F5:F91),"") -> 0 | J91: 87 | K91: {=_xlfn.SWITCH(Charts!$B$3,"average", AVERAGE(INDIRECT(ADDRESS(86+3,K$2+1,,,"Instances") & ":" & ADDRESS(86+3,K$2+1))),"median", MEDIAN(INDIRECT(ADDRESS(86+3,K$2+1,,,"Instances") & ":" & ADDRESS(86+3,K$2+1))),"min", MIN(INDIRECT(ADDRESS(86+3,K$2+1,,,"Instances") & ":" & ADDRESS(86+3,K$2+1))),"max", MAX(INDIRECT(ADDRESS(86+3,K$2+1,,,"Instances") & ":" & ADDRESS(86+3,K$2+1))),"diff", MAX(INDIRECT(ADDRESS(86+3,K$2+1,,,"Instances") & ":" & ADDRESS(86+3,K$2+1)))-MIN(INDIRECT(ADDRESS(86+3,K$2+1,,,"Instances") & ":" & ADDRESS(86+3,K$2+1))))} -> 0 | L91: =IFERROR(SMALL(K5:K188,ROW()-ROW($L$5)+1),"") -> 0 | N91: =IFERROR(SUM(L5:L91),"") -> 0 | Q91: =IF(Charts!$B$3="none",E1018,IF(K1018="",NA(),K1018)) -> 0 | R91: =IF(Charts!$B$3="none",F1018,IF(L1018="",NA(),L1018)) -> 0 | S91: =IF(Charts!$B$3="none",G1018,IF(M1018="",NA(),M1018)) -> 0 | T91: =IF(Charts!$B$3="none",H1018,IF(N1018="",NA(),N1018)) -> 0
D92: 88 | E92: =IF(INDIRECT(ADDRESS($D92+2,E$2+1,,,"Instances"))="","",INDIRECT(ADDRESS($D92+2,E$2+1,,,"Instances"))) -> 0 | F92: =IFERROR(SMALL(E5:E188,ROW()-ROW($F$5)+1),"") -> 0 | H92: =IFERROR(SUM(F5:F92),"") -> 0 | J92: 88 | K92: {=_xlfn.SWITCH(Charts!$B$3,"average", AVERAGE(INDIRECT(ADDRESS(87+3,K$2+1,,,"Instances") & ":" & ADDRESS(87+3,K$2+1))),"median", MEDIAN(INDIRECT(ADDRESS(87+3,K$2+1,,,"Instances") & ":" & ADDRESS(87+3,K$2+1))),"min", MIN(INDIRECT(ADDRESS(87+3,K$2+1,,,"Instances") & ":" & ADDRESS(87+3,K$2+1))),"max", MAX(INDIRECT(ADDRESS(87+3,K$2+1,,,"Instances") & ":" & ADDRESS(87+3,K$2+1))),"diff", MAX(INDIRECT(ADDRESS(87+3,K$2+1,,,"Instances") & ":" & ADDRESS(87+3,K$2+1)))-MIN(INDIRECT(ADDRESS(87+3,K$2+1,,,"Instances") & ":" & ADDRESS(87+3,K$2+1))))} -> 0 | L92: =IFERROR(SMALL(K5:K188,ROW()-ROW($L$5)+1),"") -> 0 | N92: =IFERROR(SUM(L5:L92),"") -> 0 | Q92: =IF(Charts!$B$3="none",E1019,IF(K1019="",NA(),K1019)) -> 0 | R92: =IF(Charts!$B$3="none",F1019,IF(L1019="",NA(),L1019)) -> 0 | S92: =IF(Charts!$B$3="none",G1019,IF(M1019="",NA(),M1019)) -> 0 | T92: =IF(Charts!$B$3="none",H1019,IF(N1019="",NA(),N1019)) -> 0
D93: 89 | E93: =IF(INDIRECT(ADDRESS($D93+2,E$2+1,,,"Instances"))="","",INDIRECT(ADDRESS($D93+2,E$2+1,,,"Instances"))) -> 0 | F93: =IFERROR(SMALL(E5:E188,ROW()-ROW($F$5)+1),"") -> 0 | H93: =IFERROR(SUM(F5:F93),"") -> 0 | J93: 89 | K93: {=_xlfn.SWITCH(Charts!$B$3,"average", AVERAGE(INDIRECT(ADDRESS(88+3,K$2+1,,,"Instances") & ":" & ADDRESS(88+3,K$2+1))),"median", MEDIAN(INDIRECT(ADDRESS(88+3,K$2+1,,,"Instances") & ":" & ADDRESS(88+3,K$2+1))),"min", MIN(INDIRECT(ADDRESS(88+3,K$2+1,,,"Instances") & ":" & ADDRESS(88+3,K$2+1))),"max", MAX(INDIRECT(ADDRESS(88+3,K$2+1,,,"Instances") & ":" & ADDRESS(88+3,K$2+1))),"diff", MAX(INDIRECT(ADDRESS(88+3,K$2+1,,,"Instances") & ":" & ADDRESS(88+3,K$2+1)))-MIN(INDIRECT(ADDRESS(88+3,K$2+1,,,"Instances") & ":" & ADDRESS(88+3,K$2+1))))} -> 0 | L93: =IFERROR(SMALL(K5:K188,ROW()-ROW($L$5)+1),"") -> 0 | N93: =IFERROR(SUM(L5:L93),"") -> 0 | Q93: =IF(Charts!$B$3="none",E1020,IF(K1020="",NA(),K1020)) -> 0 | R93: =IF(Charts!$B$3="none",F1020,IF(L1020="",NA(),L1020)) -> 0 | S93: =IF(Charts!$B$3="none",G1020,IF(M1020="",NA(),M1020)) -> 0 | T93: =IF(Charts!$B$3="none",H1020,IF(N1020="",NA(),N1020)) -> 0
D94: 90 | E94: =IF(INDIRECT(ADDRESS($D94+2,E$2+1,,,"Instances"))="","",INDIRECT(ADDRESS($D94+2,E$2+1,,,"Instances"))) -> 0 | F94: =IFERROR(SMALL(E5:E188,ROW()-ROW($F$5)+1),"") -> 0 | H94: =IFERROR(SUM(F5:F94),"") -> 0 | J94: 90 | K94: {=_xlfn.SWITCH(Charts!$B$3,"average", AVERAGE(INDIRECT(ADDRESS(89+3,K$2+1,,,"Instances") & ":" & ADDRESS(89+3,K$2+1))),"median", MEDIAN(INDIRECT(ADDRESS(89+3,K$2+1,,,"Instances") & ":" & ADDRESS(89+3,K$2+1))),"min", MIN(INDIRECT(ADDRESS(89+3,K$2+1,,,"Instances") & ":" & ADDRESS(89+3,K$2+1))),"max", MAX(INDIRECT(ADDRESS(89+3,K$2+1,,,"Instances") & ":" & ADDRESS(89+3,K$2+1))),"diff", MAX(INDIRECT(ADDRESS(89+3,K$2+1,,,"Instances") & ":" & ADDRESS(89+3,K$2+1)))-MIN(INDIRECT(ADDRESS(89+3,K$2+1,,,"Instances") & ":" & ADDRESS(89+3,K$2+1))))} -> 0 | L94: =IFERROR(SMALL(K5:K188,ROW()-ROW($L$5)+1),"") -> 0 | N94: =IFERROR(SUM(L5:L94),"") -> 0 | Q94: =IF(Charts!$B$3="none",E1021,IF(K1021="",NA(),K1021)) -> 0 | R94: =IF(Charts!$B$3="none",F1021,IF(L1021="",NA(),L1021)) -> 0 | S94: =IF(Charts!$B$3="none",G1021,IF(M1021="",NA(),M1021)) -> 0 | T94: =IF(Charts!$B$3="none",H1021,IF(N1021="",NA(),N1021)) -> 0
D95: 91 | E95: =IF(INDIRECT(ADDRESS($D95+2,E$2+1,,,"Instances"))="","",INDIRECT(ADDRESS($D95+2,E$2+1,,,"Instances"))) -> 0 | F95: =IFERROR(SMALL(E5:E188,ROW()-ROW($F$5)+1),"") -> 0 | H95: =IFERROR(SUM(F5:F95),"") -> 0 | J95: 91 | K95: {=_xlfn.SWITCH(Charts!$B$3,"average", AVERAGE(INDIRECT(ADDRESS(90+3,K$2+1,,,"Instances") & ":" & ADDRESS(90+3,K$2+1))),"median", MEDIAN(INDIRECT(ADDRESS(90+3,K$2+1,,,"Instances") & ":" & ADDRESS(90+3,K$2+1))),"min", MIN(INDIRECT(ADDRESS(90+3,K$2+1,,,"Instances") & ":" & ADDRESS(90+3,K$2+1))),"max", MAX(INDIRECT(ADDRESS(90+3,K$2+1,,,"Instances") & ":" & ADDRESS(90+3,K$2+1))),"diff", MAX(INDIRECT(ADDRESS(90+3,K$2+1,,,"Instances") & ":" & ADDRESS(90+3,K$2+1)))-MIN(INDIRECT(ADDRESS(90+3,K$2+1,,,"Instances") & ":" & ADDRESS(90+3,K$2+1))))} -> 0 | L95: =IFERROR(SMALL(K5:K188,ROW()-ROW($L$5)+1),"") -> 0 | N95: =IFERROR(SUM(L5:L95),"") -> 0 | Q95: =IF(Charts!$B$3="none",E1022,IF(K1022="",NA(),K1022)) -> 0 | R95: =IF(Charts!$B$3="none",F1022,IF(L1022="",NA(),L1022)) -> 0 | S95: =IF(Charts!$B$3="none",G1022,IF(M1022="",NA(),M1022)) -> 0 | T95: =IF(Charts!$B$3="none",H1022,IF(N1022="",NA(),N1022)) -> 0
D96: 92 | E96: =IF(INDIRECT(ADDRESS($D96+2,E$2+1,,,"Instances"))="","",INDIRECT(ADDRESS($D96+2,E$2+1,,,"Instances"))) -> 0 | F96: =IFERROR(SMALL(E5:E188,ROW()-ROW($F$5)+1),"") -> 0 | H96: =IFERROR(SUM(F5:F96),"") -> 0 | J96: 92 | K96: {=_xlfn.SWITCH(Charts!$B$3,"average", AVERAGE(INDIRECT(ADDRESS(91+3,K$2+1,,,"Instances") & ":" & ADDRESS(91+3,K$2+1))),"median", MEDIAN(INDIRECT(ADDRESS(91+3,K$2+1,,,"Instances") & ":" & ADDRESS(91+3,K$2+1))),"min", MIN(INDIRECT(ADDRESS(91+3,K$2+1,,,"Instances") & ":" & ADDRESS(91+3,K$2+1))),"max", MAX(INDIRECT(ADDRESS(91+3,K$2+1,,,"Instances") & ":" & ADDRESS(91+3,K$2+1))),"diff", MAX(INDIRECT(ADDRESS(91+3,K$2+1,,,"Instances") & ":" & ADDRESS(91+3,K$2+1)))-MIN(INDIRECT(ADDRESS(91+3,K$2+1,,,"Instances") & ":" & ADDRESS(91+3,K$2+1))))} -> 0 | L96: =IFERROR(SMALL(K5:K188,ROW()-ROW($L$5)+1),"") -> 0 | N96: =IFERROR(SUM(L5:L96),"") -> 0 | Q96: =IF(Charts!$B$3="none",E1023,IF(K1023="",NA(),K1023)) -> 0 | R96: =IF(Charts!$B$3="none",F1023,IF(L1023="",NA(),L1023)) -> 0 | S96: =IF(Charts!$B$3="none",G1023,IF(M1023="",NA(),M1023)) -> 0 | T96: =IF(Charts!$B$3="none",H1023,IF(N1023="",NA(),N1023)) -> 0
D97: 93 | E97: =IF(INDIRECT(ADDRESS($D97+2,E$2+1,,,"Instances"))="","",INDIRECT(ADDRESS($D97+2,E$2+1,,,"Instances"))) -> 0 | F97: =IFERROR(SMALL(E5:E188,ROW()-ROW($F$5)+1),"") -> 0 | H97: =IFERROR(SUM(F5:F97),"") -> 0 | J97: 93 | K97: {=_xlfn.SWITCH(Charts!$B$3,"average", AVERAGE(INDIRECT(ADDRESS(92+3,K$2+1,,,"Instances") & ":" & ADDRESS(92+3,K$2+1))),"median", MEDIAN(INDIRECT(ADDRESS(92+3,K$2+1,,,"Instances") & ":" & ADDRESS(92+3,K$2+1))),"min", MIN(INDIRECT(ADDRESS(92+3,K$2+1,,,"Instances") & ":" & ADDRESS(92+3,K$2+1))),"max", MAX(INDIRECT(ADDRESS(92+3,K$2+1,,,"Instances") & ":" & ADDRESS(92+3,K$2+1))),"diff", MAX(INDIRECT(ADDRESS(92+3,K$2+1,,,"Instances") & ":" & ADDRESS(92+3,K$2+1)))-MIN(INDIRECT(ADDRESS(92+3,K$2+1,,,"Instances") & ":" & ADDRESS(92+3,K$2+1))))} -> 0 | L97: =IFERROR(SMALL(K5:K188,ROW()-ROW($L$5)+1),"") -> 0 | N97: =IFERROR(SUM(L5:L97),"") -> 0 | Q97: =IF(Charts!$B$3="none",E1024,IF(K1024="",NA(),K1024)) -> 0 | R97: =IF(Charts!$B$3="none",F1024,IF(L1024="",NA(),L1024)) -> 0 | S97: =IF(Charts!$B$3="none",G1024,IF(M1024="",NA(),M1024)) -> 0 | T97: =IF(Charts!$B$3="none",H1024,IF(N1024="",NA(),N1024)) -> 0
D98: 94 | E98: =IF(INDIRECT(ADDRESS($D98+2,E$2+1,,,"Instances"))="","",INDIRECT(ADDRESS($D98+2,E$2+1,,,"Instances"))) -> 0 | F98: =IFERROR(SMALL(E5:E188,ROW()-ROW($F$5)+1),"") -> 0 | H98: =IFERROR(SUM(F5:F98),"") -> 0 | J98: 94 | K98: {=_xlfn.SWITCH(Charts!$B$3,"average", AVERAGE(INDIRECT(ADDRESS(93+3,K$2+1,,,"Instances") & ":" & ADDRESS(93+3,K$2+1))),"median", MEDIAN(INDIRECT(ADDRESS(93+3,K$2+1,,,"Instances") & ":" & ADDRESS(93+3,K$2+1))),"min", MIN(INDIRECT(ADDRESS(93+3,K$2+1,,,"Instances") & ":" & ADDRESS(93+3,K$2+1))),"max", MAX(INDIRECT(ADDRESS(93+3,K$2+1,,,"Instances") & ":" & ADDRESS(93+3,K$2+1))),"diff", MAX(INDIRECT(ADDRESS(93+3,K$2+1,,,"Instances") & ":" & ADDRESS(93+3,K$2+1)))-MIN(INDIRECT(ADDRESS(93+3,K$2+1,,,"Instances") & ":" & ADDRESS(93+3,K$2+1))))} -> 0 | L98: =IFERROR(SMALL(K5:K188,ROW()-ROW($L$5)+1),"") -> 0 | N98: =IFERROR(SUM(L5:L98),"") -> 0 | Q98: =IF(Charts!$B$3="none",E1025,IF(K1025="",NA(),K1025)) -> 0 | R98: =IF(Charts!$B$3="none",F1025,IF(L1025="",NA(),L1025)) -> 0 | S98: =IF(Charts!$B$3="none",G1025,IF(M1025="",NA(),M1025)) -> 0 | T98: =IF(Charts!$B$3="none",H1025,IF(N1025="",NA(),N1025)) -> 0
D99: 95 | E99: =IF(INDIRECT(ADDRESS($D99+2,E$2+1,,,"Instances"))="","",INDIRECT(ADDRESS($D99+2,E$2+1,,,"Instances"))) -> 0 | F99: =IFERROR(SMALL(E5:E188,ROW()-ROW($F$5)+1),"") -> 0 | H99: =IFERROR(SUM(F5:F99),"") -> 0 | J99: 95 | K99: {=_xlfn.SWITCH(Charts!$B$3,"average", AVERAGE(INDIRECT(ADDRESS(94+3,K$2+1,,,"Instances") & ":" & ADDRESS(94+3,K$2+1))),"median", MEDIAN(INDIRECT(ADDRESS(94+3,K$2+1,,,"Instances") & ":" & ADDRESS(94+3,K$2+1))),"min", MIN(INDIRECT(ADDRESS(94+3,K$2+1,,,"Instances") & ":" & ADDRESS(94+3,K$2+1))),"max", MAX(INDIRECT(ADDRESS(94+3,K$2+1,,,"Instances") & ":" & ADDRESS(94+3,K$2+1))),"diff", MAX(INDIRECT(ADDRESS(94+3,K$2+1,,,"Instances") & ":" & ADDRESS(94+3,K$2+1)))-MIN(INDIRECT(ADDRESS(94+3,K$2+1,,,"Instances") & ":" & ADDRESS(94+3,K$2+1))))} -> 0 | L99: =IFERROR(SMALL(K5:K188,ROW()-ROW($L$5)+1),"") -> 0 | N99: =IFERROR(SUM(L5:L99),"") -> 0 | Q99: =IF(Charts!$B$3="none",E1026,IF(K1026="",NA(),K1026)) -> 0 | R99: =IF(Charts!$B$3="none",F1026,IF(L1026="",NA(),L1026)) -> 0 | S99: =IF(Charts!$B$3="none",G1026,IF(M1026="",NA(),M1026)) -> 0 | T99: =IF(Charts!$B$3="none",H1026,IF(N1026="",NA(),N1026)) -> 0
D100: 96 | E100: =IF(INDIRECT(ADDRESS($D100+2,E$2+1,,,"Instances"))="","",INDIRECT(ADDRESS($D100+2,E$2+1,,,"Instances"))) -> 0 | F100: =IFERROR(SMALL(E5:E188,ROW()-ROW($F$5)+1),"") -> 0 | H100: =IFERROR(SUM(F5:F100),"") -> 0 | J100: 96 | K100: {=_xlfn.SWITCH(Charts!$B$3,"average", AVERAGE(INDIRECT(ADDRESS(95+3,K$2+1,,,"Instances") & ":" & ADDRESS(95+3,K$2+1))),"median", MEDIAN(INDIRECT(ADDRESS(95+3,K$2+1,,,"Instances") & ":" & ADDRESS(95+3,K$2+1))),"min", MIN(INDIRECT(ADDRESS(95+3,K$2+1,,,"Instances") & ":" & ADDRESS(95+3,K$2+1))),"max", MAX(INDIRECT(ADDRESS(95+3,K$2+1,,,"Instances") & ":" & ADDRESS(95+3,K$2+1))),"diff", MAX(INDIRECT(ADDRESS(95+3,K$2+1,,,"Instances") & ":" & ADDRESS(95+3,K$2+1)))-MIN(INDIRECT(ADDRESS(95+3,K$2+1,,,"Instances") & ":" & ADDRESS(95+3,K$2+1))))} -> 0 | L100: =IFERROR(SMALL(K5:K188,ROW()-ROW($L$5)+1),"") -> 0 | N100: =IFERROR(SUM(L5:L100),"") -> 0 | Q100: =IF(Charts!$B$3="none",E1027,IF(K1027="",NA(),K1027)) -> 0 | R100: =IF(Charts!$B$3="none",F1027,IF(L1027="",NA(),L1027)) -> 0 | S100: =IF(Charts!$B$3="none",G1027,IF(M1027="",NA(),M1027)) -> 0 | T100: =IF(Charts!$B$3="none",H1027,IF(N1027="",NA(),N1027)) -> 0
D101: 97 | E101: =IF(INDIRECT(ADDRESS($D101+2,E$2+1,,,"Instances"))="","",INDIRECT(ADDRESS($D101+2,E$2+1,,,"Instances"))) -> 0 | F101: =IFERROR(SMALL(E5:E188,ROW()-ROW($F$5)+1),"") -> 0 | H101: =IFERROR(SUM(F5:F101),"") -> 0 | J101: 97 | K101: {=_xlfn.SWITCH(Charts!$B$3,"average", AVERAGE(INDIRECT(ADDRESS(96+3,K$2+1,,,"Instances") & ":" & ADDRESS(96+3,K$2+1))),"median", MEDIAN(INDIRECT(ADDRESS(96+3,K$2+1,,,"Instances") & ":" & ADDRESS(96+3,K$2+1))),"min", MIN(INDIRECT(ADDRESS(96+3,K$2+1,,,"Instances") & ":" & ADDRESS(96+3,K$2+1))),"max", MAX(INDIRECT(ADDRESS(96+3,K$2+1,,,"Instances") & ":" & ADDRESS(96+3,K$2+1))),"diff", MAX(INDIRECT(ADDRESS(96+3,K$2+1,,,"Instances") & ":" & ADDRESS(96+3,K$2+1)))-MIN(INDIRECT(ADDRESS(96+3,K$2+1,,,"Instances") & ":" & ADDRESS(96+3,K$2+1))))} -> 0 | L101: =IFERROR(SMALL(K5:K188,ROW()-ROW($L$5)+1),"") -> 0 | N101: =IFERROR(SUM(L5:L101),"") -> 0 | Q101: =IF(Charts!$B$3="none",E1028,IF(K1028="",NA(),K1028)) -> 0 | R101: =IF(Charts!$B$3="none",F1028,IF(L1028="",NA(),L1028)) -> 0 | S101: =IF(Charts!$B$3="none",G1028,IF(M1028="",NA(),M1028)) -> 0 | T101: =IF(Charts!$B$3="none",H1028,IF(N1028="",NA(),N1028)) -> 0
...

Sheet Charts
B2: Select merge criteria: | F2: Select measure:
B3: none | F3: error
