Workbook

Sheet Instances
B1: clingo-5.8.0/one-as | N1: min | X1: median | AH1: max
B2: choices | C2: conflicts | D2: error | E2: mem | F2: memout | G2: models | H2: par2 | I2: restarts | J2: rstatus | K2: status | L2: time | M2: timeout | N2: choices | O2: conflicts | P2: error | Q2: mem | R2: memout | S2: models | T2: par2 | U2: restarts | V2: time | W2: timeout | X2: choices | Y2: conflicts | Z2: error | AA2: mem | AB2: memout | AC2: models | AD2: par2 | AE2: restarts | AF2: time | AG2: timeout | AH2: choices | AI2: conflicts | AJ2: error | AK2: mem | AL2: memout | AM2: models | AN2: par2 | AO2: restarts | AP2: time | AQ2: timeout
A3: Test_00/Level_0-easy | B3: 0 | C3: 0 | D3: 0 | E3: 3038 | F3: 1 | G3: 0 | H3: 400 | I3: 0 | J3: out of memory | K3: UNKNOWN | L3: 200 | M3: 1 | N3: =MIN($B3) -> 0 | O3: =MIN($C3) -> 0 | P3: =MIN($D3) -> 0 | Q3: =MIN($E3) -> 0 | R3: =MIN($F3) -> 0 | S3: =MIN($G3) -> 0 | T3: =MIN($H3) -> 0 | U3: =MIN($I3) -> 0 | V3: =MIN($L3) -> 0 | W3: =MIN($M3) -> 0 | X3: =MEDIAN($B3) -> 0 | Y3: =MEDIAN($C3) -> 0 | Z3: =MEDIAN($D3) -> 0 | AA3: =MEDIAN($E3) -> 0 | AB3: =MEDIAN($F3) -> 0 | AC3: =MEDIAN($G3) -> 0 | AD3: =MEDIAN($H3) -> 0 | AE3: =MEDIAN($I3) -> 0 | AF3: =MEDIAN($L3) -> 0 | AG3: =MEDIAN($M3) -> 0 | AH3: =MAX($B3) -> 0 | AI3: =MAX($C3) -> 0 | AJ3: =MAX($D3) -> 0 | AK3: =MAX($E3) -> 0 | AL3: =MAX($F3) -> 0 | AM3: =MAX($G3) -> 0 | AN3: =MAX($H3) -> 0 | AO3: =MAX($I3) -> 0 | AP3: =MAX($L3) -> 0 | AQ3: =MAX($M3) -> 0
A5: SUM | B5: =SUM(B$3:B$3) -> 0 | C5: =SUM(C$3:C$3) -> 0 | D5: =SUM(D$3:D$3) -> 0 | E5: =SUM(E$3:E$3) -> 0 | F5: =SUM(F$3:F$3) -> 0 | G5: =SUM(G$3:G$3) -> 0 | H5: =SUM(H$3:H$3) -> 0 | I5: =SUM(I$3:I$3) -> 0 | L5: =SUM(L$3:L$3) -> 0 | M5: =SUM(M$3:M$3) -> 0 | N5: =SUM(N$3:N$3) -> 0 | O5: =SUM(O$3:O$3) -> 0 | P5: =SUM(P$3:P$3) -> 0 | Q5: =SUM(Q$3:Q$3) -> 0 | R5: =SUM(R$3:R$3) -> 0 | S5: =SUM(S$3:S$3) -> 0 | ... AQ5: =SUM(AQ$3:AQ$3) -> 0
A6: AVG | B6: =AVERAGE(B$3:B$3) -> 0 | C6: =AVERAGE(C$3:C$3) -> 0 | D6: =AVERAGE(D$3:D$3) -> 0 | E6: =AVERAGE(E$3:E$3) -> 0 | F6: =AVERAGE(F$3:F$3) -> 0 | G6: =AVERAGE(G$3:G$3) -> 0 | H6: =AVERAGE(H$3:H$3) -> 0 | I6: =AVERAGE(I$3:I$3) -> 0 | L6: =AVERAGE(L$3:L$3) -> 0 | M6: =AVERAGE(M$3:M$3) -> 0 | N6: =AVERAGE(N$3:N$3) -> 0 | O6: =AVERAGE(O$3:O$3) -> 0 | P6: =AVERAGE(P$3:P$3) -> 0 | Q6: =AVERAGE(Q$3:Q$3) -> 0 | R6: =AVERAGE(R$3:R$3) -> 0 | S6: =AVERAGE(S$3:S$3) -> 0 | ... AQ6: =AVERAGE(AQ$3:AQ$3) -> 0
A7: DEV | B7: =STDEV(B$3:B$3) -> 0 | C7: =STDEV(C$3:C$3) -> 0 | D7: =STDEV(D$3:D$3) -> 0 | E7: =STDEV(E$3:E$3) -> 0 | F7: =STDEV(F$3:F$3) -> 0 | G7: =STDEV(G$3:G$3) -> 0 | H7: =STDEV(H$3:H$3) -> 0 | I7: =STDEV(I$3:I$3) -> 0 | L7: =STDEV(L$3:L$3) -> 0 | M7: =STDEV(M$3:M$3) -> 0 | N7: =STDEV(N$3:N$3) -> 0 | O7: =STDEV(O$3:O$3) -> 0 | P7: =STDEV(P$3:P$3) -> 0 | Q7: =STDEV(Q$3:Q$3) -> 0 | R7: =STDEV(R$3:R$3) -> 0 | S7: =STDEV(S$3:S$3) -> 0 | ... AQ7: =STDEV(AQ$3:AQ$3) -> 0
A8: DST | B8: =SUMPRODUCT(--(B$3:B$3-$N$3:$N$3)^2)^0.5 -> 0 | C8: =SUMPRODUCT(--(C$3:C$3-$O$3:$O$3)^2)^0.5 -> 0 | D8: =SUMPRODUCT(--(D$3:D$3-$P$3:$P$3)^2)^0.5 -> 0 | E8: =SUMPRODUCT(--(E$3:E$3-$Q$3:$Q$3)^2)^0.5 -> 0 | F8: =SUMPRODUCT(--(F$3:F$3-$R$3:$R$3)^2)^0.5 -> 0 | G8: =SUMPRODUCT(--(G$3:G$3-$S$3:$S$3)^2)^0.5 -> 0 | H8: =SUMPRODUCT(--(H$3:H$3-$T$3:$T$3)^2)^0.5 -> 0 | I8: =SUMPRODUCT(--(I$3:I$3-$U$3:$U$3)^2)^0.5 -> 0 | L8: =SUMPRODUCT(--(L$3:L$3-$V$3:$V$3)^2)^0.5 -> 0 | M8: =SUMPRODUCT(--(M$3:M$3-$W$3:$W$3)^2)^0.5 -> 0
A9: BEST | B9: =SUMPRODUCT(NOT(ISBLANK(B$3:B$3))*(B$3:B$3=$N$3:$N$3)) -> 0 | C9: =SUMPRODUCT(NOT(ISBLANK(C$3:C$3))*(C$3:C$3=$O$3:$O$3)) -> 0 | D9: =SUMPRODUCT(NOT(ISBLANK(D$3:D$3))*(D$3:D$3=$P$3:$P$3)) -> 0 | E9: =SUMPRODUCT(NOT(ISBLANK(E$3:E$3))*(E$3:E$3=$Q$3:$Q$3)) -> 0 | F9: =SUMPRODUCT(NOT(ISBLANK(F$3:F$3))*(F$3:F$3=$R$3:$R$3)) -> 0 | G9: =SUMPRODUCT(NOT(ISBLANK(G$3:G$3))*(G$3:G$3=$S$3:$S$3)) -> 0 | H9: =SUMPRODUCT(NOT(ISBLANK(H$3:H$3))*(H$3:H$3=$T$3:$T$3)) -> 0 | I9: =SUMPRODUCT(NOT(ISBLANK(I$3:I$3))*(I$3:I$3=$U$3:$U$3)) -> 0 | L9: =SUMPRODUCT(NOT(ISBLANK(L$3:L$3))*(L$3:L$3=$V$3:$V$3)) -> 0 | M9: =SUMPRODUCT(NOT(ISBLANK(M$3:M$3))*(M$3:M$3=$W$3:$W$3)) -> 0
A10: BETTER | B10: =SUMPRODUCT(NOT(ISBLANK(B$3:B$3))*(B$3:B$3<$X$3:$X$3)) -> 0 | C10: =SUMPRODUCT(NOT(ISBLANK(C$3:C$3))*(C$3:C$3<$Y$3:$Y$3)) -> 0 | D10: =SUMPRODUCT(NOT(ISBLANK(D$3:D$3))*(D$3:D$3<$Z$3:$Z$3)) -> 0 | E10: =SUMPRODUCT(NOT(ISBLANK(E$3:E$3))*(E$3:E$3<$AA$3:$AA$3)) -> 0 | F10: =SUMPRODUCT(NOT(ISBLANK(F$3:F$3))*(F$3:F$3<$AB$3:$AB$3)) -> 0 | G10: =SUMPRODUCT(NOT(ISBLANK(G$3:G$3))*(G$3:G$3<$AC$3:$AC$3)) -> 0 | H10: =SUMPRODUCT(NOT(ISBLANK(H$3:H$3))*(H$3:H$3<$AD$3:$AD$3)) -> 0 | I10: =SUMPRODUCT(NOT(ISBLANK(I$3:I$3))*(I$3:I$3<$AE$3:$AE$3)) -> 0 | L10: =SUMPRODUCT(NOT(ISBLANK(L$3:L$3))*(L$3:L$3<$AF$3:$AF$3)) -> 0 | M10: =SUMPRODUCT(NOT(ISBLANK(M$3:M$3))*(M$3:M$3<$AG$3:$AG$3)) -> 0
A11: WORSE | B11: =SUMPRODUCT((NOT(ISBLANK(B$3:B$3))*(B$3:B$3>$X$3:$X$3))+ISBLANK(B$3:B$3)) -> 0 | C11: =SUMPRODUCT((NOT(ISBLANK(C$3:C$3))*(C$3:C$3>$Y$3:$Y$3))+ISBLANK(C$3:C$3)) -> 0 | D11: =SUMPRODUCT((NOT(ISBLANK(D$3:D$3))*(D$3:D$3>$Z$3:$Z$3))+ISBLANK(D$3:D$3)) -> 0 | E11: =SUMPRODUCT((NOT(ISBLANK(E$3:E$3))*(E$3:E$3>$AA$3:$AA$3))+ISBLANK(E$3:E$3)) -> 0 | F11: =SUMPRODUCT((NOT(ISBLANK(F$3:F$3))*(F$3:F$3>$AB$3:$AB$3))+ISBLANK(F$3:F$3)) -> 0 | G11: =SUMPRODUCT((NOT(ISBLANK(G$3:G$3))*(G$3:G$3>$AC$3:$AC$3))+ISBLANK(G$3:G$3)) -> 0 | H11: =SUMPRODUCT((NOT(ISBLANK(H$3:H$3))*(H$3:H$3>$AD$3:$AD$3))+ISBLANK(H$3:H$3)) -> 0 | I11: =SUMPRODUCT((NOT(ISBLANK(I$3:I$3))*(I$3:I$3>$AE$3:$AE$3))+ISBLANK(I$3:I$3)) -> 0 | L11: =SUMPRODUCT((NOT(ISBLANK(L$3:L$3))*(L$3:L$3>$AF$3:$AF$3))+ISBLANK(L$3:L$3)) -> 0 | M11: =SUMPRODUCT((NOT(ISBLANK(M$3:M$3))*(M$3:M$3>$AG$3:$AG$3))+ISBLANK(M$3:M$3)) -> 0
A12: WORST | B12: =SUMPRODUCT((NOT(ISBLANK(B$3:B$3))*(B$3:B$3=$AH$3:$AH$3))+ISBLANK(B$3:B$3)) -> 0 | C12: =SUMPRODUCT((NOT(ISBLANK(C$3:C$3))*(C$3:C$3=$AI$3:$AI$3))+ISBLANK(C$3:C$3)) -> 0 | D12: =SUMPRODUCT((NOT(ISBLANK(D$3:D$3))*(D$3:D$3=$AJ$3:$AJ$3))+ISBLANK(D$3:D$3)) -> 0 | E12: =SUMPRODUCT((NOT(ISBLANK(E$3:E$3))*(E$3:E$3=$AK$3:$AK$3))+ISBLANK(E$3:E$3)) -> 0 | F12: =SUMPRODUCT((NOT(ISBLANK(F$3:F$3))*(F$3:F$3=$AL$3:$AL$3))+ISBLANK(F$3:F$3)) -> 0 | G12: =SUMPRODUCT((NOT(ISBLANK(G$3:G$3))*(G$3:G$3=$AM$3:$AM$3))+ISBLANK(G$3:G$3)) -> 0 | H12: =SUMPRODUCT((NOT(ISBLANK(H$3:H$3))*(H$3:H$3=$AN$3:$AN$3))+ISBLANK(H$3:H$3)) -> 0 | I12: =SUMPRODUCT((NOT(ISBLANK(I$3:I$3))*(I$3:I$3=$AO$3:$AO$3))+ISBLANK(I$3:I$3)) -> 0 | L12: =SUMPRODUCT((NOT(ISBLANK(L$3:L$3))*(L$3:L$3=$AP$3:$AP$3))+ISBLANK(L$3:L$3)) -> 0 | M12: =SUMPRODUCT((NOT(ISBLANK(M$3:M$3))*(M$3:M$3=$AQ$3:$AQ$3))+ISBLANK(M$3:M$3)) -> 0

Sheet Merged Runs
A1: Merge criteria: | B1: clingo-5.8.0/one-as | N1: min | X1: median | AH1: max
A2: median | B2: choices | C2: conflicts | D2: error | E2: mem | F2: memout | G2: models | H2: par2 | I2: restarts | J2: rstatus | K2: status | L2: time | M2: timeout | N2: choices | O2: conflicts | P2: error | Q2: mem | R2: memout | S2: models | T2: par2 | U2: restarts | V2: time | W2: timeout | X2: choices | Y2: conflicts | Z2: error | AA2: mem | AB2: memout | AC2: models | AD2: par2 | AE2: restarts | AF2: time | AG2: timeout | AH2: choices | AI2: conflicts | AJ2: error | AK2: mem | AL2: memout | AM2: models | AN2: par2 | AO2: restarts | AP2: time | AQ2: timeout
A3: Test_00/Level_0-easy | B3: {=_xlfn.SWITCH($A$2,"average", AVERAGE(Instances!B3:Instances!B3),"median", MEDIAN(Instances!B3:Instances!B3),"min", MIN(Instances!B3:Instances!B3),"max", MAX(Instances!B3:Instances!B3),"diff", MAX(Instances!B3:Instances!B3)-MIN(Instances!B3:Instances!B3))} -> 0 | C3: {=_xlfn.SWITCH($A$2,"average", AVERAGE(Instances!C3:Instances!C3),"median", MEDIAN(Instances!C3:Instances!C3),"min", MIN(Instances!C3:Instances!C3),"max", MAX(Instances!C3:Instances!C3),"diff", MAX(Instances!C3:Instances!C3)-MIN(Instances!C3:Instances!C3))} -> 0 | D3: {=_xlfn.SWITCH($A$2,"average", AVERAGE(Instances!D3:Instances!D3),"median", MEDIAN(Instances!D3:Instances!D3),"min", MIN(Instances!D3:Instances!D3),"max", MAX(Instances!D3:Instances!D3),"diff", MAX(Instances!D3:Instances!D3)-MIN(Instances!D3:Instances!D3))} -> 0 | E3: {=_xlfn.SWITCH($A$2,"average", AVERAGE(Instances!E3:Instances!E3),"median", MEDIAN(Instances!E3:Instances!E3),"min", MIN(Instances!E3:Instances!E3),"max", MAX(Instances!E3:Instances!E3),"diff", MAX(Instances!E3:Instances!E3)-MIN(Instances!E3:Instances!E3))} -> 0 | F3: {=_xlfn.SWITCH($A$2,"average", AVERAGE(Instances!F3:Instances!F3),"median", MEDIAN(Instances!F3:Instances!F3),"min", MIN(Instances!F3:Instances!F3),"max", MAX(Instances!F3:Instances!F3),"diff", MAX(Instances!F3:Instances!F3)-MIN(Instances!F3:Instances!F3))} -> 0 | G3: {=_xlfn.SWITCH($A$2,"average", AVERAGE(Instances!G3:Instances!G3),"median", MEDIAN(Instances!G3:Instances!G3),"min", MIN(Instances!G3:Instances!G3),"max", MAX(Instances!G3:Instances!G3),"diff", MAX(Instances!G3:Instances!G3)-MIN(Instances!G3:Instances!G3))} -> 0 | H3: {=_xlfn.SWITCH($A$2,"average", AVERAGE(Instances!H3:Instances!H3),"median", MEDIAN(Instances!H3:Instances!H3),"min", MIN(Instances!H3:Instances!H3),"max", MAX(Instances!H3:Instances!H3),"diff", MAX(Instances!H3:Instances!H3)-MIN(Instances!H3:Instances!H3))} -> 0 | I3: {=_xlfn.SWITCH($A$2,"average", AVERAGE(Instances!I3:Instances!I3),"median", MEDIAN(Instances!I3:Instances!I3),"min", MIN(Instances!I3:Instances!I3),"max", MAX(Instances!I3:Instances!I3),"diff", MAX(Instances!I3:Instances!I3)-MIN(Instances!I3:Instances!I3))} -> 0 | L3: {=_xlfn.SWITCH($A$2,"average", AVERAGE(Instances!L3:Instances!L3),"median", MEDIAN(Instances!L3:Instances!L3),"min", MIN(Instances!L3:Instances!L3),"max", MAX(Instances!L3:Instances!L3),"diff", MAX(Instances!L3:Instances!L3)-MIN(Instances!L3:Instances!L3))} -> 0 | M3: {=_xlfn.SWITCH($A$2,"average", AVERAGE(Instances!M3:Instances!M3),"median", MEDIAN(Instances!M3:Instances!M3),"min", MIN(Instances!M3:Instances!M3),"max", MAX(Instances!M3:Instances!M3),"diff", MAX(Instances!M3:Instances!M3)-MIN(Instances!M3:Instances!M3))} -> 0 | N3: =MIN($B3) -> 0 | O3: =MIN($C3) -> 0 | P3: =MIN($D3) -> 0 | Q3: =MIN($E3) -> 0 | R3: =MIN($F3) -> 0 | S3: =MIN($G3) -> 0 | T3: =MIN($H3) -> 0 | U3: =MIN($I3) -> 0 | V3: =MIN($L3) -> 0 | W3: =MIN($M3) -> 0 | X3: =MEDIAN($B3) -> 0 | Y3: =MEDIAN($C3) -> 0 | Z3: =MEDIAN($D3) -> 0 | AA3: =MEDIAN($E3) -> 0 | AB3: =MEDIAN($F3) -> 0 | AC3: =MEDIAN($G3) -> 0 | AD3: =MEDIAN($H3) -> 0 | AE3: =MEDIAN($I3) -> 0 | AF3: =MEDIAN($L3) -> 0 | AG3: =MEDIAN($M3) -> 0 | AH3: =MAX($B3) -> 0 | AI3: =MAX($C3) -> 0 | AJ3: =MAX($D3) -> 0 | AK3: =MAX($E3) -> 0 | AL3: =MAX($F3) -> 0 | AM3: =MAX($G3) -> 0 | AN3: =MAX($H3) -> 0 | AO3: =MAX($I3) -> 0 | AP3: =MAX($L3) -> 0 | AQ3: =MAX($M3) -> 0
A5: SUM | B5: =SUM(B$3:B$3) -> 0 | C5: =SUM(C$3:C$3) -> 0 | D5: =SUM(D$3:D$3) -> 0 | E5: =SUM(E$3:E$3) -> 0 | F5: =SUM(F$3:F$3) -> 0 | G5: =SUM(G$3:G$3) -> 0 | H5: =SUM(H$3:H$3) -> 0 | I5: =SUM(I$3:I$3) -> 0 | L5: =SUM(L$3:L$3) -> 0 | M5: =SUM(M$3:M$3) -> 0 | N5: =SUM(N$3:N$3) -> 0 | O5: =SUM(O$3:O$3) -> 0 | P5: =SUM(P$3:P$3) -> 0 | Q5: =SUM(Q$3:Q$3) -> 0 | R5: =SUM(R$3:R$3) -> 0 | S5: =SUM(S$3:S$3) -> 0 | ... AQ5: =SUM(AQ$3:AQ$3) -> 0
A6: AVG | B6: =AVERAGE(B$3:B$3) -> 0 | C6: =AVERAGE(C$3:C$3) -> 0 | D6: =AVERAGE(D$3:D$3) -> 0 | E6: =AVERAGE(E$3:E$3) -> 0 | F6: =AVERAGE(F$3:F$3) -> 0 | G6: =AVERAGE(G$3:G$3) -> 0 | H6: =AVERAGE(H$3:H$3) -> 0 | I6: =AVERAGE(I$3:I$3) -> 0 | L6: =AVERAGE(L$3:L$3) -> 0 | M6: =AVERAGE(M$3:M$3) -> 0 | N6: =AVERAGE(N$3:N$3) -> 0 | O6: =AVERAGE(O$3:O$3) -> 0 | P6: =AVERAGE(P$3:P$3) -> 0 | Q6: =AVERAGE(Q$3:Q$3) -> 0 | R6: =AVERAGE(R$3:R$3) -> 0 | S6: =AVERAGE(S$3:S$3) -> 0 | ... AQ6: =AVERAGE(AQ$3:AQ$3) -> 0
A7: DEV | B7: =STDEV(B$3:B$3) -> 0 | C7: =STDEV(C$3:C$3) -> 0 | D7: =STDEV(D$3:D$3) -> 0 | E7: =STDEV(E$3:E$3) -> 0 | F7: =STDEV(F$3:F$3) -> 0 | G7: =STDEV(G$3:G$3) -> 0 | H7: =STDEV(H$3:H$3) -> 0 | I7: =STDEV(I$3:I$3) -> 0 | L7: =STDEV(L$3:L$3) -> 0 | M7: =STDEV(M$3:M$3) -> 0 | N7: =STDEV(N$3:N$3) -> 0 | O7: =STDEV(O$3:O$3) -> 0 | P7: =STDEV(P$3:P$3) -> 0 | Q7: =STDEV(Q$3:Q$3) -> 0 | R7: =STDEV(R$3:R$3) -> 0 | S7: =STDEV(S$3:S$3) -> 0 | ... AQ7: =STDEV(AQ$3:AQ$3) -> 0
A8: DST | B8: =SUMPRODUCT(--(B$3:B$3-$N$3:$N$3)^2)^0.5 -> 0 | C8: =SUMPRODUCT(--(C$3:C$3-$O$3:$O$3)^2)^0.5 -> 0 | D8: =SUMPRODUCT(--(D$3:D$3-$P$3:$P$3)^2)^0.5 -> 0 | E8: =SUMPRODUCT(--(E$3:E$3-$Q$3:$Q$3)^2)^0.5 -> 0 | F8: =SUMPRODUCT(--(F$3:F$3-$R$3:$R$3)^2)^0.5 -> 0 | G8: =SUMPRODUCT(--(G$3:G$3-$S$3:$S$3)^2)^0.5 -> 0 | H8: =SUMPRODUCT(--(H$3:H$3-$T$3:$T$3)^2)^0.5 -> 0 | I8: =SUMPRODUCT(--(I$3:I$3-$U$3:$U$3)^2)^0.5 -> 0 | L8: =SUMPRODUCT(--(L$3:L$3-$V$3:$V$3)^2)^0.5 -> 0 | M8: =SUMPRODUCT(--(M$3:M$3-$W$3:$W$3)^2)^0.5 -> 0
A9: BEST | B9: =SUMPRODUCT(NOT(ISBLANK(B$3:B$3))*(B$3:B$3=$N$3:$N$3)) -> 0 | C9: =SUMPRODUCT(NOT(ISBLANK(C$3:C$3))*(C$3:C$3=$O$3:$O$3)) -> 0 | D9: =SUMPRODUCT(NOT(ISBLANK(D$3:D$3))*(D$3:D$3=$P$3:$P$3)) -> 0 | E9: =SUMPRODUCT(NOT(ISBLANK(E$3:E$3))*(E$3:E$3=$Q$3:$Q$3)) -> 0 | F9: =SUMPRODUCT(NOT(ISBLANK(F$3:F$3))*(F$3:F$3=$R$3:$R$3)) -> 0 | G9: =SUMPRODUCT(NOT(ISBLANK(G$3:G$3))*(G$3:G$3=$S$3:$S$3)) -> 0 | H9: =SUMPRODUCT(NOT(ISBLANK(H$3:H$3))*(H$3:H$3=$T$3:$T$3)) -> 0 | I9: =SUMPRODUCT(NOT(ISBLANK(I$3:I$3))*(I$3:I$3=$U$3:$U$3)) -> 0 | L9: =SUMPRODUCT(NOT(ISBLANK(L$3:L$3))*(L$3:L$3=$V$3:$V$3)) -> 0 | M9: =SUMPRODUCT(NOT(ISBLANK(M$3:M$3))*(M$3:M$3=$W$3:$W$3)) -> 0
A10: BETTER | B10: =SUMPRODUCT(NOT(ISBLANK(B$3:B$3))*(B$3:B$3<$X$3:$X$3)) -> 0 | C10: =SUMPRODUCT(NOT(ISBLANK(C$3:C$3))*(C$3:C$3<$Y$3:$Y$3)) -> 0 | D10: =SUMPRODUCT(NOT(ISBLANK(D$3:D$3))*(D$3:D$3<$Z$3:$Z$3)) -> 0 | E10: =SUMPRODUCT(NOT(ISBLANK(E$3:E$3))*(E$3:E$3<$AA$3:$AA$3)) -> 0 | F10: =SUMPRODUCT(NOT(ISBLANK(F$3:F$3))*(F$3:F$3<$AB$3:$AB$3)) -> 0 | G10: =SUMPRODUCT(NOT(ISBLANK(G$3:G$3))*(G$3:G$3<$AC$3:$AC$3)) -> 0 | H10: =SUMPRODUCT(NOT(ISBLANK(H$3:H$3))*(H$3:H$3<$AD$3:$AD$3)) -> 0 | I10: =SUMPRODUCT(NOT(ISBLANK(I$3:I$3))*(I$3:I$3<$AE$3:$AE$3)) -> 0 | L10: =SUMPRODUCT(NOT(ISBLANK(L$3:L$3))*(L$3:L$3<$AF$3:$AF$3)) -> 0 | M10: =SUMPRODUCT(NOT(ISBLANK(M$3:M$3))*(M$3:M$3<$AG$3:$AG$3)) -> 0
A11: WORSE | B11: =SUMPRODUCT((NOT(ISBLANK(B$3:B$3))*(B$3:B$3>$X$3:$X$3))+ISBLANK(B$3:B$3)) -> 0 | C11: =SUMPRODUCT((NOT(ISBLANK(C$3:C$3))*(C$3:C$3>$Y$3:$Y$3))+ISBLANK(C$3:C$3)) -> 0 | D11: =SUMPRODUCT((NOT(ISBLANK(D$3:D$3))*(D$3:D$3>$Z$3:$Z$3))+ISBLANK(D$3:D$3)) -> 0 | E11: =SUMPRODUCT((NOT(ISBLANK(E$3:E$3))*(E$3:E$3>$AA$3:$AA$3))+ISBLANK(E$3:E$3)) -> 0 | F11: =SUMPRODUCT((NOT(ISBLANK(F$3:F$3))*(F$3:F$3>$AB$3:$AB$3))+ISBLANK(F$3:F$3)) -> 0 | G11: =SUMPRODUCT((NOT(ISBLANK(G$3:G$3))*(G$3:G$3>$AC$3:$AC$3))+ISBLANK(G$3:G$3)) -> 0 | H11: =SUMPRODUCT((NOT(ISBLANK(H$3:H$3))*(H$3:H$3>$AD$3:$AD$3))+ISBLANK(H$3:H$3)) -> 0 | I11: =SUMPRODUCT((NOT(ISBLANK(I$3:I$3))*(I$3:I$3>$AE$3:$AE$3))+ISBLANK(I$3:I$3)) -> 0 | L11: =SUMPRODUCT((NOT(ISBLANK(L$3:L$3))*(L$3:L$3>$AF$3:$AF$3))+ISBLANK(L$3:L$3)) -> 0 | M11: =SUMPRODUCT((NOT(ISBLANK(M$3:M$3))*(M$3:M$3>$AG$3:$AG$3))+ISBLANK(M$3:M$3)) -> 0
A12: WORST | B12: =SUMPRODUCT((NOT(ISBLANK(B$3:B$3))*(B$3:B$3=$AH$3:$AH$3))+ISBLANK(B$3:B$3)) -> 0 | C12: =SUMPRODUCT((NOT(ISBLANK(C$3:C$3))*(C$3:C$3=$AI$3:$AI$3))+ISBLANK(C$3:C$3)) -> 0 | D12: =SUMPRODUCT((NOT(ISBLANK(D$3:D$3))*(D$3:D$3=$AJ$3:$AJ$3))+ISBLANK(D$3:D$3)) -> 0 | E12: =SUMPRODUCT((NOT(ISBLANK(E$3:E$3))*(E$3:E$3=$AK$3:$AK$3))+ISBLANK(E$3:E$3)) -> 0 | F12: =SUMPRODUCT((NOT(ISBLANK(F$3:F$3))*(F$3:F$3=$AL$3:$AL$3))+ISBLANK(F$3:F$3)) -> 0 | G12: =SUMPRODUCT((NOT(ISBLANK(G$3:G$3))*(G$3:G$3=$AM$3:$AM$3))+ISBLANK(G$3:G$3)) -> 0 | H12: =SUMPRODUCT((NOT(ISBLANK(H$3:H$3))*(H$3:H$3=$AN$3:$AN$3))+ISBLANK(H$3:H$3)) -> 0 | I12: =SUMPRODUCT((NOT(ISBLANK(I$3:I$3))*(I$3:I$3=$AO$3:$AO$3))+ISBLANK(I$3:I$3)) -> 0 | L12: =SUMPRODUCT((NOT(ISBLANK(L$3:L$3))*(L$3:L$3=$AP$3:$AP$3))+ISBLANK(L$3:L$3)) -> 0 | M12: =SUMPRODUCT((NOT(ISBLANK(M$3:M$3))*(M$3:M$3=$AQ$3:$AQ$3))+ISBLANK(M$3:M$3)) -> 0

Sheet Classes
B1: clingo-5.8.0/one-as | N1: min | X1: median | AH1: max
B2: choices | C2: conflicts | D2: error | E2: mem | F2: memout | G2: models | H2: par2 | I2: restarts | J2: rstatus | K2: status | L2: time | M2: timeout | N2: choices | O2: conflicts | P2: error | Q2: mem | R2: memout | S2: models | T2: par2 | U2: restarts | V2: time | W2: timeout | X2: choices | Y2: conflicts | Z2: error | AA2: mem | AB2: memout | AC2: models | AD2: par2 | AE2: restarts | AF2: time | AG2: timeout | AH2: choices | AI2: conflicts | AJ2: error | AK2: mem | AL2: memout | AM2: models | AN2: par2 | AO2: restarts | AP2: time | AQ2: timeout
A3: Test_00 | B3: =AVERAGE(Instances!B3:Instances!B3) -> 0 | C3: =AVERAGE(Instances!C3:Instances!C3) -> 0 | D3: =AVERAGE(Instances!D3:Instances!D3) -> 0 | E3: =AVERAGE(Instances!E3:Instances!E3) -> 0 | F3: =AVERAGE(Instances!F3:Instances!F3) -> 0 | G3: =AVERAGE(Instances!G3:Instances!G3) -> 0 | H3: =AVERAGE(Instances!H3:Instances!H3) -> 0 | I3: =AVERAGE(Instances!I3:Instances!I3) -> 0 | L3: =AVERAGE(Instances!L3:Instances!L3) -> 0 | M3: =SUM(Instances!M3:Instances!M3) -> 0 | N3: =MIN($B3) -> 0 | O3: =MIN($C3) -> 0 | P3: =MIN($D3) -> 0 | Q3: =MIN($E3) -> 0 | R3: =MIN($F3) -> 0 | S3: =MIN($G3) -> 0 | T3: =MIN($H3) -> 0 | U3: =MIN($I3) -> 0 | V3: =MIN($L3) -> 0 | W3: =MIN($M3) -> 0 | X3: =MEDIAN($B3) -> 0 | Y3: =MEDIAN($C3) -> 0 | Z3: =MEDIAN($D3) -> 0 | AA3: =MEDIAN($E3) -> 0 | AB3: =MEDIAN($F3) -> 0 | AC3: =MEDIAN($G3) -> 0 | AD3: =MEDIAN($H3) -> 0 | AE3: =MEDIAN($I3) -> 0 | AF3: =MEDIAN($L3) -> 0 | AG3: =MEDIAN($M3) -> 0 | AH3: =MAX($B3) -> 0 | AI3: =MAX($C3) -> 0 | AJ3: =MAX($D3) -> 0 | AK3: =MAX($E3) -> 0 | AL3: =MAX($F3) -> 0 | AM3: =MAX($G3) -> 0 | AN3: =MAX($H3) -> 0 | AO3: =MAX($I3) -> 0 | AP3: =MAX($L3) -> 0 | AQ3: =MAX($M3) -> 0
A5: SUM | B5: =SUM(B$3:B$3) -> 0 | C5: =SUM(C$3:C$3) -> 0 | D5: =SUM(D$3:D$3) -> 0 | E5: =SUM(E$3:E$3) -> 0 | F5: =SUM(F$3:F$3) -> 0 | G5: =SUM(G$3:G$3) -> 0 | H5: =SUM(H$3:H$3) -> 0 | I5: =SUM(I$3:I$3) -> 0 | L5: =SUM(L$3:L$3) -> 0 | M5: =SUM(M$3:M$3) -> 0 | N5: =SUM(N$3:N$3) -> 0 | O5: =SUM(O$3:O$3) -> 0 | P5: =SUM(P$3:P$3) -> 0 | Q5: =SUM(Q$3:Q$3) -> 0 | R5: =SUM(R$3:R$3) -> 0 | S5: =SUM(S$3:S$3) -> 0 | ... AQ5: =SUM(AQ$3:AQ$3) -> 0
A6: AVG | B6: =AVERAGE(B$3:B$3) -> 0 | C6: =AVERAGE(C$3:C$3) -> 0 | D6: =AVERAGE(D$3:D$3) -> 0 | E6: =AVERAGE(E$3:E$3) -> 0 | F6: =AVERAGE(F$3:F$3) -> 0 | G6: =AVERAGE(G$3:G$3) -> 0 | H6: =AVERAGE(H$3:H$3) -> 0 | I6: =AVERAGE(I$3:I$3) -> 0 | L6: =AVERAGE(L$3:L$3) -> 0 | M6: =AVERAGE(M$3:M$3) -> 0 | N6: =AVERAGE(N$3:N$3) -> 0 | O6: =AVERAGE(O$3:O$3) -> 0 | P6: =AVERAGE(P$3:P$3) -> 0 | Q6: =AVERAGE(Q$3:Q$3) -> 0 | R6: =AVERAGE(R$3:R$3) -> 0 | S6: =AVERAGE(S$3:S$3) -> 0 | ... AQ6: =AVERAGE(AQ$3:AQ$3) -> 0
A7: DEV | B7: =STDEV(B$3:B$3) -> 0 | C7: =STDEV(C$3:C$3) -> 0 | D7: =STDEV(D$3:D$3) -> 0 | E7: =STDEV(E$3:E$3) -> 0 | F7: =STDEV(F$3:F$3) -> 0 | G7: =STDEV(G$3:G$3) -> 0 | H7: =STDEV(H$3:H$3) -> 0 | I7: =STDEV(I$3:I$3) -> 0 | L7: =STDEV(L$3:L$3) -> 0 | M7: =STDEV(M$3:M$3) -> 0 | N7: =STDEV(N$3:N$3) -> 0 | O7: =STDEV(O$3:O$3) -> 0 | P7: =STDEV(P$3:P$3) -> 0 | Q7: =STDEV(Q$3:Q$3) -> 0 | R7: =STDEV(R$3:R$3) -> 0 | S7: =STDEV(S$3:S$3) -> 0 | ... AQ7: =STDEV(AQ$3:AQ$3) -> 0
A8: DST | B8: =SUMPRODUCT(--(B$3:B$3-$N$3:$N$3)^2)^0.5 -> 0 | C8: =SUMPRODUCT(--(C$3:C$3-$O$3:$O$3)^2)^0.5 -> 0 | D8: =SUMPRODUCT(--(D$3:D$3-$P$3:$P$3)^2)^0.5 -> 0 | E8: =SUMPRODUCT(--(E$3:E$3-$Q$3:$Q$3)^2)^0.5 -> 0 | F8: =SUMPRODUCT(--(F$3:F$3-$R$3:$R$3)^2)^0.5 -> 0 | G8: =SUMPRODUCT(--(G$3:G$3-$S$3:$S$3)^2)^0.5 -> 0 | H8: =SUMPRODUCT(--(H$3:H$3-$T$3:$T$3)^2)^0.5 -> 0 | I8: =SUMPRODUCT(--(I$3:I$3-$U$3:$U$3)^2)^0.5 -> 0 | L8: =SUMPRODUCT(--(L$3:L$3-$V$3:$V$3)^2)^0.5 -> 0 | M8: =SUMPRODUCT(--(M$3:M$3-$W$3:$W$3)^2)^0.5 -> 0
A9: BEST | B9: =SUMPRODUCT(NOT(ISBLANK(B$3:B$3))*(B$3:B$3=$N$3:$N$3)) -> 0 | C9: =SUMPRODUCT(NOT(ISBLANK(C$3:C$3))*(C$3:C$3=$O$3:$O$3)) -> 0 | D9: =SUMPRODUCT(NOT(ISBLANK(D$3:D$3))*(D$3:D$3=$P$3:$P$3)) -> 0 | E9: =SUMPRODUCT(NOT(ISBLANK(E$3:E$3))*(E$3:E$3=$Q$3:$Q$3)) -> 0 | F9: =SUMPRODUCT(NOT(ISBLANK(F$3:F$3))*(F$3:F$3=$R$3:$R$3)) -> 0 | G9: =SUMPRODUCT(NOT(ISBLANK(G$3:G$3))*(G$3:G$3=$S$3:$S$3)) -> 0 | H9: =SUMPRODUCT(NOT(ISBLANK(H$3:H$3))*(H$3:H$3=$T$3:$T$3)) -> 0 | I9: =SUMPRODUCT(NOT(ISBLANK(I$3:I$3))*(I$3:I$3=$U$3:$U$3)) -> 0 | L9: =SUMPRODUCT(NOT(ISBLANK(L$3:L$3))*(L$3:L$3=$V$3:$V$3)) -> 0 | M9: =SUMPRODUCT(NOT(ISBLANK(M$3:M$3))*(M$3:M$3=$W$3:$W$3)) -> 0
A10: BETTER | B10: =SUMPRODUCT(NOT(ISBLANK(B$3:B$3))*(B$3:B$3<$X$3:$X$3)) -> 0 | C10: =SUMPRODUCT(NOT(ISBLANK(C$3:C$3))*(C$3:C$3<$Y$3:$Y$3)) -> 0 | D10: =SUMPRODUCT(NOT(ISBLANK(D$3:D$3))*(D$3:D$3<$Z$3:$Z$3)) -> 0 | E10: =SUMPRODUCT(NOT(ISBLANK(E$3:E$3))*(E$3:E$3<$AA$3:$AA$3)) -> 0 | F10: =SUMPRODUCT(NOT(ISBLANK(F$3:F$3))*(F$3:F$3<$AB$3:$AB$3)) -> 0 | G10: =SUMPRODUCT(NOT(ISBLANK(G$3:G$3))*(G$3:G$3<$AC$3:$AC$3)) -> 0 | H10: =SUMPRODUCT(NOT(ISBLANK(H$3:H$3))*(H$3:H$3<$AD$3:$AD$3)) -> 0 | I10: =SUMPRODUCT(NOT(ISBLANK(I$3:I$3))*(I$3:I$3<$AE$3:$AE$3)) -> 0 | L10: =SUMPRODUCT(NOT(ISBLANK(L$3:L$3))*(L$3:L$3<$AF$3:$AF$3)) -> 0 | M10: =SUMPRODUCT(NOT(ISBLANK(M$3:M$3))*(M$3:M$3<$AG$3:$AG$3)) -> 0
A11: WORSE | B11: =SUMPRODUCT((NOT(ISBLANK(B$3:B$3))*(B$3:B$3>$X$3:$X$3))+ISBLANK(B$3:B$3)) -> 0 | C11: =SUMPRODUCT((NOT(ISBLANK(C$3:C$3))*(C$3:C$3>$Y$3:$Y$3))+ISBLANK(C$3:C$3)) -> 0 | D11: =SUMPRODUCT((NOT(ISBLANK(D$3:D$3))*(D$3:D$3>$Z$3:$Z$3))+ISBLANK(D$3:D$3)) -> 0 | E11: =SUMPRODUCT((NOT(ISBLANK(E$3:E$3))*(E$3:E$3>$AA$3:$AA$3))+ISBLANK(E$3:E$3)) -> 0 | F11: =SUMPRODUCT((NOT(ISBLANK(F$3:F$3))*(F$3:F$3>$AB$3:$AB$3))+ISBLANK(F$3:F$3)) -> 0 | G11: =SUMPRODUCT((NOT(ISBLANK(G$3:G$3))*(G$3:G$3>$AC$3:$AC$3))+ISBLANK(G$3:G$3)) -> 0 | H11: =SUMPRODUCT((NOT(ISBLANK(H$3:H$3))*(H$3:H$3>$AD$3:$AD$3))+ISBLANK(H$3:H$3)) -> 0 | I11: =SUMPRODUCT((NOT(ISBLANK(I$3:I$3))*(I$3:I$3>$AE$3:$AE$3))+ISBLANK(I$3:I$3)) -> 0 | L11: =SUMPRODUCT((NOT(ISBLANK(L$3:L$3))*(L$3:L$3>$AF$3:$AF$3))+ISBLANK(L$3:L$3)) -> 0 | M11: =SUMPRODUCT((NOT(ISBLANK(M$3:M$3))*(M$3:M$3>$AG$3:$AG$3))+ISBLANK(M$3:M$3)) -> 0
A12: WORST | B12: =SUMPRODUCT((NOT(ISBLANK(B$3:B$3))*(B$3:B$3=$AH$3:$AH$3))+ISBLANK(B$3:B$3)) -> 0 | C12: =SUMPRODUCT((NOT(ISBLANK(C$3:C$3))*(C$3:C$3=$AI$3:$AI$3))+ISBLANK(C$3:C$3)) -> 0 | D12: =SUMPRODUCT((NOT(ISBLANK(D$3:D$3))*(D$3:D$3=$AJ$3:$AJ$3))+ISBLANK(D$3:D$3)) -> 0 | E12: =SUMPRODUCT((NOT(ISBLANK(E$3:E$3))*(E$3:E$3=$AK$3:$AK$3))+ISBLANK(E$3:E$3)) -> 0 | F12: =SUMPRODUCT((NOT(ISBLANK(F$3:F$3))*(F$3:F$3=$AL$3:$AL$3))+ISBLANK(F$3:F$3)) -> 0 | G12: =SUMPRODUCT((NOT(ISBLANK(G$3:G$3))*(G$3:G$3=$AM$3:$AM$3))+ISBLANK(G$3:G$3)) -> 0 | H12: =SUMPRODUCT((NOT(ISBLANK(H$3:H$3))*(H$3:H$3=$AN$3:$AN$3))+ISBLANK(H$3:H$3)) -> 0 | I12: =SUMPRODUCT((NOT(ISBLANK(I$3:I$3))*(I$3:I$3=$AO$3:$AO$3))+ISBLANK(I$3:I$3)) -> 0 | L12: =SUMPRODUCT((NOT(ISBLANK(L$3:L$3))*(L$3:L$3=$AP$3:$AP$3))+ISBLANK(L$3:L$3)) -> 0 | M12: =SUMPRODUCT((NOT(ISBLANK(M$3:M$3))*(M$3:M$3=$AQ$3:$AQ$3))+ISBLANK(M$3:M$3)) -> 0

Sheet Helper
A2: choices | B2: 1 | E2: =VLOOKUP(Charts!$F$3,A2:B11,2,FALSE) -> 0 | K2: =E2 -> 0 | Q2: =VLOOKUP(Charts!$F$3,A2:B11,2,FALSE) -> 0
A3: conflicts | B3: 2 | D3: data | E3: =Instances!B1 -> 0 | J3: data | K3: =E3 -> 0 | Q3: =Instances!B1 -> 0
A4: error | B4: 3 | D4: index | E4: values | F4: sorted | H4: aggregated | J4: index | K4: values | L4: sorted | N4: aggregated | P4: plot | Q4: index | R4: sorted | S4: index | T4: aggregated
A5: mem | B5: 4 | D5: 1 | E5: =IF(INDIRECT(ADDRESS($D5+2,E$2+1,,,"Instances"))="","",INDIRECT(ADDRESS($D5+2,E$2+1,,,"Instances"))) -> 0 | F5: =IFERROR(SMALL(E5:E5,ROW()-ROW($F$5)+1),"") -> 0 | H5: =IFERROR(SUM(F5:F5),"") -> 0 | J5: 1 | K5: {=_xlfn.SWITCH(Charts!$B$3,"average", AVERAGE(INDIRECT(ADDRESS(0+3,K$2+1,,,"Instances") & ":" & ADDRESS(0+3,K$2+1))),"median", MEDIAN(INDIRECT(ADDRESS(0+3,K$2+1,,,"Instances") & ":" & ADDRESS(0+3,K$2+1))),"min", MIN(INDIRECT(ADDRESS(0+3,K$2+1,,,"Instances") & ":" & ADDRESS(0+3,K$2+1))),"max", MAX(INDIRECT(ADDRESS(0+3,K$2+1,,,"Instances") & ":" & ADDRESS(0+3,K$2+1))),"diff", MAX(INDIRECT(ADDRESS(0+3,K$2+1,,,"Instances") & ":" & ADDRESS(0+3,K$2+1)))-MIN(INDIRECT(ADDRESS(0+3,K$2+1,,,"Instances") & ":" & ADDRESS(0+3,K$2+1))))} -> 0 | L5: =IFERROR(SMALL(K5:K5,ROW()-ROW($L$5)+1),"") -> 0 | N5: =IFERROR(SUM(L5:L5),"") -> 0 | Q5: =IF(Charts!$B$3="none",E17,IF(K17="",NA(),K17)) -> 0 | R5: =IF(Charts!$B$3="none",F17,IF(L17="",NA(),L17)) -> 0 | S5: =IF(Charts!$B$3="none",G17,IF(M17="",NA(),M17)) -> 0 | T5: =IF(Charts!$B$3="none",H17,IF(N17="",NA(),N17)) -> 0
A6: memout | B6: 5 | Q6: =IF(Charts!$B$3="none",E18,IF(K18="",NA(),K18)) -> 0 | R6: =IF(Charts!$B$3="none",F18,IF(L18="",NA(),L18)) -> 0 | S6: =IF(Charts!$B$3="none",G18,IF(M18="",NA(),M18)) -> 0 | T6: =IF(Charts!$B$3="none",H18,IF(N18="",NA(),N18)) -> 0
A7: models | B7: 6 | D7: step | E7: index | F7: sorted | G7: index | H7: aggregated | J7: step | K7: index | L7: sorted | M7: index | N7: aggregated
A8: par2 | B8: 7 | E8: 1 | F8: =F5 -> 0 | G8: 1 | H8: =H5 -> 0 | K8: 1 | L8: =L5 -> 0 | M8: 1 | N8: =N5 -> 0
A9: restarts | B9: 8 | E9: 0 | F9: 0 | G9: 0 | H9: 0 | K9: 0 | L9: 0 | M9: 0 | N9: 0
A10: time | B10: 11 | E10: 1 | F10: 0 | G10: 1 | H10: 0 | K10: 1 | L10: 0 | M10: 1 | N10: 0
A11: timeout | B11: 12
D12: sort | E12: index | F12: sorted | G12: index | H12: aggregated | J12: sort | K12: index | L12: sorted | M12: index | N12: aggregated
E13: =IFERROR(SMALL(E8:E10,ROW()-ROW($E$13)+1),"") -> 0 | F13: =IFERROR(SMALL(F8:F10,ROW()-ROW($F$13)+1),"") -> 0 | G13: =IFERROR(SMALL(G8:G10,ROW()-ROW($G$13)+1),"") -> 0 | H13: =IFERROR(SMALL(H8:H10,ROW()-ROW($H$13)+1),"") -> 0 | K13: =IFERROR(SMALL(K8:K10,ROW()-ROW($K$13)+1),"") -> 0 | L13: =IFERROR(SMALL(L8:L10,ROW()-ROW($L$13)+1),"") -> 0 | M13: =IFERROR(SMALL(M8:M10,ROW()-ROW($M$13)+1),"") -> 0 | N13: =IFERROR(SMALL(N8:N10,ROW()-ROW($N$13)+1),"") -> 0
E14: =IFERROR(SMALL(E8:E10,ROW()-ROW($E$13)+1),"") -> 0 | F14: =IFERROR(SMALL(F8:F10,ROW()-ROW($F$13)+1),"") -> 0 | G14: =IFERROR(SMALL(G8:G10,ROW()-ROW($G$13)+1),"") -> 0 | H14: =IFERROR(SMALL(H8:H10,ROW()-ROW($H$13)+1),"") -> 0 | K14: =IFERROR(SMALL(K8:K10,ROW()-ROW($K$13)+1),"") -> 0 | L14: =IFERROR(SMALL(L8:L10,ROW()-ROW($L$13)+1),"") -> 0 | M14: =IFERROR(SMALL(M8:M10,ROW()-ROW($M$13)+1),"") -> 0 | N14: =IFERROR(SMALL(N8:N10,ROW()-ROW($N$13)+1),"") -> 0
D16: clean | E16: index | F16: sorted | G16: index | H16: aggregated | J16: clean | K16: index | L16: sorted | M16: index | N16: aggregated
E17: =IF(ISNA(F17),NA(),E13) -> 0 | F17: =IF(F13="",NA(),F13) -> 0 | G17: =IF(ISNA(H17),NA(),G13) -> 0 | H17: =IF(H13="",NA(),H13) -> 0 | K17: =IF(ISNA(L17),NA(),K13) -> 0 | L17: =IF(L13="",NA(),L13) -> 0 | M17: =IF(ISNA(N17),NA(),M13) -> 0 | N17: =IF(N13="",NA(),N13) -> 0
E18: =IF(ISNA(F18),NA(),E14) -> 0 | F18: =IF(F14="",NA(),F14) -> 0 | G18: =IF(ISNA(H18),NA(),G14) -> 0 | H18: =IF(H14="",NA(),H14) -> 0 | K18: =IF(ISNA(L18),NA(),K14) -> 0 | L18: =IF(L14="",NA(),L14) -> 0 | M18: =IF(ISNA(N18),NA(),M14) -> 0 | N18: =IF(N14="",NA(),N14) -> 0

Sheet Charts
B2: Select merge criteria: | F2: Select measure:
B3: none | F3: choices
