Workbook

Sheet Instances
B1: clingo-5.8.0/one-as
B2: choices | C2: conflicts | D2: constraints | E2: error | F2: mem | G2: memout | H2: models | I2: overall-time | J2: par2 | K2: restarts | L2: rstatus | M2: rules | N2: solving-time | O2: status | P2: time | Q2: timeout | R2: variables
A3: Level_0/2-0000101 | B3: 839 | C3: 0 | D3: 108042 | E3: 0 | F3: 179 | G3: 0 | H3: 1 | I3: 2.397 | J3: 2.46 | K3: 0 | L3: ok | M3: 477481 | N3: 0.01 | O3: SATISFIABLE | P3: 2.46 | Q3: 0 | R3: 179096
A4: Level_0/2-0000110 | B4: 1112 | C4: 0 | D4: 138673 | E4: 0 | F4: 223 | G4: 0 | H4: 1 | I4: 2.85 | J4: 2.93 | K4: 0 | L4: ok | M4: 572593 | N4: 0.02 | O4: SATISFIABLE | P4: 2.93 | Q4: 0 | R4: 215132
A5: Level_0/2-0001001 | B5: 523 | C5: 0 | D5: 106237 | E5: 0 | F5: 190 | G5: 0 | H5: 1 | I5: 2.548 | J5: 2.62 | K5: 0 | L5: ok | M5: 531500 | N5: 0.01 | O5: SATISFIABLE | P5: 2.62 | Q5: 0 | R5: 190873
A6: Level_0/2-0001010 | B6: 1464 | C6: 1 | D6: 227403 | E6: 0 | F6: 299 | G6: 0 | H6: 1 | I6: 3.949 | J6: 4.06 | K6: 0 | L6: ok | M6: 861548 | N6: 0.03 | O6: SATISFIABLE | P6: 4.06 | Q6: 0 | R6: 306887
A7: Level_0/2-0001100 | B7: 767 | C7: 0 | D7: 127626 | E7: 0 | F7: 202 | G7: 0 | H7: 1 | I7: 2.534 | J7: 2.61 | K7: 0 | L7: ok | M7: 525049 | N7: 0.01 | O7: SATISFIABLE | P7: 2.61 | Q7: 0 | R7: 198752
A8: Level_0/2-0100001 | B8: 515 | C8: 0 | D8: 86065 | E8: 0 | F8: 140 | G8: 0 | H8: 1 | I8: 1.906 | J8: 1.96 | K8: 0 | L8: ok | M8: 395956 | N8: 0.01 | O8: SATISFIABLE | P8: 1.96 | Q8: 0 | R8: 143835
A9: Level_0/2-0100100 | B9: 658 | C9: 0 | D9: 151526 | E9: 0 | F9: 151 | G9: 0 | H9: 1 | I9: 1.93 | J9: 1.98 | K9: 0 | L9: ok | M9: 410085 | N9: 0.01 | O9: SATISFIABLE | P9: 1.98 | Q9: 0 | R9: 150890
A10: Level_0/3-0001101 | B10: 1095 | C10: 0 | D10: 199280 | E10: 0 | F10: 318 | G10: 0 | H10: 1 | I10: 4.314 | J10: 4.43 | K10: 0 | L10: ok | M10: 933041 | N10: 0.02 | O10: SATISFIABLE | P10: 4.43 | Q10: 0 | R10: 318496
A11: Level_0/3-0001110 | B11: 1145 | C11: 0 | D11: 242876 | E11: 0 | F11: 367 | G11: 0 | H11: 1 | I11: 4.916 | J11: 5.05 | K11: 0 | L11: ok | M11: 1078748 | N11: 0.03 | O11: SATISFIABLE | P11: 5.05 | Q11: 0 | R11: 365407
A12: Level_0/3-0101001 | B12: 621 | C12: 0 | D12: 135579 | E12: 0 | F12: 245 | G12: 0 | H12: 1 | I12: 3.269 | J12: 3.43 | K12: 0 | L12: ok | M12: 726092 | N12: 0.02 | O12: SATISFIABLE | P12: 3.43 | Q12: 0 | R12: 242780
A13: Level_0/3-1011000 | B13: 1152 | C13: 0 | D13: 337701 | E13: 0 | F13: 458 | G13: 0 | H13: 1 | I13: 6.324 | J13: 6.49 | K13: 0 | L13: ok | M13: 1412233 | N13: 0.04 | O13: SATISFIABLE | P13: 6.49 | Q13: 0 | R13: 456718
A14: Level_0/3-1100010 | B14: 1203 | C14: 0 | D14: 377109 | E14: 0 | F14: 411 | G14: 0 | H14: 1 | I14: 5.662 | J14: 5.81 | K14: 0 | L14: ok | M14: 1240754 | N14: 0.03 | O14: SATISFIABLE | P14: 5.81 | Q14: 0 | R14: 409026
... A362: Level_9/7-1111111 | B362: 362447 | C362: 1191 | D362: 2564050 | E362: 0 | F362: 1353 | G362: 0 | H362: 1 | I362: 28.601 | J362: 29.05 | K362: 6 | L362: ok | M362: 5155200 | N362: 7.26 | O362: SATISFIABLE | P362: 29.05 | Q362: 0 | R362: 1337115
A364: SUM | B364: =SUM(B$3:B$362) -> 0 | C364: =SUM(C$3:C$362) -> 0 | D364: =SUM(D$3:D$362) -> 0 | E364: =SUM(E$3:E$362) -> 0 | F364: =SUM(F$3:F$362) -> 0 | G364: =SUM(G$3:G$362) -> 0 | H364: =SUM(H$3:H$362) -> 0 | I364: =SUM(I$3:I$362) -> 0 | ... K364: =SUM(K$3:K$362) -> 0 | M364: =SUM(M$3:M$362) -> 0 | N364: =SUM(N$3:N$362) -> 0 | P364: =SUM(P$3:P$362) -> 0 | Q364: =SUM(Q$3:Q$362) -> 0 | R364: =SUM(R$3:R$362) -> 0
A365: AVG | B365: =AVERAGE(B$3:B$362) -> 0 | C365: =AVERAGE(C$3:C$362) -> 0 | D365: =AVERAGE(D$3:D$362) -> 0 | E365: =AVERAGE(E$3:E$362) -> 0 | F365: =AVERAGE(F$3:F$362) -> 0 | G365: =AVERAGE(G$3:G$362) -> 0 | H365: =AVERAGE(H$3:H$362) -> 0 | I365: =AVERAGE(I$3:I$362) -> 0 | ... K365: =AVERAGE(K$3:K$362) -> 0 | M365: =AVERAGE(M$3:M$362) -> 0 | N365: =AVERAGE(N$3:N$362) -> 0 | P365: =AVERAGE(P$3:P$362) -> 0 | Q365: =AVERAGE(Q$3:Q$362) -> 0 | R365: =AVERAGE(R$3:R$362) -> 0
A366: DEV | B366: =STDEV(B$3:B$362) -> 0 | C366: =STDEV(C$3:C$362) -> 0 | D366: =STDEV(D$3:D$362) -> 0 | E366: =STDEV(E$3:E$362) -> 0 | F366: =STDEV(F$3:F$362) -> 0 | G366: =STDEV(G$3:G$362) -> 0 | H366: =STDEV(H$3:H$362) -> 0 | I366: =STDEV(I$3:I$362) -> 0 | ... K366: =STDEV(K$3:K$362) -> 0 | M366: =STDEV(M$3:M$362) -> 0 | N366: =STDEV(N$3:N$362) -> 0 | P366: =STDEV(P$3:P$362) -> 0 | Q366: =STDEV(Q$3:Q$362) -> 0 | R366: =STDEV(R$3:R$362) -> 0
A367: DST | B367: =SUMPRODUCT(--(B$3:B$362-$S$3:$S$362)^2)^0.5 -> 890538.29 | C367: =SUMPRODUCT(--(C$3:C$362-$T$3:$T$362)^2)^0.5 -> 19886.944 | D367: =SUMPRODUCT(--(D$3:D$362-$U$3:$U$362)^2)^0.5 -> 18909096 | E367: =SUMPRODUCT(--(E$3:E$362-$V$3:$V$362)^2)^0.5 -> 0 | F367: =SUMPRODUCT(--(F$3:F$362-$W$3:$W$362)^2)^0.5 -> 11838.061 | G367: =SUMPRODUCT(--(G$3:G$362-$X$3:$X$362)^2)^0.5 -> 0 | H367: =SUMPRODUCT(--(H$3:H$362-$Y$3:$Y$362)^2)^0.5 -> 18.973666 | I367: =SUMPRODUCT(--(I$3:I$362-$Z$3:$Z$362)^2)^0.5 -> 193.30555 | J367: =SUMPRODUCT(--(J$3:J$362-$AA$3:$AA$362)^2)^0.5 -> 197.43293 | K367: =SUMPRODUCT(--(K$3:K$362-$AB$3:$AB$362)^2)^0.5 -> 100.005 | M367: =SUMPRODUCT(--(M$3:M$362-$AC$3:$AC$362)^2)^0.5 -> 41597476 | N367: =SUMPRODUCT(--(N$3:N$362-$AD$3:$AD$362)^2)^0.5 -> 35.638746 | P367: =SUMPRODUCT(--(P$3:P$362-$AE$3:$AE$362)^2)^0.5 -> 197.43293 | Q367: =SUMPRODUCT(--(Q$3:Q$362-$AF$3:$AF$362)^2)^0.5 -> 0 | R367: =SUMPRODUCT(--(R$3:R$362-$AG$3:$AG$362)^2)^0.5 -> 11884305
A368: BEST | B368: =SUMPRODUCT(NOT(ISBLANK(B$3:B$362))*(B$3:B$362=$S$3:$S$362)) -> 0 | C368: =SUMPRODUCT(NOT(ISBLANK(C$3:C$362))*(C$3:C$362=$T$3:$T$362)) -> 112 | D368: =SUMPRODUCT(NOT(ISBLANK(D$3:D$362))*(D$3:D$362=$U$3:$U$362)) -> 0 | E368: =SUMPRODUCT(NOT(ISBLANK(E$3:E$362))*(E$3:E$362=$V$3:$V$362)) -> 360 | F368: =SUMPRODUCT(NOT(ISBLANK(F$3:F$362))*(F$3:F$362=$W$3:$W$362)) -> 0 | G368: =SUMPRODUCT(NOT(ISBLANK(G$3:G$362))*(G$3:G$362=$X$3:$X$362)) -> 360 | H368: =SUMPRODUCT(NOT(ISBLANK(H$3:H$362))*(H$3:H$362=$Y$3:$Y$362)) -> 0 | I368: =SUMPRODUCT(NOT(ISBLANK(I$3:I$362))*(I$3:I$362=$Z$3:$Z$362)) -> 0 | J368: =SUMPRODUCT(NOT(ISBLANK(J$3:J$362))*(J$3:J$362=$AA$3:$AA$362)) -> 0 | K368: =SUMPRODUCT(NOT(ISBLANK(K$3:K$362))*(K$3:K$362=$AB$3:$AB$362)) -> 276 | M368: =SUMPRODUCT(NOT(ISBLANK(M$3:M$362))*(M$3:M$362=$AC$3:$AC$362)) -> 0 | N368: =SUMPRODUCT(NOT(ISBLANK(N$3:N$362))*(N$3:N$362=$AD$3:$AD$362)) -> 0 | P368: =SUMPRODUCT(NOT(ISBLANK(P$3:P$362))*(P$3:P$362=$AE$3:$AE$362)) -> 0 | Q368: =SUMPRODUCT(NOT(ISBLANK(Q$3:Q$362))*(Q$3:Q$362=$AF$3:$AF$362)) -> 360 | R368: =SUMPRODUCT(NOT(ISBLANK(R$3:R$362))*(R$3:R$362=$AG$3:$AG$362)) -> 0
A369: BETTER | B369: =SUMPRODUCT(NOT(ISBLANK(B$3:B$362))*(B$3:B$362<$AH$3:$AH$362)) -> 0 | C369: =SUMPRODUCT(NOT(ISBLANK(C$3:C$362))*(C$3:C$362<$AI$3:$AI$362)) -> 0 | D369: =SUMPRODUCT(NOT(ISBLANK(D$3:D$362))*(D$3:D$362<$AJ$3:$AJ$362)) -> 0 | E369: =SUMPRODUCT(NOT(ISBLANK(E$3:E$362))*(E$3:E$362<$AK$3:$AK$362)) -> 0 | F369: =SUMPRODUCT(NOT(ISBLANK(F$3:F$362))*(F$3:F$362<$AL$3:$AL$362)) -> 0 | G369: =SUMPRODUCT(NOT(ISBLANK(G$3:G$362))*(G$3:G$362<$AM$3:$AM$362)) -> 0 | H369: =SUMPRODUCT(NOT(ISBLANK(H$3:H$362))*(H$3:H$362<$AN$3:$AN$362)) -> 0 | I369: =SUMPRODUCT(NOT(ISBLANK(I$3:I$362))*(I$3:I$362<$AO$3:$AO$362)) -> 0 | J369: =SUMPRODUCT(NOT(ISBLANK(J$3:J$362))*(J$3:J$362<$AP$3:$AP$362)) -> 0 | K369: =SUMPRODUCT(NOT(ISBLANK(K$3:K$362))*(K$3:K$362<$AQ$3:$AQ$362)) -> 0 | M369: =SUMPRODUCT(NOT(ISBLANK(M$3:M$362))*(M$3:M$362<$AR$3:$AR$362)) -> 0 | N369: =SUMPRODUCT(NOT(ISBLANK(N$3:N$362))*(N$3:N$362<$AS$3:$AS$362)) -> 0 | P369: =SUMPRODUCT(NOT(ISBLANK(P$3:P$362))*(P$3:P$362<$AT$3:$AT$362)) -> 0 | Q369: =SUMPRODUCT(NOT(ISBLANK(Q$3:Q$362))*(Q$3:Q$362<$AU$3:$AU$362)) -> 0 | R369: =SUMPRODUCT(NOT(ISBLANK(R$3:R$362))*(R$3:R$362<$AV$3:$AV$362)) -> 0
A370: WORSE | B370: =SUMPRODUCT((NOT(ISBLANK(B$3:B$362))*(B$3:B$362>$AH$3:$AH$362))+ISBLANK(B$3:B$362)) -> 360 | C370: =SUMPRODUCT((NOT(ISBLANK(C$3:C$362))*(C$3:C$362>$AI$3:$AI$362))+ISBLANK(C$3:C$362)) -> 248 | D370: =SUMPRODUCT((NOT(ISBLANK(D$3:D$362))*(D$3:D$362>$AJ$3:$AJ$362))+ISBLANK(D$3:D$362)) -> 360 | E370: =SUMPRODUCT((NOT(ISBLANK(E$3:E$362))*(E$3:E$362>$AK$3:$AK$362))+ISBLANK(E$3:E$362)) -> 0 | F370: =SUMPRODUCT((NOT(ISBLANK(F$3:F$362))*(F$3:F$362>$AL$3:$AL$362))+ISBLANK(F$3:F$362)) -> 360 | G370: =SUMPRODUCT((NOT(ISBLANK(G$3:G$362))*(G$3:G$362>$AM$3:$AM$362))+ISBLANK(G$3:G$362)) -> 0 | H370: =SUMPRODUCT((NOT(ISBLANK(H$3:H$362))*(H$3:H$362>$AN$3:$AN$362))+ISBLANK(H$3:H$362)) -> 360 | I370: =SUMPRODUCT((NOT(ISBLANK(I$3:I$362))*(I$3:I$362>$AO$3:$AO$362))+ISBLANK(I$3:I$362)) -> 360 | J370: =SUMPRODUCT((NOT(ISBLANK(J$3:J$362))*(J$3:J$362>$AP$3:$AP$362))+ISBLANK(J$3:J$362)) -> 360 | K370: =SUMPRODUCT((NOT(ISBLANK(K$3:K$362))*(K$3:K$362>$AQ$3:$AQ$362))+ISBLANK(K$3:K$362)) -> 84 | M370: =SUMPRODUCT((NOT(ISBLANK(M$3:M$362))*(M$3:M$362>$AR$3:$AR$362))+ISBLANK(M$3:M$362)) -> 360 | N370: =SUMPRODUCT((NOT(ISBLANK(N$3:N$362))*(N$3:N$362>$AS$3:$AS$362))+ISBLANK(N$3:N$362)) -> 360 | P370: =SUMPRODUCT((NOT(ISBLANK(P$3:P$362))*(P$3:P$362>$AT$3:$AT$362))+ISBLANK(P$3:P$362)) -> 360 | Q370: =SUMPRODUCT((NOT(ISBLANK(Q$3:Q$362))*(Q$3:Q$362>$AU$3:$AU$362))+ISBLANK(Q$3:Q$362)) -> 0 | R370: =SUMPRODUCT((NOT(ISBLANK(R$3:R$362))*(R$3:R$362>$AV$3:$AV$362))+ISBLANK(R$3:R$362)) -> 360
A371: WORST | B371: =SUMPRODUCT((NOT(ISBLANK(B$3:B$362))*(B$3:B$362=$AW$3:$AW$362))+ISBLANK(B$3:B$362)) -> 0 | C371: =SUMPRODUCT((NOT(ISBLANK(C$3:C$362))*(C$3:C$362=$AX$3:$AX$362))+ISBLANK(C$3:C$362)) -> 112 | D371: =SUMPRODUCT((NOT(ISBLANK(D$3:D$362))*(D$3:D$362=$AY$3:$AY$362))+ISBLANK(D$3:D$362)) -> 0 | E371: =SUMPRODUCT((NOT(ISBLANK(E$3:E$362))*(E$3:E$362=$AZ$3:$AZ$362))+ISBLANK(E$3:E$362)) -> 360 | F371: =SUMPRODUCT((NOT(ISBLANK(F$3:F$362))*(F$3:F$362=$BA$3:$BA$362))+ISBLANK(F$3:F$362)) -> 0 | G371: =SUMPRODUCT((NOT(ISBLANK(G$3:G$362))*(G$3:G$362=$BB$3:$BB$362))+ISBLANK(G$3:G$362)) -> 360 | H371: =SUMPRODUCT((NOT(ISBLANK(H$3:H$362))*(H$3:H$362=$BC$3:$BC$362))+ISBLANK(H$3:H$362)) -> 0 | I371: =SUMPRODUCT((NOT(ISBLANK(I$3:I$362))*(I$3:I$362=$BD$3:$BD$362))+ISBLANK(I$3:I$362)) -> 0 | J371: =SUMPRODUCT((NOT(ISBLANK(J$3:J$362))*(J$3:J$362=$BE$3:$BE$362))+ISBLANK(J$3:J$362)) -> 0 | K371: =SUMPRODUCT((NOT(ISBLANK(K$3:K$362))*(K$3:K$362=$BF$3:$BF$362))+ISBLANK(K$3:K$362)) -> 276 | M371: =SUMPRODUCT((NOT(ISBLANK(M$3:M$362))*(M$3:M$362=$BG$3:$BG$362))+ISBLANK(M$3:M$362)) -> 0 | N371: =SUMPRODUCT((NOT(ISBLANK(N$3:N$362))*(N$3:N$362=$BH$3:$BH$362))+ISBLANK(N$3:N$362)) -> 0 | P371: =SUMPRODUCT((NOT(ISBLANK(P$3:P$362))*(P$3:P$362=$BI$3:$BI$362))+ISBLANK(P$3:P$362)) -> 0 | Q371: =SUMPRODUCT((NOT(ISBLANK(Q$3:Q$362))*(Q$3:Q$362=$BJ$3:$BJ$362))+ISBLANK(Q$3:Q$362)) -> 360 | R371: =SUMPRODUCT((NOT(ISBLANK(R$3:R$362))*(R$3:R$362=$BK$3:$BK$362))+ISBLANK(R$3:R$362)) -> 0

Sheet Merged Runs
A1: Merge criteria: | B1: clingo-5.8.0/one-as | S1: min | AH1: median | AW1: max
A2: median | B2: choices | C2: conflicts | D2: constraints | E2: error | F2: mem | G2: memout | H2: models | I2: overall-time | J2: par2 | K2: restarts | L2: rstatus | M2: rules | N2: solving-time | O2: status | P2: time | Q2: timeout | R2: variables | S2: choices | T2: conflicts | U2: constraints | V2: error | W2: mem | X2: memout | Y2: models | Z2: overall-time | AA2: par2 | AB2: restarts | AC2: rules | AD2: solving-time | AE2: time | AF2: timeout | AG2: variables | AH2: choices | AI2: conflicts | AJ2: constraints | AK2: error | AL2: mem | AM2: memout | AN2: models | AO2: overall-time | AP2: par2 | AQ2: restarts | AR2: rules | AS2: solving-time | AT2: time | AU2: timeout | AV2: variables | AW2: choices | AX2: conflicts | AY2: constraints | AZ2: error | BA2: mem | BB2: memout | BC2: models | BD2: overall-time | BE2: par2 | BF2: restarts | BG2: rules | BH2: solving-time | BI2: time | BJ2: timeout | BK2: variables
A3: Level_0/2-0000101 | B3: {=_xlfn.SWITCH($A$2,"average", AVERAGE(Instances!B3:B3),"median", MEDIAN(Instances!B3:B3),"min", MIN(Instances!B3:B3),"max", MAX(Instances!B3:B3),"diff", MAX(Instances!B3:B3)-MIN(Instances!B3:B3))} -> 839 | C3: {=_xlfn.SWITCH($A$2,"average", AVERAGE(Instances!C3:C3),"median", MEDIAN(Instances!C3:C3),"min", MIN(Instances!C3:C3),"max", MAX(Instances!C3:C3),"diff", MAX(Instances!C3:C3)-MIN(Instances!C3:C3))} -> 0 | D3: {=_xlfn.SWITCH($A$2,"average", AVERAGE(Instances!D3:D3),"median", MEDIAN(Instances!D3:D3),"min", MIN(Instances!D3:D3),"max", MAX(Instances!D3:D3),"diff", MAX(Instances!D3:D3)-MIN(Instances!D3:D3))} -> 108042 | E3: {=_xlfn.SWITCH($A$2,"average", AVERAGE(Instances!E3:E3),"median", MEDIAN(Instances!E3:E3),"min", MIN(Instances!E3:E3),"max", MAX(Instances!E3:E3),"diff", MAX(Instances!E3:E3)-MIN(Instances!E3:E3))} -> 0 | F3: {=_xlfn.SWITCH($A$2,"average", AVERAGE(Instances!F3:F3),"median", MEDIAN(Instances!F3:F3),"min", MIN(Instances!F3:F3),"max", MAX(Instances!F3:F3),"diff", MAX(Instances!F3:F3)-MIN(Instances!F3:F3))} -> 179 | G3: {=_xlfn.SWITCH($A$2,"average", AVERAGE(Instances!G3:G3),"median", MEDIAN(Instances!G3:G3),"min", MIN(Instances!G3:G3),"max", MAX(Instances!G3:G3),"diff", MAX(Instances!G3:G3)-MIN(Instances!G3:G3))} -> 0 | H3: {=_xlfn.SWITCH($A$2,"average", AVERAGE(Instances!H3:H3),"median", MEDIAN(Instances!H3:H3),"min", MIN(Instances!H3:H3),"max", MAX(Instances!H3:H3),"diff", MAX(Instances!H3:H3)-MIN(Instances!H3:H3))} -> 1 | I3: {=_xlfn.SWITCH($A$2,"average", AVERAGE(Instances!I3:I3),"median", MEDIAN(Instances!I3:I3),"min", MIN(Instances!I3:I3),"max", MAX(Instances!I3:I3),"diff", MAX(Instances!I3:I3)-MIN(Instances!I3:I3))} -> 2.397 | ... K3: {=_xlfn.SWITCH($A$2,"average", AVERAGE(Instances!K3:K3),"median", MEDIAN(Instances!K3:K3),"min", MIN(Instances!K3:K3),"max", MAX(Instances!K3:K3),"diff", MAX(Instances!K3:K3)-MIN(Instances!K3:K3))} -> 0 | M3: {=_xlfn.SWITCH($A$2,"average", AVERAGE(Instances!M3:M3),"median", MEDIAN(Instances!M3:M3),"min", MIN(Instances!M3:M3),"max", MAX(Instances!M3:M3),"diff", MAX(Instances!M3:M3)-MIN(Instances!M3:M3))} -> 477481 | N3: {=_xlfn.SWITCH($A$2,"average", AVERAGE(Instances!N3:N3),"median", MEDIAN(Instances!N3:N3),"min", MIN(Instances!N3:N3),"max", MAX(Instances!N3:N3),"diff", MAX(Instances!N3:N3)-MIN(Instances!N3:N3))} -> 0.01 | P3: {=_xlfn.SWITCH($A$2,"average", AVERAGE(Instances!P3:P3),"median", MEDIAN(Instances!P3:P3),"min", MIN(Instances!P3:P3),"max", MAX(Instances!P3:P3),"diff", MAX(Instances!P3:P3)-MIN(Instances!P3:P3))} -> 2.46 | Q3: {=_xlfn.SWITCH($A$2,"average", AVERAGE(Instances!Q3:Q3),"median", MEDIAN(Instances!Q3:Q3),"min", MIN(Instances!Q3:Q3),"max", MAX(Instances!Q3:Q3),"diff", MAX(Instances!Q3:Q3)-MIN(Instances!Q3:Q3))} -> 0 | R3: {=_xlfn.SWITCH($A$2,"average", AVERAGE(Instances!R3:R3),"median", MEDIAN(Instances!R3:R3),"min", MIN(Instances!R3:R3),"max", MAX(Instances!R3:R3),"diff", MAX(Instances!R3:R3)-MIN(Instances!R3:R3))} -> 179096 | S3: =MIN($B3) -> 839 | T3: =MIN($C3) -> 0 | U3: =MIN($D3) -> 108042 | V3: =MIN($E3) -> 0 | W3: =MIN($F3) -> 179 | X3: =MIN($G3) -> 0 | Y3: =MIN($H3) -> 1 | Z3: =MIN($I3) -> 2.397 | AA3: =MIN($J3) -> 2.46 | AB3: =MIN($K3) -> 0 | AC3: =MIN($M3) -> 477481 | AD3: =MIN($N3) -> 0.01 | AE3: =MIN($P3) -> 2.46 | AF3: =MIN($Q3) -> 0 | AG3: =MIN($R3) -> 179096 | AH3: =MEDIAN($B3) -> 839 | AI3: =MEDIAN($C3) -> 0 | AJ3: =MEDIAN($D3) -> 108042 | AK3: =MEDIAN($E3) -> 0 | AL3: =MEDIAN($F3) -> 179 | AM3: =MEDIAN($G3) -> 0 | AN3: =MEDIAN($H3) -> 1 | AO3: =MEDIAN($I3) -> 2.397 | AP3: =MEDIAN($J3) -> 2.46 | AQ3: =MEDIAN($K3) -> 0 | AR3: =MEDIAN($M3) -> 477481 | AS3: =MEDIAN($N3) -> 0.01 | AT3: =MEDIAN($P3) -> 2.46 | AU3: =MEDIAN($Q3) -> 0 | AV3: =MEDIAN($R3) -> 179096 | AW3: =MAX($B3) -> 839 | AX3: =MAX($C3) -> 0 | AY3: =MAX($D3) -> 108042 | AZ3: =MAX($E3) -> 0 | BA3: =MAX($F3) -> 179 | BB3: =MAX($G3) -> 0 | BC3: =MAX($H3) -> 1 | BD3: =MAX($I3) -> 2.397 | BE3: =MAX($J3) -> 2.46 | BF3: =MAX($K3) -> 0 | BG3: =MAX($M3) -> 477481 | BH3: =MAX($N3) -> 0.01 | BI3: =MAX($P3) -> 2.46 | BJ3: =MAX($Q3) -> 0 | BK3: =MAX($R3) -> 179096
A4: Level_0/2-0000110 | B4: {=_xlfn.SWITCH($A$2,"average", AVERAGE(Instances!B4:B4),"median", MEDIAN(Instances!B4:B4),"min", MIN(Instances!B4:B4),"max", MAX(Instances!B4:B4),"diff", MAX(Instances!B4:B4)-MIN(Instances!B4:B4))} -> 1112 | C4: {=_xlfn.SWITCH($A$2,"average", AVERAGE(Instances!C4:C4),"median", MEDIAN(Instances!C4:C4),"min", MIN(Instances!C4:C4),"max", MAX(Instances!C4:C4),"diff", MAX(Instances!C4:C4)-MIN(Instances!C4:C4))} -> 0 | D4: {=_xlfn.SWITCH($A$2,"average", AVERAGE(Instances!D4:D4),"median", MEDIAN(Instances!D4:D4),"min", MIN(Instances!D4:D4),"max", MAX(Instances!D4:D4),"diff", MAX(Instances!D4:D4)-MIN(Instances!D4:D4))} -> 138673 | E4: {=_xlfn.SWITCH($A$2,"average", AVERAGE(Instances!E4:E4),"median", MEDIAN(Instances!E4:E4),"min", MIN(Instances!E4:E4),"max", MAX(Instances!E4:E4),"diff", MAX(Instances!E4:E4)-MIN(Instances!E4:E4))} -> 0 | F4: {=_xlfn.SWITCH($A$2,"average", AVERAGE(Instances!F4:F4),"median", MEDIAN(Instances!F4:F4),"min", MIN(Instances!F4:F4),"max", MAX(Instances!F4:F4),"diff", MAX(Instances!F4:F4)-MIN(Instances!F4:F4))} -> 223 | G4: {=_xlfn.SWITCH($A$2,"average", AVERAGE(Instances!G4:G4),"median", MEDIAN(Instances!G4:G4),"min", MIN(Instances!G4:G4),"max", MAX(Instances!G4:G4),"diff", MAX(Instances!G4:G4)-MIN(Instances!G4:G4))} -> 0 | H4: {=_xlfn.SWITCH($A$2,"average", AVERAGE(Instances!H4:H4),"median", MEDIAN(Instances!H4:H4),"min", MIN(Instances!H4:H4),"max", MAX(Instances!H4:H4),"diff", MAX(Instances!H4:H4)-MIN(Instances!H4:H4))} -> 1 | I4: {=_xlfn.SWITCH($A$2,"average", AVERAGE(Instances!I4:I4),"median", MEDIAN(Instances!I4:I4),"min", MIN(Instances!I4:I4),"max", MAX(Instances!I4:I4),"diff", MAX(Instances!I4:I4)-MIN(Instances!I4:I4))} -> 2.85 | ... K4: {=_xlfn.SWITCH($A$2,"average", AVERAGE(Instances!K4:K4),"median", MEDIAN(Instances!K4:K4),"min", MIN(Instances!K4:K4),"max", MAX(Instances!K4:K4),"diff", MAX(Instances!K4:K4)-MIN(Instances!K4:K4))} -> 0 | M4: {=_xlfn.SWITCH($A$2,"average", AVERAGE(Instances!M4:M4),"median", MEDIAN(Instances!M4:M4),"min", MIN(Instances!M4:M4),"max", MAX(Instances!M4:M4),"diff", MAX(Instances!M4:M4)-MIN(Instances!M4:M4))} -> 572593 | N4: {=_xlfn.SWITCH($A$2,"average", AVERAGE(Instances!N4:N4),"median", MEDIAN(Instances!N4:N4),"min", MIN(Instances!N4:N4),"max", MAX(Instances!N4:N4),"diff", MAX(Instances!N4:N4)-MIN(Instances!N4:N4))} -> 0.02 | P4: {=_xlfn.SWITCH($A$2,"average", AVERAGE(Instances!P4:P4),"median", MEDIAN(Instances!P4:P4),"min", MIN(Instances!P4:P4),"max", MAX(Instances!P4:P4),"diff", MAX(Instances!P4:P4)-MIN(Instances!P4:P4))} -> 2.93 | Q4: {=_xlfn.SWITCH($A$2,"average", AVERAGE(Instances!Q4:Q4),"median", MEDIAN(Instances!Q4:Q4),"min", MIN(Instances!Q4:Q4),"max", MAX(Instances!Q4:Q4),"diff", MAX(Instances!Q4:Q4)-MIN(Instances!Q4:Q4))} -> 0 | R4: {=_xlfn.SWITCH($A$2,"average", AVERAGE(Instances!R4:R4),"median", MEDIAN(Instances!R4:R4),"min", MIN(Instances!R4:R4),"max", MAX(Instances!R4:R4),"diff", MAX(Instances!R4:R4)-MIN(Instances!R4:R4))} -> 215132 | S4: =MIN($B4) -> 1112 | T4: =MIN($C4) -> 0 | U4: =MIN($D4) -> 138673 | V4: =MIN($E4) -> 0 | W4: =MIN($F4) -> 223 | X4: =MIN($G4) -> 0 | Y4: =MIN($H4) -> 1 | Z4: =MIN($I4) -> 2.85 | AA4: =MIN($J4) -> 2.93 | AB4: =MIN($K4) -> 0 | AC4: =MIN($M4) -> 572593 | AD4: =MIN($N4) -> 0.02 | AE4: =MIN($P4) -> 2.93 | AF4: =MIN($Q4) -> 0 | AG4: =MIN($R4) -> 215132 | AH4: =MEDIAN($B4) -> 1112 | AI4: =MEDIAN($C4) -> 0 | AJ4: =MEDIAN($D4) -> 138673 | AK4: =MEDIAN($E4) -> 0 | AL4: =MEDIAN($F4) -> 223 | AM4: =MEDIAN($G4) -> 0 | AN4: =MEDIAN($H4) -> 1 | AO4: =MEDIAN($I4) -> 2.85 | AP4: =MEDIAN($J4) -> 2.93 | AQ4: =MEDIAN($K4) -> 0 | AR4: =MEDIAN($M4) -> 572593 | AS4: =MEDIAN($N4) -> 0.02 | AT4: =MEDIAN($P4) -> 2.93 | AU4: =MEDIAN($Q4) -> 0 | AV4: =MEDIAN($R4) -> 215132 | AW4: =MAX($B4) -> 1112 | AX4: =MAX($C4) -> 0 | AY4: =MAX($D4) -> 138673 | AZ4: =MAX($E4) -> 0 | BA4: =MAX($F4) -> 223 | BB4: =MAX($G4) -> 0 | BC4: =MAX($H4) -> 1 | BD4: =MAX($I4) -> 2.85 | BE4: =MAX($J4) -> 2.93 | BF4: =MAX($K4) -> 0 | BG4: =MAX($M4) -> 572593 | BH4: =MAX($N4) -> 0.02 | BI4: =MAX($P4) -> 2.93 | BJ4: =MAX($Q4) -> 0 | BK4: =MAX($R4) -> 215132
A5: Level_0/2-0001001 | B5: {=_xlfn.SWITCH($A$2,"average", AVERAGE(Instances!B5:B5),"median", MEDIAN(Instances!B5:B5),"min", MIN(Instances!B5:B5),"max", MAX(Instances!B5:B5),"diff", MAX(Instances!B5:B5)-MIN(Instances!B5:B5))} -> 523 | C5: {=_xlfn.SWITCH($A$2,"average", AVERAGE(Instances!C5:C5),"median", MEDIAN(Instances!C5:C5),"min", MIN(Instances!C5:C5),"max", MAX(Instances!C5:C5),"diff", MAX(Instances!C5:C5)-MIN(Instances!C5:C5))} -> 0 | D5: {=_xlfn.SWITCH($A$2,"average", AVERAGE(Instances!D5:D5),"median", MEDIAN(Instances!D5:D5),"min", MIN(Instances!D5:D5),"max", MAX(Instances!D5:D5),"diff", MAX(Instances!D5:D5)-MIN(Instances!D5:D5))} -> 106237 | E5: {=_xlfn.SWITCH($A$2,"average", AVERAGE(Instances!E5:E5),"median", MEDIAN(Instances!E5:E5),"min", MIN(Instances!E5:E5),"max", MAX(Instances!E5:E5),"diff", MAX(Instances!E5:E5)-MIN(Instances!E5:E5))} -> 0 | F5: {=_xlfn.SWITCH($A$2,"average", AVERAGE(Instances!F5:F5),"median", MEDIAN(Instances!F5:F5),"min", MIN(Instances!F5:F5),"max", MAX(Instances!F5:F5),"diff", MAX(Instances!F5:F5)-MIN(Instances!F5:F5))} -> 190 | G5: {=_xlfn.SWITCH($A$2,"average", AVERAGE(Instances!G5:G5),"median", MEDIAN(Instances!G5:G5),"min", MIN(Instances!G5:G5),"max", MAX(Instances!G5:G5),"diff", MAX(Instances!G5:G5)-MIN(Instances!G5:G5))} -> 0 | H5: {=_xlfn.SWITCH($A$2,"average", AVERAGE(Instances!H5:H5),"median", MEDIAN(Instances!H5:H5),"min", MIN(Instances!H5:H5),"max", MAX(Instances!H5:H5),"diff", MAX(Instances!H5:H5)-MIN(Instances!H5:H5))} -> 1 | I5: {=_xlfn.SWITCH($A$2,"average", AVERAGE(Instances!I5:I5),"median", MEDIAN(Instances!I5:I5),"min", MIN(Instances!I5:I5),"max", MAX(Instances!I5:I5),"diff", MAX(Instances!I5:I5)-MIN(Instances!I5:I5))} -> 2.548 | ... K5: {=_xlfn.SWITCH($A$2,"average", AVERAGE(Instances!K5:K5),"median", MEDIAN(Instances!K5:K5),"min", MIN(Instances!K5:K5),"max", MAX(Instances!K5:K5),"diff", MAX(Instances!K5:K5)-MIN(Instances!K5:K5))} -> 0 | M5: {=_xlfn.SWITCH($A$2,"average", AVERAGE(Instances!M5:M5),"median", MEDIAN(Instances!M5:M5),"min", MIN(Instances!M5:M5),"max", MAX(Instances!M5:M5),"diff", MAX(Instances!M5:M5)-MIN(Instances!M5:M5))} -> 531500 | N5: {=_xlfn.SWITCH($A$2,"average", AVERAGE(Instances!N5:N5),"median", MEDIAN(Instances!N5:N5),"min", MIN(Instances!N5:N5),"max", MAX(Instances!N5:N5),"diff", MAX(Instances!N5:N5)-MIN(Instances!N5:N5))} -> 0.01 | P5: {=_xlfn.SWITCH($A$2,"average", AVERAGE(Instances!P5:P5),"median", MEDIAN(Instances!P5:P5),"min", MIN(Instances!P5:P5),"max", MAX(Instances!P5:P5),"diff", MAX(Instances!P5:P5)-MIN(Instances!P5:P5))} -> 2.62 | Q5: {=_xlfn.SWITCH($A$2,"average", AVERAGE(Instances!Q5:Q5),"median", MEDIAN(Instances!Q5:Q5),"min", MIN(Instances!Q5:Q5),"max", MAX(Instances!Q5:Q5),"diff", MAX(Instances!Q5:Q5)-MIN(Instances!Q5:Q5))} -> 0 | R5: {=_xlfn.SWITCH($A$2,"average", AVERAGE(Instances!R5:R5),"median", MEDIAN(Instances!R5:R5),"min", MIN(Instances!R5:R5),"max", MAX(Instances!R5:R5),"diff", MAX(Instances!R5:R5)-MIN(Instances!R5:R5))} -> 190873 | S5: =MIN($B5) -> 523 | T5: =MIN($C5) -> 0 | U5: =MIN($D5) -> 106237 | V5: =MIN($E5) -> 0 | W5: =MIN($F5) -> 190 | X5: =MIN($G5) -> 0 | Y5: =MIN($H5) -> 1 | Z5: =MIN($I5) -> 2.548 | AA5: =MIN($J5) -> 2.62 | AB5: =MIN($K5) -> 0 | AC5: =MIN($M5) -> 531500 | AD5: =MIN($N5) -> 0.01 | AE5: =MIN($P5) -> 2.62 | AF5: =MIN($Q5) -> 0 | AG5: =MIN($R5) -> 190873 | AH5: =MEDIAN($B5) -> 523 | AI5: =MEDIAN($C5) -> 0 | AJ5: =MEDIAN($D5) -> 106237 | AK5: =MEDIAN($E5) -> 0 | AL5: =MEDIAN($F5) -> 190 | AM5: =MEDIAN($G5) -> 0 | AN5: =MEDIAN($H5) -> 1 | AO5: =MEDIAN($I5) -> 2.548 | AP5: =MEDIAN($J5) -> 2.62 | AQ5: =MEDIAN($K5) -> 0 | AR5: =MEDIAN($M5) -> 531500 | AS5: =MEDIAN($N5) -> 0.01 | AT5: =MEDIAN($P5) -> 2.62 | AU5: =MEDIAN($Q5) -> 0 | AV5: =MEDIAN($R5) -> 190873 | AW5: =MAX($B5) -> 523 | AX5: =MAX($C5) -> 0 | AY5: =MAX($D5) -> 106237 | AZ5: =MAX($E5) -> 0 | BA5: =MAX($F5) -> 190 | BB5: =MAX($G5) -> 0 | BC5: =MAX($H5) -> 1 | BD5: =MAX($I5) -> 2.548 | BE5: =MAX($J5) -> 2.62 | BF5: =MAX($K5) -> 0 | BG5: =MAX($M5) -> 531500 | BH5: =MAX($N5) -> 0.01 | BI5: =MAX($P5) -> 2.62 | BJ5: =MAX($Q5) -> 0 | BK5: =MAX($R5) -> 190873
A6: Level_0/2-0001010 | B6: {=_xlfn.SWITCH($A$2,"average", AVERAGE(Instances!B6:B6),"median", MEDIAN(Instances!B6:B6),"min", MIN(Instances!B6:B6),"max", MAX(Instances!B6:B6),"diff", MAX(Instances!B6:B6)-MIN(Instances!B6:B6))} -> 1464 | C6: {=_xlfn.SWITCH($A$2,"average", AVERAGE(Instances!C6:C6),"median", MEDIAN(Instances!C6:C6),"min", MIN(Instances!C6:C6),"max", MAX(Instances!C6:C6),"diff", MAX(Instances!C6:C6)-MIN(Instances!C6:C6))} -> 1 | D6: {=_xlfn.SWITCH($A$2,"average", AVERAGE(Instances!D6:D6),"median", MEDIAN(Instances!D6:D6),"min", MIN(Instances!D6:D6),"max", MAX(Instances!D6:D6),"diff", MAX(Instances!D6:D6)-MIN(Instances!D6:D6))} -> 227403 | E6: {=_xlfn.SWITCH($A$2,"average", AVERAGE(Instances!E6:E6),"median", MEDIAN(Instances!E6:E6),"min", MIN(Instances!E6:E6),"max", MAX(Instances!E6:E6),"diff", MAX(Instances!E6:E6)-MIN(Instances!E6:E6))} -> 0 | F6: {=_xlfn.SWITCH($A$2,"average", AVERAGE(Instances!F6:F6),"median", MEDIAN(Instances!F6:F6),"min", MIN(Instances!F6:F6),"max", MAX(Instances!F6:F6),"diff", MAX(Instances!F6:F6)-MIN(Instances!F6:F6))} -> 299 | G6: {=_xlfn.SWITCH($A$2,"average", AVERAGE(Instances!G6:G6),"median", MEDIAN(Instances!G6:G6),"min", MIN(Instances!G6:G6),"max", MAX(Instances!G6:G6),"diff", MAX(Instances!G6:G6)-MIN(Instances!G6:G6))} -> 0 | H6: {=_xlfn.SWITCH($A$2,"average", AVERAGE(Instances!H6:H6),"median", MEDIAN(Instances!H6:H6),"min", MIN(Instances!H6:H6),"max", MAX(Instances!H6:H6),"diff", MAX(Instances!H6:H6)-MIN(Instances!H6:H6))} -> 1 | I6: {=_xlfn.SWITCH($A$2,"average", AVERAGE(Instances!I6:I6),"median", MEDIAN(Instances!I6:I6),"min", MIN(Instances!I6:I6),"max", MAX(Instances!I6:I6),"diff", MAX(Instances!I6:I6)-MIN(Instances!I6:I6))} -> 3.949 | ... K6: {=_xlfn.SWITCH($A$2,"average", AVERAGE(Instances!K6:K6),"median", MEDIAN(Instances!K6:K6),"min", MIN(Instances!K6:K6),"max", MAX(Instances!K6:K6),"diff", MAX(Instances!K6:K6)-MIN(Instances!K6:K6))} -> 0 | M6: {=_xlfn.SWITCH($A$2,"average", AVERAGE(Instances!M6:M6),"median", MEDIAN(Instances!M6:M6),"min", MIN(Instances!M6:M6),"max", MAX(Instances!M6:M6),"diff", MAX(Instances!M6:M6)-MIN(Instances!M6:M6))} -> 861548 | N6: {=_xlfn.SWITCH($A$2,"average", AVERAGE(Instances!N6:N6),"median", MEDIAN(Instances!N6:N6),"min", MIN(Instances!N6:N6),"max", MAX(Instances!N6:N6),"diff", MAX(Instances!N6:N6)-MIN(Instances!N6:N6))} -> 0.03 | P6: {=_xlfn.SWITCH($A$2,"average", AVERAGE(Instances!P6:P6),"median", MEDIAN(Instances!P6:P6),"min", MIN(Instances!P6:P6),"max", MAX(Instances!P6:P6),"diff", MAX(Instances!P6:P6)-MIN(Instances!P6:P6))} -> 4.06 | Q6: {=_xlfn.SWITCH($A$2,"average", AVERAGE(Instances!Q6:Q6),"median", MEDIAN(Instances!Q6:Q6),"min", MIN(Instances!Q6:Q6),"max", MAX(Instances!Q6:Q6),"diff", MAX(Instances!Q6:Q6)-MIN(Instances!Q6:Q6))} -> 0 | R6: {=_xlfn.SWITCH($A$2,"average", AVERAGE(Instances!R6:R6),"median", MEDIAN(Instances!R6:R6),"min", MIN(Instances!R6:R6),"max", MAX(Instances!R6:R6),"diff", MAX(Instances!R6:R6)-MIN(Instances!R6:R6))} -> 306887 | S6: =MIN($B6) -> 1464 | T6: =MIN($C6) -> 1 | U6: =MIN($D6) -> 227403 | V6: =MIN($E6) -> 0 | W6: =MIN($F6) -> 299 | X6: =MIN($G6) -> 0 | Y6: =MIN($H6) -> 1 | Z6: =MIN($I6) -> 3.949 | AA6: =MIN($J6) -> 4.06 | AB6: =MIN($K6) -> 0 | AC6: =MIN($M6) -> 861548 | AD6: =MIN($N6) -> 0.03 | AE6: =MIN($P6) -> 4.06 | AF6: =MIN($Q6) -> 0 | AG6: =MIN($R6) -> 306887 | AH6: =MEDIAN($B6) -> 1464 | AI6: =MEDIAN($C6) -> 1 | AJ6: =MEDIAN($D6) -> 227403 | AK6: =MEDIAN($E6) -> 0 | AL6: =MEDIAN($F6) -> 299 | AM6: =MEDIAN($G6) -> 0 | AN6: =MEDIAN($H6) -> 1 | AO6: =MEDIAN($I6) -> 3.949 | AP6: =MEDIAN($J6) -> 4.06 | AQ6: =MEDIAN($K6) -> 0 | AR6: =MEDIAN($M6) -> 861548 | AS6: =MEDIAN($N6) -> 0.03 | AT6: =MEDIAN($P6) -> 4.06 | AU6: =MEDIAN($Q6) -> 0 | AV6: =MEDIAN($R6) -> 306887 | AW6: =MAX($B6) -> 1464 | AX6: =MAX($C6) -> 1 | AY6: =MAX($D6) -> 227403 | AZ6: =MAX($E6) -> 0 | BA6: =MAX($F6) -> 299 | BB6: =MAX($G6) -> 0 | BC6: =MAX($H6) -> 1 | BD6: =MAX($I6) -> 3.949 | BE6: =MAX($J6) -> 4.06 | BF6: =MAX($K6) -> 0 | BG6: =MAX($M6) -> 861548 | BH6: =MAX($N6) -> 0.03 | BI6: =MAX($P6) -> 4.06 | BJ6: =MAX($Q6) -> 0 | BK6: =MAX($R6) -> 306887
A7: Level_0/2-0001100 | B7: {=_xlfn.SWITCH($A$2,"average", AVERAGE(Instances!B7:B7),"median", MEDIAN(Instances!B7:B7),"min", MIN(Instances!B7:B7),"max", MAX(Instances!B7:B7),"diff", MAX(Instances!B7:B7)-MIN(Instances!B7:B7))} -> 767 | C7: {=_xlfn.SWITCH($A$2,"average", AVERAGE(Instances!C7:C7),"median", MEDIAN(Instances!C7:C7),"min", MIN(Instances!C7:C7),"max", MAX(Instances!C7:C7),"diff", MAX(Instances!C7:C7)-MIN(Instances!C7:C7))} -> 0 | D7: {=_xlfn.SWITCH($A$2,"average", AVERAGE(Instances!D7:D7),"median", MEDIAN(Instances!D7:D7),"min", MIN(Instances!D7:D7),"max", MAX(Instances!D7:D7),"diff", MAX(Instances!D7:D7)-MIN(Instances!D7:D7))} -> 127626 | E7: {=_xlfn.SWITCH($A$2,"average", AVERAGE(Instances!E7:E7),"median", MEDIAN(Instances!E7:E7),"min", MIN(Instances!E7:E7),"max", MAX(Instances!E7:E7),"diff", MAX(Instances!E7:E7)-MIN(Instances!E7:E7))} -> 0 | F7: {=_xlfn.SWITCH($A$2,"average", AVERAGE(Instances!F7:F7),"median", MEDIAN(Instances!F7:F7),"min", MIN(Instances!F7:F7),"max", MAX(Instances!F7:F7),"diff", MAX(Instances!F7:F7)-MIN(Instances!F7:F7))} -> 202 | G7: {=_xlfn.SWITCH($A$2,"average", AVERAGE(Instances!G7:G7),"median", MEDIAN(Instances!G7:G7),"min", MIN(Instances!G7:G7),"max", MAX(Instances!G7:G7),"diff", MAX(Instances!G7:G7)-MIN(Instances!G7:G7))} -> 0 | H7: {=_xlfn.SWITCH($A$2,"average", AVERAGE(Instances!H7:H7),"median", MEDIAN(Instances!H7:H7),"min", MIN(Instances!H7:H7),"max", MAX(Instances!H7:H7),"diff", MAX(Instances!H7:H7)-MIN(Instances!H7:H7))} -> 1 | I7: {=_xlfn.SWITCH($A$2,"average", AVERAGE(Instances!I7:I7),"median", MEDIAN(Instances!I7:I7),"min", MIN(Instances!I7:I7),"max", MAX(Instances!I7:I7),"diff", MAX(Instances!I7:I7)-MIN(Instances!I7:I7))} -> 2.534 | ... K7: {=_xlfn.SWITCH($A$2,"average", AVERAGE(Instances!K7:K7),"median", MEDIAN(Instances!K7:K7),"min", MIN(Instances!K7:K7),"max", MAX(Instances!K7:K7),"diff", MAX(Instances!K7:K7)-MIN(Instances!K7:K7))} -> 0 | M7: {=_xlfn.SWITCH($A$2,"average", AVERAGE(Instances!M7:M7),"median", MEDIAN(Instances!M7:M7),"min", MIN(Instances!M7:M7),"max", MAX(Instances!M7:M7),"diff", MAX(Instances!M7:M7)-MIN(Instances!M7:M7))} -> 525049 | N7: {=_xlfn.SWITCH($A$2,"average", AVERAGE(Instances!N7:N7),"median", MEDIAN(Instances!N7:N7),"min", MIN(Instances!N7:N7),"max", MAX(Instances!N7:N7),"diff", MAX(Instances!N7:N7)-MIN(Instances!N7:N7))} -> 0.01 | P7: {=_xlfn.SWITCH($A$2,"average", AVERAGE(Instances!P7:P7),"median", MEDIAN(Instances!P7:P7),"min", MIN(Instances!P7:P7),"max", MAX(Instances!P7:P7),"diff", MAX(Instances!P7:P7)-MIN(Instances!P7:P7))} -> 2.61 | Q7: {=_xlfn.SWITCH($A$2,"average", AVERAGE(Instances!Q7:Q7),"median", MEDIAN(Instances!Q7:Q7),"min", MIN(Instances!Q7:Q7),"max", MAX(Instances!Q7:Q7),"diff", MAX(Instances!Q7:Q7)-MIN(Instances!Q7:Q7))} -> 0 | R7: {=_xlfn.SWITCH($A$2,"average", AVERAGE(Instances!R7:R7),"median", MEDIAN(Instances!R7:R7),"min", MIN(Instances!R7:R7),"max", MAX(Instances!R7:R7),"diff", MAX(Instances!R7:R7)-MIN(Instances!R7:R7))} -> 198752 | S7: =MIN($B7) -> 767 | T7: =MIN($C7) -> 0 | U7: =MIN($D7) -> 127626 | V7: =MIN($E7) -> 0 | W7: =MIN($F7) -> 202 | X7: =MIN($G7) -> 0 | Y7: =MIN($H7) -> 1 | Z7: =MIN($I7) -> 2.534 | AA7: =MIN($J7) -> 2.61 | AB7: =MIN($K7) -> 0 | AC7: =MIN($M7) -> 525049 | AD7: =MIN($N7) -> 0.01 | AE7: =MIN($P7) -> 2.61 | AF7: =MIN($Q7) -> 0 | AG7: =MIN($R7) -> 198752 | AH7: =MEDIAN($B7) -> 767 | AI7: =MEDIAN($C7) -> 0 | AJ7: =MEDIAN($D7) -> 127626 | AK7: =MEDIAN($E7) -> 0 | AL7: =MEDIAN($F7) -> 202 | AM7: =MEDIAN($G7) -> 0 | AN7: =MEDIAN($H7) -> 1 | AO7: =MEDIAN($I7) -> 2.534 | AP7: =MEDIAN($J7) -> 2.61 | AQ7: =MEDIAN($K7) -> 0 | AR7: =MEDIAN($M7) -> 525049 | AS7: =MEDIAN($N7) -> 0.01 | AT7: =MEDIAN($P7) -> 2.61 | AU7: =MEDIAN($Q7) -> 0 | AV7: =MEDIAN($R7) -> 198752 | AW7: =MAX($B7) -> 767 | AX7: =MAX($C7) -> 0 | AY7: =MAX($D7) -> 127626 | AZ7: =MAX($E7) -> 0 | BA7: =MAX($F7) -> 202 | BB7: =MAX($G7) -> 0 | BC7: =MAX($H7) -> 1 | BD7: =MAX($I7) -> 2.534 | BE7: =MAX($J7) -> 2.61 | BF7: =MAX($K7) -> 0 | BG7: =MAX($M7) -> 525049 | BH7: =MAX($N7) -> 0.01 | BI7: =MAX($P7) -> 2.61 | BJ7: =MAX($Q7) -> 0 | BK7: =MAX($R7) -> 198752
A8: Level_0/2-0100001 | B8: {=_xlfn.SWITCH($A$2,"average", AVERAGE(Instances!B8:B8),"median", MEDIAN(Instances!B8:B8),"min", MIN(Instances!B8:B8),"max", MAX(Instances!B8:B8),"diff", MAX(Instances!B8:B8)-MIN(Instances!B8:B8))} -> 515 | C8: {=_xlfn.SWITCH($A$2,"average", AVERAGE(Instances!C8:C8),"median", MEDIAN(Instances!C8:C8),"min", MIN(Instances!C8:C8),"max", MAX(Instances!C8:C8),"diff", MAX(Instances!C8:C8)-MIN(Instances!C8:C8))} -> 0 | D8: {=_xlfn.SWITCH($A$2,"average", AVERAGE(Instances!D8:D8),"median", MEDIAN(Instances!D8:D8),"min", MIN(Instances!D8:D8),"max", MAX(Instances!D8:D8),"diff", MAX(Instances!D8:D8)-MIN(Instances!D8:D8))} -> 86065 | E8: {=_xlfn.SWITCH($A$2,"average", AVERAGE(Instances!E8:E8),"median", MEDIAN(Instances!E8:E8),"min", MIN(Instances!E8:E8),"max", MAX(Instances!E8:E8),"diff", MAX(Instances!E8:E8)-MIN(Instances!E8:E8))} -> 0 | F8: {=_xlfn.SWITCH($A$2,"average", AVERAGE(Instances!F8:F8),"median", MEDIAN(Instances!F8:F8),"min", MIN(Instances!F8:F8),"max", MAX(Instances!F8:F8),"diff", MAX(Instances!F8:F8)-MIN(Instances!F8:F8))} -> 140 | G8: {=_xlfn.SWITCH($A$2,"average", AVERAGE(Instances!G8:G8),"median", MEDIAN(Instances!G8:G8),"min", MIN(Instances!G8:G8),"max", MAX(Instances!G8:G8),"diff", MAX(Instances!G8:G8)-MIN(Instances!G8:G8))} -> 0 | H8: {=_xlfn.SWITCH($A$2,"average", AVERAGE(Instances!H8:H8),"median", MEDIAN(Instances!H8:H8),"min", MIN(Instances!H8:H8),"max", MAX(Instances!H8:H8),"diff", MAX(Instances!H8:H8)-MIN(Instances!H8:H8))} -> 1 | I8: {=_xlfn.SWITCH($A$2,"average", AVERAGE(Instances!I8:I8),"median", MEDIAN(Instances!I8:I8),"min", MIN(Instances!I8:I8),"max", MAX(Instances!I8:I8),"diff", MAX(Instances!I8:I8)-MIN(Instances!I8:I8))} -> 1.906 | ... K8: {=_xlfn.SWITCH($A$2,"average", AVERAGE(Instances!K8:K8),"median", MEDIAN(Instances!K8:K8),"min", MIN(Instances!K8:K8),"max", MAX(Instances!K8:K8),"diff", MAX(Instances!K8:K8)-MIN(Instances!K8:K8))} -> 0 | M8: {=_xlfn.SWITCH($A$2,"average", AVERAGE(Instances!M8:M8),"median", MEDIAN(Instances!M8:M8),"min", MIN(Instances!M8:M8),"max", MAX(Instances!M8:M8),"diff", MAX(Instances!M8:M8)-MIN(Instances!M8:M8))} -> 395956 | N8: {=_xlfn.SWITCH($A$2,"average", AVERAGE(Instances!N8:N8),"median", MEDIAN(Instances!N8:N8),"min", MIN(Instances!N8:N8),"max", MAX(Instances!N8:N8),"diff", MAX(Instances!N8:N8)-MIN(Instances!N8:N8))} -> 0.01 | P8: {=_xlfn.SWITCH($A$2,"average", AVERAGE(Instances!P8:P8),"median", MEDIAN(Instances!P8:P8),"min", MIN(Instances!P8:P8),"max", MAX(Instances!P8:P8),"diff", MAX(Instances!P8:P8)-MIN(Instances!P8:P8))} -> 1.96 | Q8: {=_xlfn.SWITCH($A$2,"average", AVERAGE(Instances!Q8:Q8),"median", MEDIAN(Instances!Q8:Q8),"min", MIN(Instances!Q8:Q8),"max", MAX(Instances!Q8:Q8),"diff", MAX(Instances!Q8:Q8)-MIN(Instances!Q8:Q8))} -> 0 | R8: {=_xlfn.SWITCH($A$2,"average", AVERAGE(Instances!R8:R8),"median", MEDIAN(Instances!R8:R8),"min", MIN(Instances!R8:R8),"max", MAX(Instances!R8:R8),"diff", MAX(Instances!R8:R8)-MIN(Instances!R8:R8))} -> 143835 | S8: =MIN($B8) -> 515 | T8: =MIN($C8) -> 0 | U8: =MIN($D8) -> 86065 | V8: =MIN($E8) -> 0 | W8: =MIN($F8) -> 140 | X8: =MIN($G8) -> 0 | Y8: =MIN($H8) -> 1 | Z8: =MIN($I8) -> 1.906 | AA8: =MIN($J8) -> 1.96 | AB8: =MIN($K8) -> 0 | AC8: =MIN($M8) -> 395956 | AD8: =MIN($N8) -> 0.01 | AE8: =MIN($P8) -> 1.96 | AF8: =MIN($Q8) -> 0 | AG8: =MIN($R8) -> 143835 | AH8: =MEDIAN($B8) -> 515 | AI8: =MEDIAN($C8) -> 0 | AJ8: =MEDIAN($D8) -> 86065 | AK8: =MEDIAN($E8) -> 0 | AL8: =MEDIAN($F8) -> 140 | AM8: =MEDIAN($G8) -> 0 | AN8: =MEDIAN($H8) -> 1 | AO8: =MEDIAN($I8) -> 1.906 | AP8: =MEDIAN($J8) -> 1.96 | AQ8: =MEDIAN($K8) -> 0 | AR8: =MEDIAN($M8) -> 395956 | AS8: =MEDIAN($N8) -> 0.01 | AT8: =MEDIAN($P8) -> 1.96 | AU8: =MEDIAN($Q8) -> 0 | AV8: =MEDIAN($R8) -> 143835 | AW8: =MAX($B8) -> 515 | AX8: =MAX($C8) -> 0 | AY8: =MAX($D8) -> 86065 | AZ8: =MAX($E8) -> 0 | BA8: =MAX($F8) -> 140 | BB8: =MAX($G8) -> 0 | BC8: =MAX($H8) -> 1 | BD8: =MAX($I8) -> 1.906 | BE8: =MAX($J8) -> 1.96 | BF8: =MAX($K8) -> 0 | BG8: =MAX($M8) -> 395956 | BH8: =MAX($N8) -> 0.01 | BI8: =MAX($P8) -> 1.96 | BJ8: =MAX($Q8) -> 0 | BK8: =MAX($R8) -> 143835
A9: Level_0/2-0100100 | B9: {=_xlfn.SWITCH($A$2,"average", AVERAGE(Instances!B9:B9),"median", MEDIAN(Instances!B9:B9),"min", MIN(Instances!B9:B9),"max", MAX(Instances!B9:B9),"diff", MAX(Instances!B9:B9)-MIN(Instances!B9:B9))} -> 658 | C9: {=_xlfn.SWITCH($A$2,"average", AVERAGE(Instances!C9:C9),"median", MEDIAN(Instances!C9:C9),"min", MIN(Instances!C9:C9),"max", MAX(Instances!C9:C9),"diff", MAX(Instances!C9:C9)-MIN(Instances!C9:C9))} -> 0 | D9: {=_xlfn.SWITCH($A$2,"average", AVERAGE(Instances!D9:D9),"median", MEDIAN(Instances!D9:D9),"min", MIN(Instances!D9:D9),"max", MAX(Instances!D9:D9),"diff", MAX(Instances!D9:D9)-MIN(Instances!D9:D9))} -> 151526 | E9: {=_xlfn.SWITCH($A$2,"average", AVERAGE(Instances!E9:E9),"median", MEDIAN(Instances!E9:E9),"min", MIN(Instances!E9:E9),"max", MAX(Instances!E9:E9),"diff", MAX(Instances!E9:E9)-MIN(Instances!E9:E9))} -> 0 | F9: {=_xlfn.SWITCH($A$2,"average", AVERAGE(Instances!F9:F9),"median", MEDIAN(Instances!F9:F9),"min", MIN(Instances!F9:F9),"max", MAX(Instances!F9:F9),"diff", MAX(Instances!F9:F9)-MIN(Instances!F9:F9))} -> 151 | G9: {=_xlfn.SWITCH($A$2,"average", AVERAGE(Instances!G9:G9),"median", MEDIAN(Instances!G9:G9),"min", MIN(Instances!G9:G9),"max", MAX(Instances!G9:G9),"diff", MAX(Instances!G9:G9)-MIN(Instances!G9:G9))} -> 0 | H9: {=_xlfn.SWITCH($A$2,"average", AVERAGE(Instances!H9:H9),"median", MEDIAN(Instances!H9:H9),"min", MIN(Instances!H9:H9),"max", MAX(Instances!H9:H9),"diff", MAX(Instances!H9:H9)-MIN(Instances!H9:H9))} -> 1 | I9: {=_xlfn.SWITCH($A$2,"average", AVERAGE(Instances!I9:I9),"median", MEDIAN(Instances!I9:I9),"min", MIN(Instances!I9:I9),"max", MAX(Instances!I9:I9),"diff", MAX(Instances!I9:I9)-MIN(Instances!I9:I9))} -> 1.93 | ... K9: {=_xlfn.SWITCH($A$2,"average", AVERAGE(Instances!K9:K9),"median", MEDIAN(Instances!K9:K9),"min", MIN(Instances!K9:K9),"max", MAX(Instances!K9:K9),"diff", MAX(Instances!K9:K9)-MIN(Instances!K9:K9))} -> 0 | M9: {=_xlfn.SWITCH($A$2,"average", AVERAGE(Instances!M9:M9),"median", MEDIAN(Instances!M9:M9),"min", MIN(Instances!M9:M9),"max", MAX(Instances!M9:M9),"diff", MAX(Instances!M9:M9)-MIN(Instances!M9:M9))} -> 410085 | N9: {=_xlfn.SWITCH($A$2,"average", AVERAGE(Instances!N9:N9),"median", MEDIAN(Instances!N9:N9),"min", MIN(Instances!N9:N9),"max", MAX(Instances!N9:N9),"diff", MAX(Instances!N9:N9)-MIN(Instances!N9:N9))} -> 0.01 | P9: {=_xlfn.SWITCH($A$2,"average", AVERAGE(Instances!P9:P9),"median", MEDIAN(Instances!P9:P9),"min", MIN(Instances!P9:P9),"max", MAX(Instances!P9:P9),"diff", MAX(Instances!P9:P9)-MIN(Instances!P9:P9))} -> 1.98 | Q9: {=_xlfn.SWITCH($A$2,"average", AVERAGE(Instances!Q9:Q9),"median", MEDIAN(Instances!Q9:Q9),"min", MIN(Instances!Q9:Q9),"max", MAX(Instances!Q9:Q9),"diff", MAX(Instances!Q9:Q9)-MIN(Instances!Q9:Q9))} -> 0 | R9: {=_xlfn.SWITCH($A$2,"average", AVERAGE(Instances!R9:R9),"median", MEDIAN(Instances!R9:R9),"min", MIN(Instances!R9:R9),"max", MAX(Instances!R9:R9),"diff", MAX(Instances!R9:R9)-MIN(Instances!R9:R9))} -> 150890 | S9: =MIN($B9) -> 658 | T9: =MIN($C9) -> 0 | U9: =MIN($D9) -> 151526 | V9: =MIN($E9) -> 0 | W9: =MIN($F9) -> 151 | X9: =MIN($G9) -> 0 | Y9: =MIN($H9) -> 1 | Z9: =MIN($I9) -> 1.93 | AA9: =MIN($J9) -> 1.98 | AB9: =MIN($K9) -> 0 | AC9: =MIN($M9) -> 410085 | AD9: =MIN($N9) -> 0.01 | AE9: =MIN($P9) -> 1.98 | AF9: =MIN($Q9) -> 0 | AG9: =MIN($R9) -> 150890 | AH9: =MEDIAN($B9) -> 658 | AI9: =MEDIAN($C9) -> 0 | AJ9: =MEDIAN($D9) -> 151526 | AK9: =MEDIAN($E9) -> 0 | AL9: =MEDIAN($F9) -> 151 | AM9: =MEDIAN($G9) -> 0 | AN9: =MEDIAN($H9) -> 1 | AO9: =MEDIAN($I9) -> 1.93 | AP9: =MEDIAN($J9) -> 1.98 | AQ9: =MEDIAN($K9) -> 0 | AR9: =MEDIAN($M9) -> 410085 | AS9: =MEDIAN($N9) -> 0.01 | AT9: =MEDIAN($P9) -> 1.98 | AU9: =MEDIAN($Q9) -> 0 | AV9: =MEDIAN($R9) -> 150890 | AW9: =MAX($B9) -> 658 | AX9: =MAX($C9) -> 0 | AY9: =MAX($D9) -> 151526 | AZ9: =MAX($E9) -> 0 | BA9: =MAX($F9) -> 151 | BB9: =MAX($G9) -> 0 | BC9: =MAX($H9) -> 1 | BD9: =MAX($I9) -> 1.93 | BE9: =MAX($J9) -> 1.98 | BF9: =MAX($K9) -> 0 | BG9: =MAX($M9) -> 410085 | BH9: =MAX($N9) -> 0.01 | BI9: =MAX($P9) -> 1.98 | BJ9: =MAX($Q9) -> 0 | BK9: =MAX($R9) -> 150890
A10: Level_0/3-0001101 | B10: {=_xlfn.SWITCH($A$2,"average", AVERAGE(Instances!B10:B10),"median", MEDIAN(Instances!B10:B10),"min", MIN(Instances!B10:B10),"max", MAX(Instances!B10:B10),"diff", MAX(Instances!B10:B10)-MIN(Instances!B10:B10))} -> 1095 | C10: {=_xlfn.SWITCH($A$2,"average", AVERAGE(Instances!C10:C10),"median", MEDIAN(Instances!C10:C10),"min", MIN(Instances!C10:C10),"max", MAX(Instances!C10:C10),"diff", MAX(Instances!C10:C10)-MIN(Instances!C10:C10))} -> 0 | D10: {=_xlfn.SWITCH($A$2,"average", AVERAGE(Instances!D10:D10),"median", MEDIAN(Instances!D10:D10),"min", MIN(Instances!D10:D10),"max", MAX(Instances!D10:D10),"diff", MAX(Instances!D10:D10)-MIN(Instances!D10:D10))} -> 199280 | E10: {=_xlfn.SWITCH($A$2,"average", AVERAGE(Instances!E10:E10),"median", MEDIAN(Instances!E10:E10),"min", MIN(Instances!E10:E10),"max", MAX(Instances!E10:E10),"diff", MAX(Instances!E10:E10)-MIN(Instances!E10:E10))} -> 0 | F10: {=_xlfn.SWITCH($A$2,"average", AVERAGE(Instances!F10:F10),"median", MEDIAN(Instances!F10:F10),"min", MIN(Instances!F10:F10),"max", MAX(Instances!F10:F10),"diff", MAX(Instances!F10:F10)-MIN(Instances!F10:F10))} -> 318 | G10: {=_xlfn.SWITCH($A$2,"average", AVERAGE(Instances!G10:G10),"median", MEDIAN(Instances!G10:G10),"min", MIN(Instances!G10:G10),"max", MAX(Instances!G10:G10),"diff", MAX(Instances!G10:G10)-MIN(Instances!G10:G10))} -> 0 | H10: {=_xlfn.SWITCH($A$2,"average", AVERAGE(Instances!H10:H10),"median", MEDIAN(Instances!H10:H10),"min", MIN(Instances!H10:H10),"max", MAX(Instances!H10:H10),"diff", MAX(Instances!H10:H10)-MIN(Instances!H10:H10))} -> 1 | I10: {=_xlfn.SWITCH($A$2,"average", AVERAGE(Instances!I10:I10),"median", MEDIAN(Instances!I10:I10),"min", MIN(Instances!I10:I10),"max", MAX(Instances!I10:I10),"diff", MAX(Instances!I10:I10)-MIN(Instances!I10:I10))} -> 4.314 | ... K10: {=_xlfn.SWITCH($A$2,"average", AVERAGE(Instances!K10:K10),"median", MEDIAN(Instances!K10:K10),"min", MIN(Instances!K10:K10),"max", MAX(Instances!K10:K10),"diff", MAX(Instances!K10:K10)-MIN(Instances!K10:K10))} -> 0 | M10: {=_xlfn.SWITCH($A$2,"average", AVERAGE(Instances!M10:M10),"median", MEDIAN(Instances!M10:M10),"min", MIN(Instances!M10:M10),"max", MAX(Instances!M10:M10),"diff", MAX(Instances!M10:M10)-MIN(Instances!M10:M10))} -> 933041 | N10: {=_xlfn.SWITCH($A$2,"average", AVERAGE(Instances!N10:N10),"median", MEDIAN(Instances!N10:N10),"min", MIN(Instances!N10:N10),"max", MAX(Instances!N10:N10),"diff", MAX(Instances!N10:N10)-MIN(Instances!N10:N10))} -> 0.02 | P10: {=_xlfn.SWITCH($A$2,"average", AVERAGE(Instances!P10:P10),"median", MEDIAN(Instances!P10:P10),"min", MIN(Instances!P10:P10),"max", MAX(Instances!P10:P10),"diff", MAX(Instances!P10:P10)-MIN(Instances!P10:P10))} -> 4.43 | Q10: {=_xlfn.SWITCH($A$2,"average", AVERAGE(Instances!Q10:Q10),"median", MEDIAN(Instances!Q10:Q10),"min", MIN(Instances!Q10:Q10),"max", MAX(Instances!Q10:Q10),"diff", MAX(Instances!Q10:Q10)-MIN(Instances!Q10:Q10))} -> 0 | R10: {=_xlfn.SWITCH($A$2,"average", AVERAGE(Instances!R10:R10),"median", MEDIAN(Instances!R10:R10),"min", MIN(Instances!R10:R10),"max", MAX(Instances!R10:R10),"diff", MAX(Instances!R10:R10)-MIN(Instances!R10:R10))} -> 318496 | S10: =MIN($B10) -> 1095 | T10: =MIN($C10) -> 0 | U10: =MIN($D10) -> 199280 | V10: =MIN($E10) -> 0 | W10: =MIN($F10) -> 318 | X10: =MIN($G10) -> 0 | Y10: =MIN($H10) -> 1 | Z10: =MIN($I10) -> 4.314 | AA10: =MIN($J10) -> 4.43 | AB10: =MIN($K10) -> 0 | AC10: =MIN($M10) -> 933041 | AD10: =MIN($N10) -> 0.02 | AE10: =MIN($P10) -> 4.43 | AF10: =MIN($Q10) -> 0 | AG10: =MIN($R10) -> 318496 | AH10: =MEDIAN($B10) -> 1095 | AI10: =MEDIAN($C10) -> 0 | AJ10: =MEDIAN($D10) -> 199280 | AK10: =MEDIAN($E10) -> 0 | AL10: =MEDIAN($F10) -> 318 | AM10: =MEDIAN($G10) -> 0 | AN10: =MEDIAN($H10) -> 1 | AO10: =MEDIAN($I10) -> 4.314 | AP10: =MEDIAN($J10) -> 4.43 | AQ10: =MEDIAN($K10) -> 0 | AR10: =MEDIAN($M10) -> 933041 | AS10: =MEDIAN($N10) -> 0.02 | AT10: =MEDIAN($P10) -> 4.43 | AU10: =MEDIAN($Q10) -> 0 | AV10: =MEDIAN($R10) -> 318496 | AW10: =MAX($B10) -> 1095 | AX10: =MAX($C10) -> 0 | AY10: =MAX($D10) -> 199280 | AZ10: =MAX($E10) -> 0 | BA10: =MAX($F10) -> 318 | BB10: =MAX($G10) -> 0 | BC10: =MAX($H10) -> 1 | BD10: =MAX($I10) -> 4.314 | BE10: =MAX($J10) -> 4.43 | BF10: =MAX($K10) -> 0 | BG10: =MAX($M10) -> 933041 | BH10: =MAX($N10) -> 0.02 | BI10: =MAX($P10) -> 4.43 | BJ10: =MAX($Q10) -> 0 | BK10: =MAX($R10) -> 318496
A11: Level_0/3-0001110 | B11: {=_xlfn.SWITCH($A$2,"average", AVERAGE(Instances!B11:B11),"median", MEDIAN(Instances!B11:B11),"min", MIN(Instances!B11:B11),"max", MAX(Instances!B11:B11),"diff", MAX(Instances!B11:B11)-MIN(Instances!B11:B11))} -> 1145 | C11: {=_xlfn.SWITCH($A$2,"average", AVERAGE(Instances!C11:C11),"median", MEDIAN(Instances!C11:C11),"min", MIN(Instances!C11:C11),"max", MAX(Instances!C11:C11),"diff", MAX(Instances!C11:C11)-MIN(Instances!C11:C11))} -> 0 | D11: {=_xlfn.SWITCH($A$2,"average", AVERAGE(Instances!D11:D11),"median", MEDIAN(Instances!D11:D11),"min", MIN(Instances!D11:D11),"max", MAX(Instances!D11:D11),"diff", MAX(Instances!D11:D11)-MIN(Instances!D11:D11))} -> 242876 | E11: {=_xlfn.SWITCH($A$2,"average", AVERAGE(Instances!E11:E11),"median", MEDIAN(Instances!E11:E11),"min", MIN(Instances!E11:E11),"max", MAX(Instances!E11:E11),"diff", MAX(Instances!E11:E11)-MIN(Instances!E11:E11))} -> 0 | F11: {=_xlfn.SWITCH($A$2,"average", AVERAGE(Instances!F11:F11),"median", MEDIAN(Instances!F11:F11),"min", MIN(Instances!F11:F11),"max", MAX(Instances!F11:F11),"diff", MAX(Instances!F11:F11)-MIN(Instances!F11:F11))} -> 367 | G11: {=_xlfn.SWITCH($A$2,"average", AVERAGE(Instances!G11:G11),"median", MEDIAN(Instances!G11:G11),"min", MIN(Instances!G11:G11),"max", MAX(Instances!G11:G11),"diff", MAX(Instances!G11:G11)-MIN(Instances!G11:G11))} -> 0 | H11: {=_xlfn.SWITCH($A$2,"average", AVERAGE(Instances!H11:H11),"median", MEDIAN(Instances!H11:H11),"min", MIN(Instances!H11:H11),"max", MAX(Instances!H11:H11),"diff", MAX(Instances!H11:H11)-MIN(Instances!H11:H11))} -> 1 | I11: {=_xlfn.SWITCH($A$2,"average", AVERAGE(Instances!I11:I11),"median", MEDIAN(Instances!I11:I11),"min", MIN(Instances!I11:I11),"max", MAX(Instances!I11:I11),"diff", MAX(Instances!I11:I11)-MIN(Instances!I11:I11))} -> 4.916 | ... K11: {=_xlfn.SWITCH($A$2,"average", AVERAGE(Instances!K11:K11),"median", MEDIAN(Instances!K11:K11),"min", MIN(Instances!K11:K11),"max", MAX(Instances!K11:K11),"diff", MAX(Instances!K11:K11)-MIN(Instances!K11:K11))} -> 0 | M11: {=_xlfn.SWITCH($A$2,"average", AVERAGE(Instances!M11:M11),"median", MEDIAN(Instances!M11:M11),"min", MIN(Instances!M11:M11),"max", MAX(Instances!M11:M11),"diff", MAX(Instances!M11:M11)-MIN(Instances!M11:M11))} -> 1078748 | N11: {=_xlfn.SWITCH($A$2,"average", AVERAGE(Instances!N11:N11),"median", MEDIAN(Instances!N11:N11),"min", MIN(Instances!N11:N11),"max", MAX(Instances!N11:N11),"diff", MAX(Instances!N11:N11)-MIN(Instances!N11:N11))} -> 0.03 | P11: {=_xlfn.SWITCH($A$2,"average", AVERAGE(Instances!P11:P11),"median", MEDIAN(Instances!P11:P11),"min", MIN(Instances!P11:P11),"max", MAX(Instances!P11:P11),"diff", MAX(Instances!P11:P11)-MIN(Instances!P11:P11))} -> 5.05 | Q11: {=_xlfn.SWITCH($A$2,"average", AVERAGE(Instances!Q11:Q11),"median", MEDIAN(Instances!Q11:Q11),"min", MIN(Instances!Q11:Q11),"max", MAX(Instances!Q11:Q11),"diff", MAX(Instances!Q11:Q11)-MIN(Instances!Q11:Q11))} -> 0 | R11: {=_xlfn.SWITCH($A$2,"average", AVERAGE(Instances!R11:R11),"median", MEDIAN(Instances!R11:R11),"min", MIN(Instances!R11:R11),"max", MAX(Instances!R11:R11),"diff", MAX(Instances!R11:R11)-MIN(Instances!R11:R11))} -> 365407 | S11: =MIN($B11) -> 1145 | T11: =MIN($C11) -> 0 | U11: =MIN($D11) -> 242876 | V11: =MIN($E11) -> 0 | W11: =MIN($F11) -> 367 | X11: =MIN($G11) -> 0 | Y11: =MIN($H11) -> 1 | Z11: =MIN($I11) -> 4.916 | AA11: =MIN($J11) -> 5.05 | AB11: =MIN($K11) -> 0 | AC11: =MIN($M11) -> 1078748 | AD11: =MIN($N11) -> 0.03 | AE11: =MIN($P11) -> 5.05 | AF11: =MIN($Q11) -> 0 | AG11: =MIN($R11) -> 365407 | AH11: =MEDIAN($B11) -> 1145 | AI11: =MEDIAN($C11) -> 0 | AJ11: =MEDIAN($D11) -> 242876 | AK11: =MEDIAN($E11) -> 0 | AL11: =MEDIAN($F11) -> 367 | AM11: =MEDIAN($G11) -> 0 | AN11: =MEDIAN($H11) -> 1 | AO11: =MEDIAN($I11) -> 4.916 | AP11: =MEDIAN($J11) -> 5.05 | AQ11: =MEDIAN($K11) -> 0 | AR11: =MEDIAN($M11) -> 1078748 | AS11: =MEDIAN($N11) -> 0.03 | AT11: =MEDIAN($P11) -> 5.05 | AU11: =MEDIAN($Q11) -> 0 | AV11: =MEDIAN($R11) -> 365407 | AW11: =MAX($B11) -> 1145 | AX11: =MAX($C11) -> 0 | AY11: =MAX($D11) -> 242876 | AZ11: =MAX($E11) -> 0 | BA11: =MAX($F11) -> 367 | BB11: =MAX($G11) -> 0 | BC11: =MAX($H11) -> 1 | BD11: =MAX($I11) -> 4.916 | BE11: =MAX($J11) -> 5.05 | BF11: =MAX($K11) -> 0 | BG11: =MAX($M11) -> 1078748 | BH11: =MAX($N11) -> 0.03 | BI11: =MAX($P11) -> 5.05 | BJ11: =MAX($Q11) -> 0 | BK11: =MAX($R11) -> 365407
A12: Level_0/3-0101001 | B12: {=_xlfn.SWITCH($A$2,"average", AVERAGE(Instances!B12:B12),"median", MEDIAN(Instances!B12:B12),"min", MIN(Instances!B12:B12),"max", MAX(Instances!B12:B12),"diff", MAX(Instances!B12:B12)-MIN(Instances!B12:B12))} -> 621 | C12: {=_xlfn.SWITCH($A$2,"average", AVERAGE(Instances!C12:C12),"median", MEDIAN(Instances!C12:C12),"min", MIN(Instances!C12:C12),"max", MAX(Instances!C12:C12),"diff", MAX(Instances!C12:C12)-MIN(Instances!C12:C12))} -> 0 | D12: {=_xlfn.SWITCH($A$2,"average", AVERAGE(Instances!D12:D12),"median", MEDIAN(Instances!D12:D12),"min", MIN(Instances!D12:D12),"max", MAX(Instances!D12:D12),"diff", MAX(Instances!D12:D12)-MIN(Instances!D12:D12))} -> 135579 | E12: {=_xlfn.SWITCH($A$2,"average", AVERAGE(Instances!E12:E12),"median", MEDIAN(Instances!E12:E12),"min", MIN(Instances!E12:E12),"max", MAX(Instances!E12:E12),"diff", MAX(Instances!E12:E12)-MIN(Instances!E12:E12))} -> 0 | F12: {=_xlfn.SWITCH($A$2,"average", AVERAGE(Instances!F12:F12),"median", MEDIAN(Instances!F12:F12),"min", MIN(Instances!F12:F12),"max", MAX(Instances!F12:F12),"diff", MAX(Instances!F12:F12)-MIN(Instances!F12:F12))} -> 245 | G12: {=_xlfn.SWITCH($A$2,"average", AVERAGE(Instances!G12:G12),"median", MEDIAN(Instances!G12:G12),"min", MIN(Instances!G12:G12),"max", MAX(Instances!G12:G12),"diff", MAX(Instances!G12:G12)-MIN(Instances!G12:G12))} -> 0 | H12: {=_xlfn.SWITCH($A$2,"average", AVERAGE(Instances!H12:H12),"median", MEDIAN(Instances!H12:H12),"min", MIN(Instances!H12:H12),"max", MAX(Instances!H12:H12),"diff", MAX(Instances!H12:H12)-MIN(Instances!H12:H12))} -> 1 | I12: {=_xlfn.SWITCH($A$2,"average", AVERAGE(Instances!I12:I12),"median", MEDIAN(Instances!I12:I12),"min", MIN(Instances!I12:I12),"max", MAX(Instances!I12:I12),"diff", MAX(Instances!I12:I12)-MIN(Instances!I12:I12))} -> 3.269 | ... K12: {=_xlfn.SWITCH($A$2,"average", AVERAGE(Instances!K12:K12),"median", MEDIAN(Instances!K12:K12),"min", MIN(Instances!K12:K12),"max", MAX(Instances!K12:K12),"diff", MAX(Instances!K12:K12)-MIN(Instances!K12:K12))} -> 0 | M12: {=_xlfn.SWITCH($A$2,"average", AVERAGE(Instances!M12:M12),"median", MEDIAN(Instances!M12:M12),"min", MIN(Instances!M12:M12),"max", MAX(Instances!M12:M12),"diff", MAX(Instances!M12:M12)-MIN(Instances!M12:M12))} -> 726092 | N12: {=_xlfn.SWITCH($A$2,"average", AVERAGE(Instances!N12:N12),"median", MEDIAN(Instances!N12:N12),"min", MIN(Instances!N12:N12),"max", MAX(Instances!N12:N12),"diff", MAX(Instances!N12:N12)-MIN(Instances!N12:N12))} -> 0.02 | P12: {=_xlfn.SWITCH($A$2,"average", AVERAGE(Instances!P12:P12),"median", MEDIAN(Instances!P12:P12),"min", MIN(Instances!P12:P12),"max", MAX(Instances!P12:P12),"diff", MAX(Instances!P12:P12)-MIN(Instances!P12:P12))} -> 3.43 | Q12: {=_xlfn.SWITCH($A$2,"average", AVERAGE(Instances!Q12:Q12),"median", MEDIAN(Instances!Q12:Q12),"min", MIN(Instances!Q12:Q12),"max", MAX(Instances!Q12:Q12),"diff", MAX(Instances!Q12:Q12)-MIN(Instances!Q12:Q12))} -> 0 | R12: {=_xlfn.SWITCH($A$2,"average", AVERAGE(Instances!R12:R12),"median", MEDIAN(Instances!R12:R12),"min", MIN(Instances!R12:R12),"max", MAX(Instances!R12:R12),"diff", MAX(Instances!R12:R12)-MIN(Instances!R12:R12))} -> 242780 | S12: =MIN($B12) -> 621 | T12: =MIN($C12) -> 0 | U12: =MIN($D12) -> 135579 | V12: =MIN($E12) -> 0 | W12: =MIN($F12) -> 245 | X12: =MIN($G12) -> 0 | Y12: =MIN($H12) -> 1 | Z12: =MIN($I12) -> 3.269 | AA12: =MIN($J12) -> 3.43 | AB12: =MIN($K12) -> 0 | AC12: =MIN($M12) -> 726092 | AD12: =MIN($N12) -> 0.02 | AE12: =MIN($P12) -> 3.43 | AF12: =MIN($Q12) -> 0 | AG12: =MIN($R12) -> 242780 | AH12: =MEDIAN($B12) -> 621 | AI12: =MEDIAN($C12) -> 0 | AJ12: =MEDIAN($D12) -> 135579 | AK12: =MEDIAN($E12) -> 0 | AL12: =MEDIAN($F12) -> 245 | AM12: =MEDIAN($G12) -> 0 | AN12: =MEDIAN($H12) -> 1 | AO12: =MEDIAN($I12) -> 3.269 | AP12: =MEDIAN($J12) -> 3.43 | AQ12: =MEDIAN($K12) -> 0 | AR12: =MEDIAN($M12) -> 726092 | AS12: =MEDIAN($N12) -> 0.02 | AT12: =MEDIAN($P12) -> 3.43 | AU12: =MEDIAN($Q12) -> 0 | AV12: =MEDIAN($R12) -> 242780 | AW12: =MAX($B12) -> 621 | AX12: =MAX($C12) -> 0 | AY12: =MAX($D12) -> 135579 | AZ12: =MAX($E12) -> 0 | BA12: =MAX($F12) -> 245 | BB12: =MAX($G12) -> 0 | BC12: =MAX($H12) -> 1 | BD12: =MAX($I12) -> 3.269 | BE12: =MAX($J12) -> 3.43 | BF12: =MAX($K12) -> 0 | BG12: =MAX($M12) -> 726092 | BH12: =MAX($N12) -> 0.02 | BI12: =MAX($P12) -> 3.43 | BJ12: =MAX($Q12) -> 0 | BK12: =MAX($R12) -> 242780
A13: Level_0/3-1011000 | B13: {=_xlfn.SWITCH($A$2,"average", AVERAGE(Instances!B13:B13),"median", MEDIAN(Instances!B13:B13),"min", MIN(Instances!B13:B13),"max", MAX(Instances!B13:B13),"diff", MAX(Instances!B13:B13)-MIN(Instances!B13:B13))} -> 1152 | C13: {=_xlfn.SWITCH($A$2,"average", AVERAGE(Instances!C13:C13),"median", MEDIAN(Instances!C13:C13),"min", MIN(Instances!C13:C13),"max", MAX(Instances!C13:C13),"diff", MAX(Instances!C13:C13)-MIN(Instances!C13:C13))} -> 0 | D13: {=_xlfn.SWITCH($A$2,"average", AVERAGE(Instances!D13:D13),"median", MEDIAN(Instances!D13:D13),"min", MIN(Instances!D13:D13),"max", MAX(Instances!D13:D13),"diff", MAX(Instances!D13:D13)-MIN(Instances!D13:D13))} -> 337701 | E13: {=_xlfn.SWITCH($A$2,"average", AVERAGE(Instances!E13:E13),"median", MEDIAN(Instances!E13:E13),"min", MIN(Instances!E13:E13),"max", MAX(Instances!E13:E13),"diff", MAX(Instances!E13:E13)-MIN(Instances!E13:E13))} -> 0 | F13: {=_xlfn.SWITCH($A$2,"average", AVERAGE(Instances!F13:F13),"median", MEDIAN(Instances!F13:F13),"min", MIN(Instances!F13:F13),"max", MAX(Instances!F13:F13),"diff", MAX(Instances!F13:F13)-MIN(Instances!F13:F13))} -> 458 | G13: {=_xlfn.SWITCH($A$2,"average", AVERAGE(Instances!G13:G13),"median", MEDIAN(Instances!G13:G13),"min", MIN(Instances!G13:G13),"max", MAX(Instances!G13:G13),"diff", MAX(Instances!G13:G13)-MIN(Instances!G13:G13))} -> 0 | H13: {=_xlfn.SWITCH($A$2,"average", AVERAGE(Instances!H13:H13),"median", MEDIAN(Instances!H13:H13),"min", MIN(Instances!H13:H13),"max", MAX(Instances!H13:H13),"diff", MAX(Instances!H13:H13)-MIN(Instances!H13:H13))} -> 1 | I13: {=_xlfn.SWITCH($A$2,"average", AVERAGE(Instances!I13:I13),"median", MEDIAN(Instances!I13:I13),"min", MIN(Instances!I13:I13),"max", MAX(Instances!I13:I13),"diff", MAX(Instances!I13:I13)-MIN(Instances!I13:I13))} -> 6.324 | ... K13: {=_xlfn.SWITCH($A$2,"average", AVERAGE(Instances!K13:K13),"median", MEDIAN(Instances!K13:K13),"min", MIN(Instances!K13:K13),"max", MAX(Instances!K13:K13),"diff", MAX(Instances!K13:K13)-MIN(Instances!K13:K13))} -> 0 | M13: {=_xlfn.SWITCH($A$2,"average", AVERAGE(Instances!M13:M13),"median", MEDIAN(Instances!M13:M13),"min", MIN(Instances!M13:M13),"max", MAX(Instances!M13:M13),"diff", MAX(Instances!M13:M13)-MIN(Instances!M13:M13))} -> 1412233 | N13: {=_xlfn.SWITCH($A$2,"average", AVERAGE(Instances!N13:N13),"median", MEDIAN(Instances!N13:N13),"min", MIN(Instances!N13:N13),"max", MAX(Instances!N13:N13),"diff", MAX(Instances!N13:N13)-MIN(Instances!N13:N13))} -> 0.04 | P13: {=_xlfn.SWITCH($A$2,"average", AVERAGE(Instances!P13:P13),"median", MEDIAN(Instances!P13:P13),"min", MIN(Instances!P13:P13),"max", MAX(Instances!P13:P13),"diff", MAX(Instances!P13:P13)-MIN(Instances!P13:P13))} -> 6.49 | Q13: {=_xlfn.SWITCH($A$2,"average", AVERAGE(Instances!Q13:Q13),"median", MEDIAN(Instances!Q13:Q13),"min", MIN(Instances!Q13:Q13),"max", MAX(Instances!Q13:Q13),"diff", MAX(Instances!Q13:Q13)-MIN(Instances!Q13:Q13))} -> 0 | R13: {=_xlfn.SWITCH($A$2,"average", AVERAGE(Instances!R13:R13),"median", MEDIAN(Instances!R13:R13),"min", MIN(Instances!R13:R13),"max", MAX(Instances!R13:R13),"diff", MAX(Instances!R13:R13)-MIN(Instances!R13:R13))} -> 456718 | S13: =MIN($B13) -> 1152 | T13: =MIN($C13) -> 0 | U13: =MIN($D13) -> 337701 | V13: =MIN($E13) -> 0 | W13: =MIN($F13) -> 458 | X13: =MIN($G13) -> 0 | Y13: =MIN($H13) -> 1 | Z13: =MIN($I13) -> 6.324 | AA13: =MIN($J13) -> 6.49 | AB13: =MIN($K13) -> 0 | AC13: =MIN($M13) -> 1412233 | AD13: =MIN($N13) -> 0.04 | AE13: =MIN($P13) -> 6.49 | AF13: =MIN($Q13) -> 0 | AG13: =MIN($R13) -> 456718 | AH13: =MEDIAN($B13) -> 1152 | AI13: =MEDIAN($C13) -> 0 | AJ13: =MEDIAN($D13) -> 337701 | AK13: =MEDIAN($E13) -> 0 | AL13: =MEDIAN($F13) -> 458 | AM13: =MEDIAN($G13) -> 0 | AN13: =MEDIAN($H13) -> 1 | AO13: =MEDIAN($I13) -> 6.324 | AP13: =MEDIAN($J13) -> 6.49 | AQ13: =MEDIAN($K13) -> 0 | AR13: =MEDIAN($M13) -> 1412233 | AS13: =MEDIAN($N13) -> 0.04 | AT13: =MEDIAN($P13) -> 6.49 | AU13: =MEDIAN($Q13) -> 0 | AV13: =MEDIAN($R13) -> 456718 | AW13: =MAX($B13) -> 1152 | AX13: =MAX($C13) -> 0 | AY13: =MAX($D13) -> 337701 | AZ13: =MAX($E13) -> 0 | BA13: =MAX($F13) -> 458 | BB13: =MAX($G13) -> 0 | BC13: =MAX($H13) -> 1 | BD13: =MAX($I13) -> 6.324 | BE13: =MAX($J13) -> 6.49 | BF13: =MAX($K13) -> 0 | BG13: =MAX($M13) -> 1412233 | BH13: =MAX($N13) -> 0.04 | BI13: =MAX($P13) -> 6.49 | BJ13: =MAX($Q13) -> 0 | BK13: =MAX($R13) -> 456718
A14: Level_0/3-1100010 | B14: {=_xlfn.SWITCH($A$2,"average", AVERAGE(Instances!B14:B14),"median", MEDIAN(Instances!B14:B14),"min", MIN(Instances!B14:B14),"max", MAX(Instances!B14:B14),"diff", MAX(Instances!B14:B14)-MIN(Instances!B14:B14))} -> 1203 | C14: {=_xlfn.SWITCH($A$2,"average", AVERAGE(Instances!C14:C14),"median", MEDIAN(Instances!C14:C14),"min", MIN(Instances!C14:C14),"max", MAX(Instances!C14:C14),"diff", MAX(Instances!C14:C14)-MIN(Instances!C14:C14))} -> 0 | D14: {=_xlfn.SWITCH($A$2,"average", AVERAGE(Instances!D14:D14),"median", MEDIAN(Instances!D14:D14),"min", MIN(Instances!D14:D14),"max", MAX(Instances!D14:D14),"diff", MAX(Instances!D14:D14)-MIN(Instances!D14:D14))} -> 377109 | E14: {=_xlfn.SWITCH($A$2,"average", AVERAGE(Instances!E14:E14),"median", MEDIAN(Instances!E14:E14),"min", MIN(Instances!E14:E14),"max", MAX(Instances!E14:E14),"diff", MAX(Instances!E14:E14)-MIN(Instances!E14:E14))} -> 0 | F14: {=_xlfn.SWITCH($A$2,"average", AVERAGE(Instances!F14:F14),"median", MEDIAN(Instances!F14:F14),"min", MIN(Instances!F14:F14),"max", MAX(Instances!F14:F14),"diff", MAX(Instances!F14:F14)-MIN(Instances!F14:F14))} -> 411 | G14: {=_xlfn.SWITCH($A$2,"average", AVERAGE(Instances!G14:G14),"median", MEDIAN(Instances!G14:G14),"min", MIN(Instances!G14:G14),"max", MAX(Instances!G14:G14),"diff", MAX(Instances!G14:G14)-MIN(Instances!G14:G14))} -> 0 | H14: {=_xlfn.SWITCH($A$2,"average", AVERAGE(Instances!H14:H14),"median", MEDIAN(Instances!H14:H14),"min", MIN(Instances!H14:H14),"max", MAX(Instances!H14:H14),"diff", MAX(Instances!H14:H14)-MIN(Instances!H14:H14))} -> 1 | I14: {=_xlfn.SWITCH($A$2,"average", AVERAGE(Instances!I14:I14),"median", MEDIAN(Instances!I14:I14),"min", MIN(Instances!I14:I14),"max", MAX(Instances!I14:I14),"diff", MAX(Instances!I14:I14)-MIN(Instances!I14:I14))} -> 5.662 | ... K14: {=_xlfn.SWITCH($A$2,"average", AVERAGE(Instances!K14:K14),"median", MEDIAN(Instances!K14:K14),"min", MIN(Instances!K14:K14),"max", MAX(Instances!K14:K14),"diff", MAX(Instances!K14:K14)-MIN(Instances!K14:K14))} -> 0 | M14: {=_xlfn.SWITCH($A$2,"average", AVERAGE(Instances!M14:M14),"median", MEDIAN(Instances!M14:M14),"min", MIN(Instances!M14:M14),"max", MAX(Instances!M14:M14),"diff", MAX(Instances!M14:M14)-MIN(Instances!M14:M14))} -> 1240754 | N14: {=_xlfn.SWITCH($A$2,"average", AVERAGE(Instances!N14:N14),"median", MEDIAN(Instances!N14:N14),"min", MIN(Instances!N14:N14),"max", MAX(Instances!N14:N14),"diff", MAX(Instances!N14:N14)-MIN(Instances!N14:N14))} -> 0.03 | P14: {=_xlfn.SWITCH($A$2,"average", AVERAGE(Instances!P14:P14),"median", MEDIAN(Instances!P14:P14),"min", MIN(Instances!P14:P14),"max", MAX(Instances!P14:P14),"diff", MAX(Instances!P14:P14)-MIN(Instances!P14:P14))} -> 5.81 | Q14: {=_xlfn.SWITCH($A$2,"average", AVERAGE(Instances!Q14:Q14),"median", MEDIAN(Instances!Q14:Q14),"min", MIN(Instances!Q14:Q14),"max", MAX(Instances!Q14:Q14),"diff", MAX(Instances!Q14:Q14)-MIN(Instances!Q14:Q14))} -> 0 | R14: {=_xlfn.SWITCH($A$2,"average", AVERAGE(Instances!R14:R14),"median", MEDIAN(Instances!R14:R14),"min", MIN(Instances!R14:R14),"max", MAX(Instances!R14:R14),"diff", MAX(Instances!R14:R14)-MIN(Instances!R14:R14))} -> 409026 | S14: =MIN($B14) -> 1203 | T14: =MIN($C14) -> 0 | U14: =MIN($D14) -> 377109 | V14: =MIN($E14) -> 0 | W14: =MIN($F14) -> 411 | X14: =MIN($G14) -> 0 | Y14: =MIN($H14) -> 1 | Z14: =MIN($I14) -> 5.662 | AA14: =MIN($J14) -> 5.81 | AB14: =MIN($K14) -> 0 | AC14: =MIN($M14) -> 1240754 | AD14: =MIN($N14) -> 0.03 | AE14: =MIN($P14) -> 5.81 | AF14: =MIN($Q14) -> 0 | AG14: =MIN($R14) -> 409026 | AH14: =MEDIAN($B14) -> 1203 | AI14: =MEDIAN($C14) -> 0 | AJ14: =MEDIAN($D14) -> 377109 | AK14: =MEDIAN($E14) -> 0 | AL14: =MEDIAN($F14) -> 411 | AM14: =MEDIAN($G14) -> 0 | AN14: =MEDIAN($H14) -> 1 | AO14: =MEDIAN($I14) -> 5.662 | AP14: =MEDIAN($J14) -> 5.81 | AQ14: =MEDIAN($K14) -> 0 | AR14: =MEDIAN($M14) -> 1240754 | AS14: =MEDIAN($N14) -> 0.03 | AT14: =MEDIAN($P14) -> 5.81 | AU14: =MEDIAN($Q14) -> 0 | AV14: =MEDIAN($R14) -> 409026 | AW14: =MAX($B14) -> 1203 | AX14: =MAX($C14) -> 0 | AY14: =MAX($D14) -> 377109 | AZ14: =MAX($E14) -> 0 | BA14: =MAX($F14) -> 411 | BB14: =MAX($G14) -> 0 | BC14: =MAX($H14) -> 1 | BD14: =MAX($I14) -> 5.662 | BE14: =MAX($J14) -> 5.81 | BF14: =MAX($K14) -> 0 | BG14: =MAX($M14) -> 1240754 | BH14: =MAX($N14) -> 0.03 | BI14: =MAX($P14) -> 5.81 | BJ14: =MAX($Q14) -> 0 | BK14: =MAX($R14) -> 409026
... A362: Level_9/7-1111111 | B362: {=_xlfn.SWITCH($A$2,"average", AVERAGE(Instances!B362:B362),"median", MEDIAN(Instances!B362:B362),"min", MIN(Instances!B362:B362),"max", MAX(Instances!B362:B362),"diff", MAX(Instances!B362:B362)-MIN(Instances!B362:B362))} -> 362447 | C362: {=_xlfn.SWITCH($A$2,"average", AVERAGE(Instances!C362:C362),"median", MEDIAN(Instances!C362:C362),"min", MIN(Instances!C362:C362),"max", MAX(Instances!C362:C362),"diff", MAX(Instances!C362:C362)-MIN(Instances!C362:C362))} -> 1191 | D362: {=_xlfn.SWITCH($A$2,"average", AVERAGE(Instances!D362:D362),"median", MEDIAN(Instances!D362:D362),"min", MIN(Instances!D362:D362),"max", MAX(Instances!D362:D362),"diff", MAX(Instances!D362:D362)-MIN(Instances!D362:D362))} -> 2564050 | E362: {=_xlfn.SWITCH($A$2,"average", AVERAGE(Instances!E362:E362),"median", MEDIAN(Instances!E362:E362),"min", MIN(Instances!E362:E362),"max", MAX(Instances!E362:E362),"diff", MAX(Instances!E362:E362)-MIN(Instances!E362:E362))} -> 0 | F362: {=_xlfn.SWITCH($A$2,"average", AVERAGE(Instances!F362:F362),"median", MEDIAN(Instances!F362:F362),"min", MIN(Instances!F362:F362),"max", MAX(Instances!F362:F362),"diff", MAX(Instances!F362:F362)-MIN(Instances!F362:F362))} -> 1353 | G362: {=_xlfn.SWITCH($A$2,"average", AVERAGE(Instances!G362:G362),"median", MEDIAN(Instances!G362:G362),"min", MIN(Instances!G362:G362),"max", MAX(Instances!G362:G362),"diff", MAX(Instances!G362:G362)-MIN(Instances!G362:G362))} -> 0 | H362: {=_xlfn.SWITCH($A$2,"average", AVERAGE(Instances!H362:H362),"median", MEDIAN(Instances!H362:H362),"min", MIN(Instances!H362:H362),"max", MAX(Instances!H362:H362),"diff", MAX(Instances!H362:H362)-MIN(Instances!H362:H362))} -> 1 | I362: {=_xlfn.SWITCH($A$2,"average", AVERAGE(Instances!I362:I362),"median", MEDIAN(Instances!I362:I362),"min", MIN(Instances!I362:I362),"max", MAX(Instances!I362:I362),"diff", MAX(Instances!I362:I362)-MIN(Instances!I362:I362))} -> 28.601 | ... K362: {=_xlfn.SWITCH($A$2,"average", AVERAGE(Instances!K362:K362),"median", MEDIAN(Instances!K362:K362),"min", MIN(Instances!K362:K362),"max", MAX(Instances!K362:K362),"diff", MAX(Instances!K362:K362)-MIN(Instances!K362:K362))} -> 6 | M362: {=_xlfn.SWITCH($A$2,"average", AVERAGE(Instances!M362:M362),"median", MEDIAN(Instances!M362:M362),"min", MIN(Instances!M362:M362),"max", MAX(Instances!M362:M362),"diff", MAX(Instances!M362:M362)-MIN(Instances!M362:M362))} -> 5155200 | N362: {=_xlfn.SWITCH($A$2,"average", AVERAGE(Instances!N362:N362),"median", MEDIAN(Instances!N362:N362),"min", MIN(Instances!N362:N362),"max", MAX(Instances!N362:N362),"diff", MAX(Instances!N362:N362)-MIN(Instances!N362:N362))} -> 7.26 | P362: {=_xlfn.SWITCH($A$2,"average", AVERAGE(Instances!P362:P362),"median", MEDIAN(Instances!P362:P362),"min", MIN(Instances!P362:P362),"max", MAX(Instances!P362:P362),"diff", MAX(Instances!P362:P362)-MIN(Instances!P362:P362))} -> 29.05 | Q362: {=_xlfn.SWITCH($A$2,"average", AVERAGE(Instances!Q362:Q362),"median", MEDIAN(Instances!Q362:Q362),"min", MIN(Instances!Q362:Q362),"max", MAX(Instances!Q362:Q362),"diff", MAX(Instances!Q362:Q362)-MIN(Instances!Q362:Q362))} -> 0 | R362: {=_xlfn.SWITCH($A$2,"average", AVERAGE(Instances!R362:R362),"median", MEDIAN(Instances!R362:R362),"min", MIN(Instances!R362:R362),"max", MAX(Instances!R362:R362),"diff", MAX(Instances!R362:R362)-MIN(Instances!R362:R362))} -> 1337115 | S362: =MIN($B362) -> 362447 | T362: =MIN($C362) -> 1191 | U362: =MIN($D362) -> 2564050 | V362: =MIN($E362) -> 0 | W362: =MIN($F362) -> 1353 | X362: =MIN($G362) -> 0 | Y362: =MIN($H362) -> 1 | Z362: =MIN($I362) -> 28.601 | AA362: =MIN($J362) -> 29.05 | AB362: =MIN($K362) -> 6 | AC362: =MIN($M362) -> 5155200 | AD362: =MIN($N362) -> 7.26 | AE362: =MIN($P362) -> 29.05 | AF362: =MIN($Q362) -> 0 | AG362: =MIN($R362) -> 1337115 | AH362: =MEDIAN($B362) -> 362447 | AI362: =MEDIAN($C362) -> 1191 | AJ362: =MEDIAN($D362) -> 2564050 | AK362: =MEDIAN($E362) -> 0 | AL362: =MEDIAN($F362) -> 1353 | AM362: =MEDIAN($G362) -> 0 | AN362: =MEDIAN($H362) -> 1 | AO362: =MEDIAN($I362) -> 28.601 | AP362: =MEDIAN($J362) -> 29.05 | AQ362: =MEDIAN($K362) -> 6 | AR362: =MEDIAN($M362) -> 5155200 | AS362: =MEDIAN($N362) -> 7.26 | AT362: =MEDIAN($P362) -> 29.05 | AU362: =MEDIAN($Q362) -> 0 | AV362: =MEDIAN($R362) -> 1337115 | AW362: =MAX($B362) -> 362447 | AX362: =MAX($C362) -> 1191 | AY362: =MAX($D362) -> 2564050 | AZ362: =MAX($E362) -> 0 | BA362: =MAX($F362) -> 1353 | BB362: =MAX($G362) -> 0 | BC362: =MAX($H362) -> 1 | BD362: =MAX($I362) -> 28.601 | BE362: =MAX($J362) -> 29.05 | BF362: =MAX($K362) -> 6 | BG362: =MAX($M362) -> 5155200 | BH362: =MAX($N362) -> 7.26 | BI362: =MAX($P362) -> 29.05 | BJ362: =MAX($Q362) -> 0 | BK362: =MAX($R362) -> 1337115
A364: SUM | B364: =SUM(B$3:B$362) -> 5818924 | C364: =SUM(C$3:C$362) -> 100256 | D364: =SUM(D$3:D$362) -> 293389241 | E364: =SUM(E$3:E$362) -> 0 | F364: =SUM(F$3:F$362) -> 202669 | G364: =SUM(G$3:G$362) -> 0 | H364: =SUM(H$3:H$362) -> 360 | I364: =SUM(I$3:I$362) -> 3116.714 | ... K364: =SUM(K$3:K$362) -> 585 | M364: =SUM(M$3:M$362) -> 688184542 | N364: =SUM(N$3:N$362) -> 217.04 | P364: =SUM(P$3:P$362) -> 3189.53 | Q364: =SUM(Q$3:Q$362) -> 0 | R364: =SUM(R$3:R$362) -> 203566574 | S364: =SUM(S$3:S$362) -> 5818924 | T364: =SUM(T$3:T$362) -> 100256 | U364: =SUM(U$3:U$362) -> 293389241 | V364: =SUM(V$3:V$362) -> 0 | W364: =SUM(W$3:W$362) -> 202669 | ... BK364: =SUM(BK$3:BK$362) -> 203566574
A365: AVG | B365: =AVERAGE(B$3:B$362) -> 16163.678 | C365: =AVERAGE(C$3:C$362) -> 278.48889 | D365: =AVERAGE(D$3:D$362) -> 814970.11 | E365: =AVERAGE(E$3:E$362) -> 0 | F365: =AVERAGE(F$3:F$362) -> 562.96944 | G365: =AVERAGE(G$3:G$362) -> 0 | H365: =AVERAGE(H$3:H$362) -> 1 | I365: =AVERAGE(I$3:I$362) -> 8.6575389 | ... K365: =AVERAGE(K$3:K$362) -> 1.625 | M365: =AVERAGE(M$3:M$362) -> 1911623.7 | N365: =AVERAGE(N$3:N$362) -> 0.60288889 | P365: =AVERAGE(P$3:P$362) -> 8.8598056 | Q365: =AVERAGE(Q$3:Q$362) -> 0 | R365: =AVERAGE(R$3:R$362) -> 565462.71 | S365: =AVERAGE(S$3:S$362) -> 16163.678 | T365: =AVERAGE(T$3:T$362) -> 278.48889 | U365: =AVERAGE(U$3:U$362) -> 814970.11 | V365: =AVERAGE(V$3:V$362) -> 0 | W365: =AVERAGE(W$3:W$362) -> 562.96944 | ... BK365: =AVERAGE(BK$3:BK$362) -> 565462.71
A366: DEV | B366: =STDEV(B$3:B$362) -> 44125.777 | C366: =STDEV(C$3:C$362) -> 1011.866 | D366: =STDEV(D$3:D$362) -> 574408.9 | E366: =STDEV(E$3:E$362) -> 0 | F366: =STDEV(F$3:F$362) -> 269.33963 | G366: =STDEV(G$3:G$362) -> 0 | H366: =STDEV(H$3:H$362) -> 0 | I366: =STDEV(I$3:I$362) -> 5.3781677 | ... K366: =STDEV(K$3:K$362) -> 5.0209519 | M366: =STDEV(M$3:M$362) -> 1074910.3 | N366: =STDEV(N$3:N$362) -> 1.7814185 | P366: =STDEV(P$3:P$362) -> 5.464789 | Q366: =STDEV(Q$3:Q$362) -> 0 | R366: =STDEV(R$3:R$362) -> 269774.47 | S366: =STDEV(S$3:S$362) -> 44125.777 | T366: =STDEV(T$3:T$362) -> 1011.866 | U366: =STDEV(U$3:U$362) -> 574408.9 | V366: =STDEV(V$3:V$362) -> 0 | W366: =STDEV(W$3:W$362) -> 269.33963 | ... BK366: =STDEV(BK$3:BK$362) -> 269774.47
A367: DST | B367: =SUMPRODUCT(--(B$3:B$362-$S$3:$S$362)^2)^0.5 -> 0 | C367: =SUMPRODUCT(--(C$3:C$362-$T$3:$T$362)^2)^0.5 -> 0 | D367: =SUMPRODUCT(--(D$3:D$362-$U$3:$U$362)^2)^0.5 -> 0 | E367: =SUMPRODUCT(--(E$3:E$362-$V$3:$V$362)^2)^0.5 -> 0 | F367: =SUMPRODUCT(--(F$3:F$362-$W$3:$W$362)^2)^0.5 -> 0 | G367: =SUMPRODUCT(--(G$3:G$362-$X$3:$X$362)^2)^0.5 -> 0 | H367: =SUMPRODUCT(--(H$3:H$362-$Y$3:$Y$362)^2)^0.5 -> 0 | I367: =SUMPRODUCT(--(I$3:I$362-$Z$3:$Z$362)^2)^0.5 -> 0 | J367: =SUMPRODUCT(--(J$3:J$362-$AA$3:$AA$362)^2)^0.5 -> 0 | K367: =SUMPRODUCT(--(K$3:K$362-$AB$3:$AB$362)^2)^0.5 -> 0 | M367: =SUMPRODUCT(--(M$3:M$362-$AC$3:$AC$362)^2)^0.5 -> 0 | N367: =SUMPRODUCT(--(N$3:N$362-$AD$3:$AD$362)^2)^0.5 -> 0 | P367: =SUMPRODUCT(--(P$3:P$362-$AE$3:$AE$362)^2)^0.5 -> 0 | Q367: =SUMPRODUCT(--(Q$3:Q$362-$AF$3:$AF$362)^2)^0.5 -> 0 | R367: =SUMPRODUCT(--(R$3:R$362-$AG$3:$AG$362)^2)^0.5 -> 0
A368: BEST | B368: =SUMPRODUCT(NOT(ISBLANK(B$3:B$362))*(B$3:B$362=$S$3:$S$362)) -> 360 | C368: =SUMPRODUCT(NOT(ISBLANK(C$3:C$362))*(C$3:C$362=$T$3:$T$362)) -> 360 | D368: =SUMPRODUCT(NOT(ISBLANK(D$3:D$362))*(D$3:D$362=$U$3:$U$362)) -> 360 | E368: =SUMPRODUCT(NOT(ISBLANK(E$3:E$362))*(E$3:E$362=$V$3:$V$362)) -> 360 | F368: =SUMPRODUCT(NOT(ISBLANK(F$3:F$362))*(F$3:F$362=$W$3:$W$362)) -> 360 | G368: =SUMPRODUCT(NOT(ISBLANK(G$3:G$362))*(G$3:G$362=$X$3:$X$362)) -> 360 | H368: =SUMPRODUCT(NOT(ISBLANK(H$3:H$362))*(H$3:H$362=$Y$3:$Y$362)) -> 360 | I368: =SUMPRODUCT(NOT(ISBLANK(I$3:I$362))*(I$3:I$362=$Z$3:$Z$362)) -> 360 | J368: =SUMPRODUCT(NOT(ISBLANK(J$3:J$362))*(J$3:J$362=$AA$3:$AA$362)) -> 360 | K368: =SUMPRODUCT(NOT(ISBLANK(K$3:K$362))*(K$3:K$362=$AB$3:$AB$362)) -> 360 | M368: =SUMPRODUCT(NOT(ISBLANK(M$3:M$362))*(M$3:M$362=$AC$3:$AC$362)) -> 360 | N368: =SUMPRODUCT(NOT(ISBLANK(N$3:N$362))*(N$3:N$362=$AD$3:$AD$362)) -> 360 | P368: =SUMPRODUCT(NOT(ISBLANK(P$3:P$362))*(P$3:P$362=$AE$3:$AE$362)) -> 360 | Q368: =SUMPRODUCT(NOT(ISBLANK(Q$3:Q$362))*(Q$3:Q$362=$AF$3:$AF$362)) -> 360 | R368: =SUMPRODUCT(NOT(ISBLANK(R$3:R$362))*(R$3:R$362=$AG$3:$AG$362)) -> 360
A369: BETTER | B369: =SUMPRODUCT(NOT(ISBLANK(B$3:B$362))*(B$3:B$362<$AH$3:$AH$362)) -> 0 | C369: =SUMPRODUCT(NOT(ISBLANK(C$3:C$362))*(C$3:C$362<$AI$3:$AI$362)) -> 0 | D369: =SUMPRODUCT(NOT(ISBLANK(D$3:D$362))*(D$3:D$362<$AJ$3:$AJ$362)) -> 0 | E369: =SUMPRODUCT(NOT(ISBLANK(E$3:E$362))*(E$3:E$362<$AK$3:$AK$362)) -> 0 | F369: =SUMPRODUCT(NOT(ISBLANK(F$3:F$362))*(F$3:F$362<$AL$3:$AL$362)) -> 0 | G369: =SUMPRODUCT(NOT(ISBLANK(G$3:G$362))*(G$3:G$362<$AM$3:$AM$362)) -> 0 | H369: =SUMPRODUCT(NOT(ISBLANK(H$3:H$362))*(H$3:H$362<$AN$3:$AN$362)) -> 0 | I369: =SUMPRODUCT(NOT(ISBLANK(I$3:I$362))*(I$3:I$362<$AO$3:$AO$362)) -> 0 | J369: =SUMPRODUCT(NOT(ISBLANK(J$3:J$362))*(J$3:J$362<$AP$3:$AP$362)) -> 0 | K369: =SUMPRODUCT(NOT(ISBLANK(K$3:K$362))*(K$3:K$362<$AQ$3:$AQ$362)) -> 0 | M369: =SUMPRODUCT(NOT(ISBLANK(M$3:M$362))*(M$3:M$362<$AR$3:$AR$362)) -> 0 | N369: =SUMPRODUCT(NOT(ISBLANK(N$3:N$362))*(N$3:N$362<$AS$3:$AS$362)) -> 0 | P369: =SUMPRODUCT(NOT(ISBLANK(P$3:P$362))*(P$3:P$362<$AT$3:$AT$362)) -> 0 | Q369: =SUMPRODUCT(NOT(ISBLANK(Q$3:Q$362))*(Q$3:Q$362<$AU$3:$AU$362)) -> 0 | R369: =SUMPRODUCT(NOT(ISBLANK(R$3:R$362))*(R$3:R$362<$AV$3:$AV$362)) -> 0
A370: WORSE | B370: =SUMPRODUCT((NOT(ISBLANK(B$3:B$362))*(B$3:B$362>$AH$3:$AH$362))+ISBLANK(B$3:B$362)) -> 0 | C370: =SUMPRODUCT((NOT(ISBLANK(C$3:C$362))*(C$3:C$362>$AI$3:$AI$362))+ISBLANK(C$3:C$362)) -> 0 | D370: =SUMPRODUCT((NOT(ISBLANK(D$3:D$362))*(D$3:D$362>$AJ$3:$AJ$362))+ISBLANK(D$3:D$362)) -> 0 | E370: =SUMPRODUCT((NOT(ISBLANK(E$3:E$362))*(E$3:E$362>$AK$3:$AK$362))+ISBLANK(E$3:E$362)) -> 0 | F370: =SUMPRODUCT((NOT(ISBLANK(F$3:F$362))*(F$3:F$362>$AL$3:$AL$362))+ISBLANK(F$3:F$362)) -> 0 | G370: =SUMPRODUCT((NOT(ISBLANK(G$3:G$362))*(G$3:G$362>$AM$3:$AM$362))+ISBLANK(G$3:G$362)) -> 0 | H370: =SUMPRODUCT((NOT(ISBLANK(H$3:H$362))*(H$3:H$362>$AN$3:$AN$362))+ISBLANK(H$3:H$362)) -> 0 | I370: =SUMPRODUCT((NOT(ISBLANK(I$3:I$362))*(I$3:I$362>$AO$3:$AO$362))+ISBLANK(I$3:I$362)) -> 0 | J370: =SUMPRODUCT((NOT(ISBLANK(J$3:J$362))*(J$3:J$362>$AP$3:$AP$362))+ISBLANK(J$3:J$362)) -> 0 | K370: =SUMPRODUCT((NOT(ISBLANK(K$3:K$362))*(K$3:K$362>$AQ$3:$AQ$362))+ISBLANK(K$3:K$362)) -> 0 | M370: =SUMPRODUCT((NOT(ISBLANK(M$3:M$362))*(M$3:M$362>$AR$3:$AR$362))+ISBLANK(M$3:M$362)) -> 0 | N370: =SUMPRODUCT((NOT(ISBLANK(N$3:N$362))*(N$3:N$362>$AS$3:$AS$362))+ISBLANK(N$3:N$362)) -> 0 | P370: =SUMPRODUCT((NOT(ISBLANK(P$3:P$362))*(P$3:P$362>$AT$3:$AT$362))+ISBLANK(P$3:P$362)) -> 0 | Q370: =SUMPRODUCT((NOT(ISBLANK(Q$3:Q$362))*(Q$3:Q$362>$AU$3:$AU$362))+ISBLANK(Q$3:Q$362)) -> 0 | R370: =SUMPRODUCT((NOT(ISBLANK(R$3:R$362))*(R$3:R$362>$AV$3:$AV$362))+ISBLANK(R$3:R$362)) -> 0
A371: WORST | B371: =SUMPRODUCT((NOT(ISBLANK(B$3:B$362))*(B$3:B$362=$AW$3:$AW$362))+ISBLANK(B$3:B$362)) -> 360 | C371: =SUMPRODUCT((NOT(ISBLANK(C$3:C$362))*(C$3:C$362=$AX$3:$AX$362))+ISBLANK(C$3:C$362)) -> 360 | D371: =SUMPRODUCT((NOT(ISBLANK(D$3:D$362))*(D$3:D$362=$AY$3:$AY$362))+ISBLANK(D$3:D$362)) -> 360 | E371: =SUMPRODUCT((NOT(ISBLANK(E$3:E$362))*(E$3:E$362=$AZ$3:$AZ$362))+ISBLANK(E$3:E$362)) -> 360 | F371: =SUMPRODUCT((NOT(ISBLANK(F$3:F$362))*(F$3:F$362=$BA$3:$BA$362))+ISBLANK(F$3:F$362)) -> 360 | G371: =SUMPRODUCT((NOT(ISBLANK(G$3:G$362))*(G$3:G$362=$BB$3:$BB$362))+ISBLANK(G$3:G$362)) -> 360 | H371: =SUMPRODUCT((NOT(ISBLANK(H$3:H$362))*(H$3:H$362=$BC$3:$BC$362))+ISBLANK(H$3:H$362)) -> 360 | I371: =SUMPRODUCT((NOT(ISBLANK(I$3:I$362))*(I$3:I$362=$BD$3:$BD$362))+ISBLANK(I$3:I$362)) -> 360 | J371: =SUMPRODUCT((NOT(ISBLANK(J$3:J$362))*(J$3:J$362=$BE$3:$BE$362))+ISBLANK(J$3:J$362)) -> 360 | K371: =SUMPRODUCT((NOT(ISBLANK(K$3:K$362))*(K$3:K$362=$BF$3:$BF$362))+ISBLANK(K$3:K$362)) -> 360 | M371: =SUMPRODUCT((NOT(ISBLANK(M$3:M$362))*(M$3:M$362=$BG$3:$BG$362))+ISBLANK(M$3:M$362)) -> 360 | N371: =SUMPRODUCT((NOT(ISBLANK(N$3:N$362))*(N$3:N$362=$BH$3:$BH$362))+ISBLANK(N$3:N$362)) -> 360 | P371: =SUMPRODUCT((NOT(ISBLANK(P$3:P$362))*(P$3:P$362=$BI$3:$BI$362))+ISBLANK(P$3:P$362)) -> 360 | Q371: =SUMPRODUCT((NOT(ISBLANK(Q$3:Q$362))*(Q$3:Q$362=$BJ$3:$BJ$362))+ISBLANK(Q$3:Q$362)) -> 360 | R371: =SUMPRODUCT((NOT(ISBLANK(R$3:R$362))*(R$3:R$362=$BK$3:$BK$362))+ISBLANK(R$3:R$362)) -> 360

Sheet Classes
B1: clingo-5.8.0/one-as | S1: min | AH1: median | AW1: max
B2: choices | C2: conflicts | D2: constraints | E2: error | F2: mem | G2: memout | H2: models | I2: overall-time | J2: par2 | K2: restarts | L2: rstatus | M2: rules | N2: solving-time | O2: status | P2: time | Q2: timeout | R2: variables | S2: choices | T2: conflicts | U2: constraints | V2: error | W2: mem | X2: memout | Y2: models | Z2: overall-time | AA2: par2 | AB2: restarts | AC2: rules | AD2: solving-time | AE2: time | AF2: timeout | AG2: variables | AH2: choices | AI2: conflicts | AJ2: constraints | AK2: error | AL2: mem | AM2: memout | AN2: models | AO2: overall-time | AP2: par2 | AQ2: restarts | AR2: rules | AS2: solving-time | AT2: time | AU2: timeout | AV2: variables | AW2: choices | AX2: conflicts | AY2: constraints | AZ2: error | BA2: mem | BB2: memout | BC2: models | BD2: overall-time | BE2: par2 | BF2: restarts | BG2: rules | BH2: solving-time | BI2: time | BJ2: timeout | BK2: variables
A3: Level_0 | B3: =AVERAGE(Instances!B3:B38) -> 0 | C3: =AVERAGE(Instances!C3:C38) -> 0 | D3: =AVERAGE(Instances!D3:D38) -> 0 | E3: =AVERAGE(Instances!E3:E38) -> 0 | F3: =AVERAGE(Instances!F3:F38) -> 0 | G3: =AVERAGE(Instances!G3:G38) -> 0 | H3: =AVERAGE(Instances!H3:H38) -> 0 | I3: =AVERAGE(Instances!I3:I38) -> 0 | ... K3: =AVERAGE(Instances!K3:K38) -> 0 | M3: =AVERAGE(Instances!M3:M38) -> 0 | N3: =AVERAGE(Instances!N3:N38) -> 0 | P3: =AVERAGE(Instances!P3:P38) -> 0 | Q3: =SUM(Instances!Q3:Q38) -> 0 | R3: =AVERAGE(Instances!R3:R38) -> 0 | S3: =MIN($B3) -> 0 | T3: =MIN($C3) -> 0 | U3: =MIN($D3) -> 0 | V3: =MIN($E3) -> 0 | W3: =MIN($F3) -> 0 | X3: =MIN($G3) -> 0 | Y3: =MIN($H3) -> 0 | Z3: =MIN($I3) -> 0 | AA3: =MIN($J3) -> 0 | AB3: =MIN($K3) -> 0 | AC3: =MIN($M3) -> 0 | AD3: =MIN($N3) -> 0 | AE3: =MIN($P3) -> 0 | AF3: =MIN($Q3) -> 0 | AG3: =MIN($R3) -> 0 | AH3: =MEDIAN($B3) -> 0 | AI3: =MEDIAN($C3) -> 0 | AJ3: =MEDIAN($D3) -> 0 | AK3: =MEDIAN($E3) -> 0 | AL3: =MEDIAN($F3) -> 0 | AM3: =MEDIAN($G3) -> 0 | AN3: =MEDIAN($H3) -> 0 | AO3: =MEDIAN($I3) -> 0 | AP3: =MEDIAN($J3) -> 0 | AQ3: =MEDIAN($K3) -> 0 | AR3: =MEDIAN($M3) -> 0 | AS3: =MEDIAN($N3) -> 0 | AT3: =MEDIAN($P3) -> 0 | AU3: =MEDIAN($Q3) -> 0 | AV3: =MEDIAN($R3) -> 0 | AW3: =MAX($B3) -> 0 | AX3: =MAX($C3) -> 0 | AY3: =MAX($D3) -> 0 | AZ3: =MAX($E3) -> 0 | BA3: =MAX($F3) -> 0 | BB3: =MAX($G3) -> 0 | BC3: =MAX($H3) -> 0 | BD3: =MAX($I3) -> 0 | BE3: =MAX($J3) -> 0 | BF3: =MAX($K3) -> 0 | BG3: =MAX($M3) -> 0 | BH3: =MAX($N3) -> 0 | BI3: =MAX($P3) -> 0 | BJ3: =MAX($Q3) -> 0 | BK3: =MAX($R3) -> 0
A4: Level_1 | B4: =AVERAGE(Instances!B39:B74) -> 0 | C4: =AVERAGE(Instances!C39:C74) -> 0 | D4: =AVERAGE(Instances!D39:D74) -> 0 | E4: =AVERAGE(Instances!E39:E74) -> 0 | F4: =AVERAGE(Instances!F39:F74) -> 0 | G4: =AVERAGE(Instances!G39:G74) -> 0 | H4: =AVERAGE(Instances!H39:H74) -> 0 | I4: =AVERAGE(Instances!I39:I74) -> 0 | ... K4: =AVERAGE(Instances!K39:K74) -> 0 | M4: =AVERAGE(Instances!M39:M74) -> 0 | N4: =AVERAGE(Instances!N39:N74) -> 0 | P4: =AVERAGE(Instances!P39:P74) -> 0 | Q4: =SUM(Instances!Q39:Q74) -> 0 | R4: =AVERAGE(Instances!R39:R74) -> 0 | S4: =MIN($B4) -> 0 | T4: =MIN($C4) -> 0 | U4: =MIN($D4) -> 0 | V4: =MIN($E4) -> 0 | W4: =MIN($F4) -> 0 | X4: =MIN($G4) -> 0 | Y4: =MIN($H4) -> 0 | Z4: =MIN($I4) -> 0 | AA4: =MIN($J4) -> 0 | AB4: =MIN($K4) -> 0 | AC4: =MIN($M4) -> 0 | AD4: =MIN($N4) -> 0 | AE4: =MIN($P4) -> 0 | AF4: =MIN($Q4) -> 0 | AG4: =MIN($R4) -> 0 | AH4: =MEDIAN($B4) -> 0 | AI4: =MEDIAN($C4) -> 0 | AJ4: =MEDIAN($D4) -> 0 | AK4: =MEDIAN($E4) -> 0 | AL4: =MEDIAN($F4) -> 0 | AM4: =MEDIAN($G4) -> 0 | AN4: =MEDIAN($H4) -> 0 | AO4: =MEDIAN($I4) -> 0 | AP4: =MEDIAN($J4) -> 0 | AQ4: =MEDIAN($K4) -> 0 | AR4: =MEDIAN($M4) -> 0 | AS4: =MEDIAN($N4) -> 0 | AT4: =MEDIAN($P4) -> 0 | AU4: =MEDIAN($Q4) -> 0 | AV4: =MEDIAN($R4) -> 0 | AW4: =MAX($B4) -> 0 | AX4: =MAX($C4) -> 0 | AY4: =MAX($D4) -> 0 | AZ4: =MAX($E4) -> 0 | BA4: =MAX($F4) -> 0 | BB4: =MAX($G4) -> 0 | BC4: =MAX($H4) -> 0 | BD4: =MAX($I4) -> 0 | BE4: =MAX($J4) -> 0 | BF4: =MAX($K4) -> 0 | BG4: =MAX($M4) -> 0 | BH4: =MAX($N4) -> 0 | BI4: =MAX($P4) -> 0 | BJ4: =MAX($Q4) -> 0 | BK4: =MAX($R4) -> 0
A5: Level_2 | B5: =AVERAGE(Instances!B75:B110) -> 0 | C5: =AVERAGE(Instances!C75:C110) -> 0 | D5: =AVERAGE(Instances!D75:D110) -> 0 | E5: =AVERAGE(Instances!E75:E110) -> 0 | F5: =AVERAGE(Instances!F75:F110) -> 0 | G5: =AVERAGE(Instances!G75:G110) -> 0 | H5: =AVERAGE(Instances!H75:H110) -> 0 | I5: =AVERAGE(Instances!I75:I110) -> 0 | ... K5: =AVERAGE(Instances!K75:K110) -> 0 | M5: =AVERAGE(Instances!M75:M110) -> 0 | N5: =AVERAGE(Instances!N75:N110) -> 0 | P5: =AVERAGE(Instances!P75:P110) -> 0 | Q5: =SUM(Instances!Q75:Q110) -> 0 | R5: =AVERAGE(Instances!R75:R110) -> 0 | S5: =MIN($B5) -> 0 | T5: =MIN($C5) -> 0 | U5: =MIN($D5) -> 0 | V5: =MIN($E5) -> 0 | W5: =MIN($F5) -> 0 | X5: =MIN($G5) -> 0 | Y5: =MIN($H5) -> 0 | Z5: =MIN($I5) -> 0 | AA5: =MIN($J5) -> 0 | AB5: =MIN($K5) -> 0 | AC5: =MIN($M5) -> 0 | AD5: =MIN($N5) -> 0 | AE5: =MIN($P5) -> 0 | AF5: =MIN($Q5) -> 0 | AG5: =MIN($R5) -> 0 | AH5: =MEDIAN($B5) -> 0 | AI5: =MEDIAN($C5) -> 0 | AJ5: =MEDIAN($D5) -> 0 | AK5: =MEDIAN($E5) -> 0 | AL5: =MEDIAN($F5) -> 0 | AM5: =MEDIAN($G5) -> 0 | AN5: =MEDIAN($H5) -> 0 | AO5: =MEDIAN($I5) -> 0 | AP5: =MEDIAN($J5) -> 0 | AQ5: =MEDIAN($K5) -> 0 | AR5: =MEDIAN($M5) -> 0 | AS5: =MEDIAN($N5) -> 0 | AT5: =MEDIAN($P5) -> 0 | AU5: =MEDIAN($Q5) -> 0 | AV5: =MEDIAN($R5) -> 0 | AW5: =MAX($B5) -> 0 | AX5: =MAX($C5) -> 0 | AY5: =MAX($D5) -> 0 | AZ5: =MAX($E5) -> 0 | BA5: =MAX($F5) -> 0 | BB5: =MAX($G5) -> 0 | BC5: =MAX($H5) -> 0 | BD5: =MAX($I5) -> 0 | BE5: =MAX($J5) -> 0 | BF5: =MAX($K5) -> 0 | BG5: =MAX($M5) -> 0 | BH5: =MAX($N5) -> 0 | BI5: =MAX($P5) -> 0 | BJ5: =MAX($Q5) -> 0 | BK5: =MAX($R5) -> 0
A6: Level_3 | B6: =AVERAGE(Instances!B111:B146) -> 0 | C6: =AVERAGE(Instances!C111:C146) -> 0 | D6: =AVERAGE(Instances!D111:D146) -> 0 | E6: =AVERAGE(Instances!E111:E146) -> 0 | F6: =AVERAGE(Instances!F111:F146) -> 0 | G6: =AVERAGE(Instances!G111:G146) -> 0 | H6: =AVERAGE(Instances!H111:H146) -> 0 | I6: =AVERAGE(Instances!I111:I146) -> 0 | ... K6: =AVERAGE(Instances!K111:K146) -> 0 | M6: =AVERAGE(Instances!M111:M146) -> 0 | N6: =AVERAGE(Instances!N111:N146) -> 0 | P6: =AVERAGE(Instances!P111:P146) -> 0 | Q6: =SUM(Instances!Q111:Q146) -> 0 | R6: =AVERAGE(Instances!R111:R146) -> 0 | S6: =MIN($B6) -> 0 | T6: =MIN($C6) -> 0 | U6: =MIN($D6) -> 0 | V6: =MIN($E6) -> 0 | W6: =MIN($F6) -> 0 | X6: =MIN($G6) -> 0 | Y6: =MIN($H6) -> 0 | Z6: =MIN($I6) -> 0 | AA6: =MIN($J6) -> 0 | AB6: =MIN($K6) -> 0 | AC6: =MIN($M6) -> 0 | AD6: =MIN($N6) -> 0 | AE6: =MIN($P6) -> 0 | AF6: =MIN($Q6) -> 0 | AG6: =MIN($R6) -> 0 | AH6: =MEDIAN($B6) -> 0 | AI6: =MEDIAN($C6) -> 0 | AJ6: =MEDIAN($D6) -> 0 | AK6: =MEDIAN($E6) -> 0 | AL6: =MEDIAN($F6) -> 0 | AM6: =MEDIAN($G6) -> 0 | AN6: =MEDIAN($H6) -> 0 | AO6: =MEDIAN($I6) -> 0 | AP6: =MEDIAN($J6) -> 0 | AQ6: =MEDIAN($K6) -> 0 | AR6: =MEDIAN($M6) -> 0 | AS6: =MEDIAN($N6) -> 0 | AT6: =MEDIAN($P6) -> 0 | AU6: =MEDIAN($Q6) -> 0 | AV6: =MEDIAN($R6) -> 0 | AW6: =MAX($B6) -> 0 | AX6: =MAX($C6) -> 0 | AY6: =MAX($D6) -> 0 | AZ6: =MAX($E6) -> 0 | BA6: =MAX($F6) -> 0 | BB6: =MAX($G6) -> 0 | BC6: =MAX($H6) -> 0 | BD6: =MAX($I6) -> 0 | BE6: =MAX($J6) -> 0 | BF6: =MAX($K6) -> 0 | BG6: =MAX($M6) -> 0 | BH6: =MAX($N6) -> 0 | BI6: =MAX($P6) -> 0 | BJ6: =MAX($Q6) -> 0 | BK6: =MAX($R6) -> 0
A7: Level_4 | B7: =AVERAGE(Instances!B147:B182) -> 0 | C7: =AVERAGE(Instances!C147:C182) -> 0 | D7: =AVERAGE(Instances!D147:D182) -> 0 | E7: =AVERAGE(Instances!E147:E182) -> 0 | F7: =AVERAGE(Instances!F147:F182) -> 0 | G7: =AVERAGE(Instances!G147:G182) -> 0 | H7: =AVERAGE(Instances!H147:H182) -> 0 | I7: =AVERAGE(Instances!I147:I182) -> 0 | ... K7: =AVERAGE(Instances!K147:K182) -> 0 | M7: =AVERAGE(Instances!M147:M182) -> 0 | N7: =AVERAGE(Instances!N147:N182) -> 0 | P7: =AVERAGE(Instances!P147:P182) -> 0 | Q7: =SUM(Instances!Q147:Q182) -> 0 | R7: =AVERAGE(Instances!R147:R182) -> 0 | S7: =MIN($B7) -> 0 | T7: =MIN($C7) -> 0 | U7: =MIN($D7) -> 0 | V7: =MIN($E7) -> 0 | W7: =MIN($F7) -> 0 | X7: =MIN($G7) -> 0 | Y7: =MIN($H7) -> 0 | Z7: =MIN($I7) -> 0 | AA7: =MIN($J7) -> 0 | AB7: =MIN($K7) -> 0 | AC7: =MIN($M7) -> 0 | AD7: =MIN($N7) -> 0 | AE7: =MIN($P7) -> 0 | AF7: =MIN($Q7) -> 0 | AG7: =MIN($R7) -> 0 | AH7: =MEDIAN($B7) -> 0 | AI7: =MEDIAN($C7) -> 0 | AJ7: =MEDIAN($D7) -> 0 | AK7: =MEDIAN($E7) -> 0 | AL7: =MEDIAN($F7) -> 0 | AM7: =MEDIAN($G7) -> 0 | AN7: =MEDIAN($H7) -> 0 | AO7: =MEDIAN($I7) -> 0 | AP7: =MEDIAN($J7) -> 0 | AQ7: =MEDIAN($K7) -> 0 | AR7: =MEDIAN($M7) -> 0 | AS7: =MEDIAN($N7) -> 0 | AT7: =MEDIAN($P7) -> 0 | AU7: =MEDIAN($Q7) -> 0 | AV7: =MEDIAN($R7) -> 0 | AW7: =MAX($B7) -> 0 | AX7: =MAX($C7) -> 0 | AY7: =MAX($D7) -> 0 | AZ7: =MAX($E7) -> 0 | BA7: =MAX($F7) -> 0 | BB7: =MAX($G7) -> 0 | BC7: =MAX($H7) -> 0 | BD7: =MAX($I7) -> 0 | BE7: =MAX($J7) -> 0 | BF7: =MAX($K7) -> 0 | BG7: =MAX($M7) -> 0 | BH7: =MAX($N7) -> 0 | BI7: =MAX($P7) -> 0 | BJ7: =MAX($Q7) -> 0 | BK7: =MAX($R7) -> 0
A8: Level_5 | B8: =AVERAGE(Instances!B183:B218) -> 0 | C8: =AVERAGE(Instances!C183:C218) -> 0 | D8: =AVERAGE(Instances!D183:D218) -> 0 | E8: =AVERAGE(Instances!E183:E218) -> 0 | F8: =AVERAGE(Instances!F183:F218) -> 0 | G8: =AVERAGE(Instances!G183:G218) -> 0 | H8: =AVERAGE(Instances!H183:H218) -> 0 | I8: =AVERAGE(Instances!I183:I218) -> 0 | ... K8: =AVERAGE(Instances!K183:K218) -> 0 | M8: =AVERAGE(Instances!M183:M218) -> 0 | N8: =AVERAGE(Instances!N183:N218) -> 0 | P8: =AVERAGE(Instances!P183:P218) -> 0 | Q8: =SUM(Instances!Q183:Q218) -> 0 | R8: =AVERAGE(Instances!R183:R218) -> 0 | S8: =MIN($B8) -> 0 | T8: =MIN($C8) -> 0 | U8: =MIN($D8) -> 0 | V8: =MIN($E8) -> 0 | W8: =MIN($F8) -> 0 | X8: =MIN($G8) -> 0 | Y8: =MIN($H8) -> 0 | Z8: =MIN($I8) -> 0 | AA8: =MIN($J8) -> 0 | AB8: =MIN($K8) -> 0 | AC8: =MIN($M8) -> 0 | AD8: =MIN($N8) -> 0 | AE8: =MIN($P8) -> 0 | AF8: =MIN($Q8) -> 0 | AG8: =MIN($R8) -> 0 | AH8: =MEDIAN($B8) -> 0 | AI8: =MEDIAN($C8) -> 0 | AJ8: =MEDIAN($D8) -> 0 | AK8: =MEDIAN($E8) -> 0 | AL8: =MEDIAN($F8) -> 0 | AM8: =MEDIAN($G8) -> 0 | AN8: =MEDIAN($H8) -> 0 | AO8: =MEDIAN($I8) -> 0 | AP8: =MEDIAN($J8) -> 0 | AQ8: =MEDIAN($K8) -> 0 | AR8: =MEDIAN($M8) -> 0 | AS8: =MEDIAN($N8) -> 0 | AT8: =MEDIAN($P8) -> 0 | AU8: =MEDIAN($Q8) -> 0 | AV8: =MEDIAN($R8) -> 0 | AW8: =MAX($B8) -> 0 | AX8: =MAX($C8) -> 0 | AY8: =MAX($D8) -> 0 | AZ8: =MAX($E8) -> 0 | BA8: =MAX($F8) -> 0 | BB8: =MAX($G8) -> 0 | BC8: =MAX($H8) -> 0 | BD8: =MAX($I8) -> 0 | BE8: =MAX($J8) -> 0 | BF8: =MAX($K8) -> 0 | BG8: =MAX($M8) -> 0 | BH8: =MAX($N8) -> 0 | BI8: =MAX($P8) -> 0 | BJ8: =MAX($Q8) -> 0 | BK8: =MAX($R8) -> 0
A9: Level_6 | B9: =AVERAGE(Instances!B219:B254) -> 0 | C9: =AVERAGE(Instances!C219:C254) -> 0 | D9: =AVERAGE(Instances!D219:D254) -> 0 | E9: =AVERAGE(Instances!E219:E254) -> 0 | F9: =AVERAGE(Instances!F219:F254) -> 0 | G9: =AVERAGE(Instances!G219:G254) -> 0 | H9: =AVERAGE(Instances!H219:H254) -> 0 | I9: =AVERAGE(Instances!I219:I254) -> 0 | ... K9: =AVERAGE(Instances!K219:K254) -> 0 | M9: =AVERAGE(Instances!M219:M254) -> 0 | N9: =AVERAGE(Instances!N219:N254) -> 0 | P9: =AVERAGE(Instances!P219:P254) -> 0 | Q9: =SUM(Instances!Q219:Q254) -> 0 | R9: =AVERAGE(Instances!R219:R254) -> 0 | S9: =MIN($B9) -> 0 | T9: =MIN($C9) -> 0 | U9: =MIN($D9) -> 0 | V9: =MIN($E9) -> 0 | W9: =MIN($F9) -> 0 | X9: =MIN($G9) -> 0 | Y9: =MIN($H9) -> 0 | Z9: =MIN($I9) -> 0 | AA9: =MIN($J9) -> 0 | AB9: =MIN($K9) -> 0 | AC9: =MIN($M9) -> 0 | AD9: =MIN($N9) -> 0 | AE9: =MIN($P9) -> 0 | AF9: =MIN($Q9) -> 0 | AG9: =MIN($R9) -> 0 | AH9: =MEDIAN($B9) -> 0 | AI9: =MEDIAN($C9) -> 0 | AJ9: =MEDIAN($D9) -> 0 | AK9: =MEDIAN($E9) -> 0 | AL9: =MEDIAN($F9) -> 0 | AM9: =MEDIAN($G9) -> 0 | AN9: =MEDIAN($H9) -> 0 | AO9: =MEDIAN($I9) -> 0 | AP9: =MEDIAN($J9) -> 0 | AQ9: =MEDIAN($K9) -> 0 | AR9: =MEDIAN($M9) -> 0 | AS9: =MEDIAN($N9) -> 0 | AT9: =MEDIAN($P9) -> 0 | AU9: =MEDIAN($Q9) -> 0 | AV9: =MEDIAN($R9) -> 0 | AW9: =MAX($B9) -> 0 | AX9: =MAX($C9) -> 0 | AY9: =MAX($D9) -> 0 | AZ9: =MAX($E9) -> 0 | BA9: =MAX($F9) -> 0 | BB9: =MAX($G9) -> 0 | BC9: =MAX($H9) -> 0 | BD9: =MAX($I9) -> 0 | BE9: =MAX($J9) -> 0 | BF9: =MAX($K9) -> 0 | BG9: =MAX($M9) -> 0 | BH9: =MAX($N9) -> 0 | BI9: =MAX($P9) -> 0 | BJ9: =MAX($Q9) -> 0 | BK9: =MAX($R9) -> 0
A10: Level_7 | B10: =AVERAGE(Instances!B255:B290) -> 0 | C10: =AVERAGE(Instances!C255:C290) -> 0 | D10: =AVERAGE(Instances!D255:D290) -> 0 | E10: =AVERAGE(Instances!E255:E290) -> 0 | F10: =AVERAGE(Instances!F255:F290) -> 0 | G10: =AVERAGE(Instances!G255:G290) -> 0 | H10: =AVERAGE(Instances!H255:H290) -> 0 | I10: =AVERAGE(Instances!I255:I290) -> 0 | ... K10: =AVERAGE(Instances!K255:K290) -> 0 | M10: =AVERAGE(Instances!M255:M290) -> 0 | N10: =AVERAGE(Instances!N255:N290) -> 0 | P10: =AVERAGE(Instances!P255:P290) -> 0 | Q10: =SUM(Instances!Q255:Q290) -> 0 | R10: =AVERAGE(Instances!R255:R290) -> 0 | S10: =MIN($B10) -> 0 | T10: =MIN($C10) -> 0 | U10: =MIN($D10) -> 0 | V10: =MIN($E10) -> 0 | W10: =MIN($F10) -> 0 | X10: =MIN($G10) -> 0 | Y10: =MIN($H10) -> 0 | Z10: =MIN($I10) -> 0 | AA10: =MIN($J10) -> 0 | AB10: =MIN($K10) -> 0 | AC10: =MIN($M10) -> 0 | AD10: =MIN($N10) -> 0 | AE10: =MIN($P10) -> 0 | AF10: =MIN($Q10) -> 0 | AG10: =MIN($R10) -> 0 | AH10: =MEDIAN($B10) -> 0 | AI10: =MEDIAN($C10) -> 0 | AJ10: =MEDIAN($D10) -> 0 | AK10: =MEDIAN($E10) -> 0 | AL10: =MEDIAN($F10) -> 0 | AM10: =MEDIAN($G10) -> 0 | AN10: =MEDIAN($H10) -> 0 | AO10: =MEDIAN($I10) -> 0 | AP10: =MEDIAN($J10) -> 0 | AQ10: =MEDIAN($K10) -> 0 | AR10: =MEDIAN($M10) -> 0 | AS10: =MEDIAN($N10) -> 0 | AT10: =MEDIAN($P10) -> 0 | AU10: =MEDIAN($Q10) -> 0 | AV10: =MEDIAN($R10) -> 0 | AW10: =MAX($B10) -> 0 | AX10: =MAX($C10) -> 0 | AY10: =MAX($D10) -> 0 | AZ10: =MAX($E10) -> 0 | BA10: =MAX($F10) -> 0 | BB10: =MAX($G10) -> 0 | BC10: =MAX($H10) -> 0 | BD10: =MAX($I10) -> 0 | BE10: =MAX($J10) -> 0 | BF10: =MAX($K10) -> 0 | BG10: =MAX($M10) -> 0 | BH10: =MAX($N10) -> 0 | BI10: =MAX($P10) -> 0 | BJ10: =MAX($Q10) -> 0 | BK10: =MAX($R10) -> 0
A11: Level_8 | B11: =AVERAGE(Instances!B291:B326) -> 0 | C11: =AVERAGE(Instances!C291:C326) -> 0 | D11: =AVERAGE(Instances!D291:D326) -> 0 | E11: =AVERAGE(Instances!E291:E326) -> 0 | F11: =AVERAGE(Instances!F291:F326) -> 0 | G11: =AVERAGE(Instances!G291:G326) -> 0 | H11: =AVERAGE(Instances!H291:H326) -> 0 | I11: =AVERAGE(Instances!I291:I326) -> 0 | ... K11: =AVERAGE(Instances!K291:K326) -> 0 | M11: =AVERAGE(Instances!M291:M326) -> 0 | N11: =AVERAGE(Instances!N291:N326) -> 0 | P11: =AVERAGE(Instances!P291:P326) -> 0 | Q11: =SUM(Instances!Q291:Q326) -> 0 | R11: =AVERAGE(Instances!R291:R326) -> 0 | S11: =MIN($B11) -> 0 | T11: =MIN($C11) -> 0 | U11: =MIN($D11) -> 0 | V11: =MIN($E11) -> 0 | W11: =MIN($F11) -> 0 | X11: =MIN($G11) -> 0 | Y11: =MIN($H11) -> 0 | Z11: =MIN($I11) -> 0 | AA11: =MIN($J11) -> 0 | AB11: =MIN($K11) -> 0 | AC11: =MIN($M11) -> 0 | AD11: =MIN($N11) -> 0 | AE11: =MIN($P11) -> 0 | AF11: =MIN($Q11) -> 0 | AG11: =MIN($R11) -> 0 | AH11: =MEDIAN($B11) -> 0 | AI11: =MEDIAN($C11) -> 0 | AJ11: =MEDIAN($D11) -> 0 | AK11: =MEDIAN($E11) -> 0 | AL11: =MEDIAN($F11) -> 0 | AM11: =MEDIAN($G11) -> 0 | AN11: =MEDIAN($H11) -> 0 | AO11: =MEDIAN($I11) -> 0 | AP11: =MEDIAN($J11) -> 0 | AQ11: =MEDIAN($K11) -> 0 | AR11: =MEDIAN($M11) -> 0 | AS11: =MEDIAN($N11) -> 0 | AT11: =MEDIAN($P11) -> 0 | AU11: =MEDIAN($Q11) -> 0 | AV11: =MEDIAN($R11) -> 0 | AW11: =MAX($B11) -> 0 | AX11: =MAX($C11) -> 0 | AY11: =MAX($D11) -> 0 | AZ11: =MAX($E11) -> 0 | BA11: =MAX($F11) -> 0 | BB11: =MAX($G11) -> 0 | BC11: =MAX($H11) -> 0 | BD11: =MAX($I11) -> 0 | BE11: =MAX($J11) -> 0 | BF11: =MAX($K11) -> 0 | BG11: =MAX($M11) -> 0 | BH11: =MAX($N11) -> 0 | BI11: =MAX($P11) -> 0 | BJ11: =MAX($Q11) -> 0 | BK11: =MAX($R11) -> 0
A12: Level_9 | B12: =AVERAGE(Instances!B327:B362) -> 0 | C12: =AVERAGE(Instances!C327:C362) -> 0 | D12: =AVERAGE(Instances!D327:D362) -> 0 | E12: =AVERAGE(Instances!E327:E362) -> 0 | F12: =AVERAGE(Instances!F327:F362) -> 0 | G12: =AVERAGE(Instances!G327:G362) -> 0 | H12: =AVERAGE(Instances!H327:H362) -> 0 | I12: =AVERAGE(Instances!I327:I362) -> 0 | ... K12: =AVERAGE(Instances!K327:K362) -> 0 | M12: =AVERAGE(Instances!M327:M362) -> 0 | N12: =AVERAGE(Instances!N327:N362) -> 0 | P12: =AVERAGE(Instances!P327:P362) -> 0 | Q12: =SUM(Instances!Q327:Q362) -> 0 | R12: =AVERAGE(Instances!R327:R362) -> 0 | S12: =MIN($B12) -> 0 | T12: =MIN($C12) -> 0 | U12: =MIN($D12) -> 0 | V12: =MIN($E12) -> 0 | W12: =MIN($F12) -> 0 | X12: =MIN($G12) -> 0 | Y12: =MIN($H12) -> 0 | Z12: =MIN($I12) -> 0 | AA12: =MIN($J12) -> 0 | AB12: =MIN($K12) -> 0 | AC12: =MIN($M12) -> 0 | AD12: =MIN($N12) -> 0 | AE12: =MIN($P12) -> 0 | AF12: =MIN($Q12) -> 0 | AG12: =MIN($R12) -> 0 | AH12: =MEDIAN($B12) -> 0 | AI12: =MEDIAN($C12) -> 0 | AJ12: =MEDIAN($D12) -> 0 | AK12: =MEDIAN($E12) -> 0 | AL12: =MEDIAN($F12) -> 0 | AM12: =MEDIAN($G12) -> 0 | AN12: =MEDIAN($H12) -> 0 | AO12: =MEDIAN($I12) -> 0 | AP12: =MEDIAN($J12) -> 0 | AQ12: =MEDIAN($K12) -> 0 | AR12: =MEDIAN($M12) -> 0 | AS12: =MEDIAN($N12) -> 0 | AT12: =MEDIAN($P12) -> 0 | AU12: =MEDIAN($Q12) -> 0 | AV12: =MEDIAN($R12) -> 0 | AW12: =MAX($B12) -> 0 | AX12: =MAX($C12) -> 0 | AY12: =MAX($D12) -> 0 | AZ12: =MAX($E12) -> 0 | BA12: =MAX($F12) -> 0 | BB12: =MAX($G12) -> 0 | BC12: =MAX($H12) -> 0 | BD12: =MAX($I12) -> 0 | BE12: =MAX($J12) -> 0 | BF12: =MAX($K12) -> 0 | BG12: =MAX($M12) -> 0 | BH12: =MAX($N12) -> 0 | BI12: =MAX($P12) -> 0 | BJ12: =MAX($Q12) -> 0 | BK12: =MAX($R12) -> 0
A14: SUM | B14: =SUM(B$3:B$12) -> 0 | C14: =SUM(C$3:C$12) -> 0 | D14: =SUM(D$3:D$12) -> 0 | E14: =SUM(E$3:E$12) -> 0 | F14: =SUM(F$3:F$12) -> 0 | G14: =SUM(G$3:G$12) -> 0 | H14: =SUM(H$3:H$12) -> 0 | I14: =SUM(I$3:I$12) -> 0 | ... K14: =SUM(K$3:K$12) -> 0 | M14: =SUM(M$3:M$12) -> 0 | N14: =SUM(N$3:N$12) -> 0 | P14: =SUM(P$3:P$12) -> 0 | Q14: =SUM(Q$3:Q$12) -> 0 | R14: =SUM(R$3:R$12) -> 0 | S14: =SUM(S$3:S$12) -> 0 | T14: =SUM(T$3:T$12) -> 0 | U14: =SUM(U$3:U$12) -> 0 | V14: =SUM(V$3:V$12) -> 0 | W14: =SUM(W$3:W$12) -> 0 | ... BK14: =SUM(BK$3:BK$12) -> 0
A15: AVG | B15: =AVERAGE(B$3:B$12) -> 0 | C15: =AVERAGE(C$3:C$12) -> 0 | D15: =AVERAGE(D$3:D$12) -> 0 | E15: =AVERAGE(E$3:E$12) -> 0 | F15: =AVERAGE(F$3:F$12) -> 0 | G15: =AVERAGE(G$3:G$12) -> 0 | H15: =AVERAGE(H$3:H$12) -> 0 | I15: =AVERAGE(I$3:I$12) -> 0 | ... K15: =AVERAGE(K$3:K$12) -> 0 | M15: =AVERAGE(M$3:M$12) -> 0 | N15: =AVERAGE(N$3:N$12) -> 0 | P15: =AVERAGE(P$3:P$12) -> 0 | Q15: =AVERAGE(Q$3:Q$12) -> 0 | R15: =AVERAGE(R$3:R$12) -> 0 | S15: =AVERAGE(S$3:S$12) -> 0 | T15: =AVERAGE(T$3:T$12) -> 0 | U15: =AVERAGE(U$3:U$12) -> 0 | V15: =AVERAGE(V$3:V$12) -> 0 | W15: =AVERAGE(W$3:W$12) -> 0 | ... BK15: =AVERAGE(BK$3:BK$12) -> 0
A16: DEV | B16: =STDEV(B$3:B$12) -> 0 | C16: =STDEV(C$3:C$12) -> 0 | D16: =STDEV(D$3:D$12) -> 0 | E16: =STDEV(E$3:E$12) -> 0 | F16: =STDEV(F$3:F$12) -> 0 | G16: =STDEV(G$3:G$12) -> 0 | H16: =STDEV(H$3:H$12) -> 0 | I16: =STDEV(I$3:I$12) -> 0 | ... K16: =STDEV(K$3:K$12) -> 0 | M16: =STDEV(M$3:M$12) -> 0 | N16: =STDEV(N$3:N$12) -> 0 | P16: =STDEV(P$3:P$12) -> 0 | Q16: =STDEV(Q$3:Q$12) -> 0 | R16: =STDEV(R$3:R$12) -> 0 | S16: =STDEV(S$3:S$12) -> 0 | T16: =STDEV(T$3:T$12) -> 0 | U16: =STDEV(U$3:U$12) -> 0 | V16: =STDEV(V$3:V$12) -> 0 | W16: =STDEV(W$3:W$12) -> 0 | ... BK16: =STDEV(BK$3:BK$12) -> 0
A17: DST | B17: =SUMPRODUCT(--(B$3:B$12-$S$3:$S$12)^2)^0.5 -> 0 | C17: =SUMPRODUCT(--(C$3:C$12-$T$3:$T$12)^2)^0.5 -> 0 | D17: =SUMPRODUCT(--(D$3:D$12-$U$3:$U$12)^2)^0.5 -> 0 | E17: =SUMPRODUCT(--(E$3:E$12-$V$3:$V$12)^2)^0.5 -> 0 | F17: =SUMPRODUCT(--(F$3:F$12-$W$3:$W$12)^2)^0.5 -> 0 | G17: =SUMPRODUCT(--(G$3:G$12-$X$3:$X$12)^2)^0.5 -> 0 | H17: =SUMPRODUCT(--(H$3:H$12-$Y$3:$Y$12)^2)^0.5 -> 0 | I17: =SUMPRODUCT(--(I$3:I$12-$Z$3:$Z$12)^2)^0.5 -> 0 | J17: =SUMPRODUCT(--(J$3:J$12-$AA$3:$AA$12)^2)^0.5 -> 0 | K17: =SUMPRODUCT(--(K$3:K$12-$AB$3:$AB$12)^2)^0.5 -> 0 | M17: =SUMPRODUCT(--(M$3:M$12-$AC$3:$AC$12)^2)^0.5 -> 0 | N17: =SUMPRODUCT(--(N$3:N$12-$AD$3:$AD$12)^2)^0.5 -> 0 | P17: =SUMPRODUCT(--(P$3:P$12-$AE$3:$AE$12)^2)^0.5 -> 0 | Q17: =SUMPRODUCT(--(Q$3:Q$12-$AF$3:$AF$12)^2)^0.5 -> 0 | R17: =SUMPRODUCT(--(R$3:R$12-$AG$3:$AG$12)^2)^0.5 -> 0
A18: BEST | B18: =SUMPRODUCT(NOT(ISBLANK(B$3:B$12))*(B$3:B$12=$S$3:$S$12)) -> 0 | C18: =SUMPRODUCT(NOT(ISBLANK(C$3:C$12))*(C$3:C$12=$T$3:$T$12)) -> 0 | D18: =SUMPRODUCT(NOT(ISBLANK(D$3:D$12))*(D$3:D$12=$U$3:$U$12)) -> 0 | E18: =SUMPRODUCT(NOT(ISBLANK(E$3:E$12))*(E$3:E$12=$V$3:$V$12)) -> 0 | F18: =SUMPRODUCT(NOT(ISBLANK(F$3:F$12))*(F$3:F$12=$W$3:$W$12)) -> 0 | G18: =SUMPRODUCT(NOT(ISBLANK(G$3:G$12))*(G$3:G$12=$X$3:$X$12)) -> 0 | H18: =SUMPRODUCT(NOT(ISBLANK(H$3:H$12))*(H$3:H$12=$Y$3:$Y$12)) -> 0 | I18: =SUMPRODUCT(NOT(ISBLANK(I$3:I$12))*(I$3:I$12=$Z$3:$Z$12)) -> 0 | J18: =SUMPRODUCT(NOT(ISBLANK(J$3:J$12))*(J$3:J$12=$AA$3:$AA$12)) -> 0 | K18: =SUMPRODUCT(NOT(ISBLANK(K$3:K$12))*(K$3:K$12=$AB$3:$AB$12)) -> 0 | M18: =SUMPRODUCT(NOT(ISBLANK(M$3:M$12))*(M$3:M$12=$AC$3:$AC$12)) -> 0 | N18: =SUMPRODUCT(NOT(ISBLANK(N$3:N$12))*(N$3:N$12=$AD$3:$AD$12)) -> 0 | P18: =SUMPRODUCT(NOT(ISBLANK(P$3:P$12))*(P$3:P$12=$AE$3:$AE$12)) -> 0 | Q18: =SUMPRODUCT(NOT(ISBLANK(Q$3:Q$12))*(Q$3:Q$12=$AF$3:$AF$12)) -> 0 | R18: =SUMPRODUCT(NOT(ISBLANK(R$3:R$12))*(R$3:R$12=$AG$3:$AG$12)) -> 0
A19: BETTER | B19: =SUMPRODUCT(NOT(ISBLANK(B$3:B$12))*(B$3:B$12<$AH$3:$AH$12)) -> 0 | C19: =SUMPRODUCT(NOT(ISBLANK(C$3:C$12))*(C$3:C$12<$AI$3:$AI$12)) -> 0 | D19: =SUMPRODUCT(NOT(ISBLANK(D$3:D$12))*(D$3:D$12<$AJ$3:$AJ$12)) -> 0 | E19: =SUMPRODUCT(NOT(ISBLANK(E$3:E$12))*(E$3:E$12<$AK$3:$AK$12)) -> 0 | F19: =SUMPRODUCT(NOT(ISBLANK(F$3:F$12))*(F$3:F$12<$AL$3:$AL$12)) -> 0 | G19: =SUMPRODUCT(NOT(ISBLANK(G$3:G$12))*(G$3:G$12<$AM$3:$AM$12)) -> 0 | H19: =SUMPRODUCT(NOT(ISBLANK(H$3:H$12))*(H$3:H$12<$AN$3:$AN$12)) -> 0 | I19: =SUMPRODUCT(NOT(ISBLANK(I$3:I$12))*(I$3:I$12<$AO$3:$AO$12)) -> 0 | J19: =SUMPRODUCT(NOT(ISBLANK(J$3:J$12))*(J$3:J$12<$AP$3:$AP$12)) -> 0 | K19: =SUMPRODUCT(NOT(ISBLANK(K$3:K$12))*(K$3:K$12<$AQ$3:$AQ$12)) -> 0 | M19: =SUMPRODUCT(NOT(ISBLANK(M$3:M$12))*(M$3:M$12<$AR$3:$AR$12)) -> 0 | N19: =SUMPRODUCT(NOT(ISBLANK(N$3:N$12))*(N$3:N$12<$AS$3:$AS$12)) -> 0 | P19: =SUMPRODUCT(NOT(ISBLANK(P$3:P$12))*(P$3:P$12<$AT$3:$AT$12)) -> 0 | Q19: =SUMPRODUCT(NOT(ISBLANK(Q$3:Q$12))*(Q$3:Q$12<$AU$3:$AU$12)) -> 0 | R19: =SUMPRODUCT(NOT(ISBLANK(R$3:R$12))*(R$3:R$12<$AV$3:$AV$12)) -> 0
A20: WORSE | B20: =SUMPRODUCT((NOT(ISBLANK(B$3:B$12))*(B$3:B$12>$AH$3:$AH$12))+ISBLANK(B$3:B$12)) -> 0 | C20: =SUMPRODUCT((NOT(ISBLANK(C$3:C$12))*(C$3:C$12>$AI$3:$AI$12))+ISBLANK(C$3:C$12)) -> 0 | D20: =SUMPRODUCT((NOT(ISBLANK(D$3:D$12))*(D$3:D$12>$AJ$3:$AJ$12))+ISBLANK(D$3:D$12)) -> 0 | E20: =SUMPRODUCT((NOT(ISBLANK(E$3:E$12))*(E$3:E$12>$AK$3:$AK$12))+ISBLANK(E$3:E$12)) -> 0 | F20: =SUMPRODUCT((NOT(ISBLANK(F$3:F$12))*(F$3:F$12>$AL$3:$AL$12))+ISBLANK(F$3:F$12)) -> 0 | G20: =SUMPRODUCT((NOT(ISBLANK(G$3:G$12))*(G$3:G$12>$AM$3:$AM$12))+ISBLANK(G$3:G$12)) -> 0 | H20: =SUMPRODUCT((NOT(ISBLANK(H$3:H$12))*(H$3:H$12>$AN$3:$AN$12))+ISBLANK(H$3:H$12)) -> 0 | I20: =SUMPRODUCT((NOT(ISBLANK(I$3:I$12))*(I$3:I$12>$AO$3:$AO$12))+ISBLANK(I$3:I$12)) -> 0 | J20: =SUMPRODUCT((NOT(ISBLANK(J$3:J$12))*(J$3:J$12>$AP$3:$AP$12))+ISBLANK(J$3:J$12)) -> 0 | K20: =SUMPRODUCT((NOT(ISBLANK(K$3:K$12))*(K$3:K$12>$AQ$3:$AQ$12))+ISBLANK(K$3:K$12)) -> 0 | M20: =SUMPRODUCT((NOT(ISBLANK(M$3:M$12))*(M$3:M$12>$AR$3:$AR$12))+ISBLANK(M$3:M$12)) -> 0 | N20: =SUMPRODUCT((NOT(ISBLANK(N$3:N$12))*(N$3:N$12>$AS$3:$AS$12))+ISBLANK(N$3:N$12)) -> 0 | P20: =SUMPRODUCT((NOT(ISBLANK(P$3:P$12))*(P$3:P$12>$AT$3:$AT$12))+ISBLANK(P$3:P$12)) -> 0 | Q20: =SUMPRODUCT((NOT(ISBLANK(Q$3:Q$12))*(Q$3:Q$12>$AU$3:$AU$12))+ISBLANK(Q$3:Q$12)) -> 0 | R20: =SUMPRODUCT((NOT(ISBLANK(R$3:R$12))*(R$3:R$12>$AV$3:$AV$12))+ISBLANK(R$3:R$12)) -> 0
A21: WORST | B21: =SUMPRODUCT((NOT(ISBLANK(B$3:B$12))*(B$3:B$12=$AW$3:$AW$12))+ISBLANK(B$3:B$12)) -> 0 | C21: =SUMPRODUCT((NOT(ISBLANK(C$3:C$12))*(C$3:C$12=$AX$3:$AX$12))+ISBLANK(C$3:C$12)) -> 0 | D21: =SUMPRODUCT((NOT(ISBLANK(D$3:D$12))*(D$3:D$12=$AY$3:$AY$12))+ISBLANK(D$3:D$12)) -> 0 | E21: =SUMPRODUCT((NOT(ISBLANK(E$3:E$12))*(E$3:E$12=$AZ$3:$AZ$12))+ISBLANK(E$3:E$12)) -> 0 | F21: =SUMPRODUCT((NOT(ISBLANK(F$3:F$12))*(F$3:F$12=$BA$3:$BA$12))+ISBLANK(F$3:F$12)) -> 0 | G21: =SUMPRODUCT((NOT(ISBLANK(G$3:G$12))*(G$3:G$12=$BB$3:$BB$12))+ISBLANK(G$3:G$12)) -> 0 | H21: =SUMPRODUCT((NOT(ISBLANK(H$3:H$12))*(H$3:H$12=$BC$3:$BC$12))+ISBLANK(H$3:H$12)) -> 0 | I21: =SUMPRODUCT((NOT(ISBLANK(I$3:I$12))*(I$3:I$12=$BD$3:$BD$12))+ISBLANK(I$3:I$12)) -> 0 | J21: =SUMPRODUCT((NOT(ISBLANK(J$3:J$12))*(J$3:J$12=$BE$3:$BE$12))+ISBLANK(J$3:J$12)) -> 0 | K21: =SUMPRODUCT((NOT(ISBLANK(K$3:K$12))*(K$3:K$12=$BF$3:$BF$12))+ISBLANK(K$3:K$12)) -> 0 | M21: =SUMPRODUCT((NOT(ISBLANK(M$3:M$12))*(M$3:M$12=$BG$3:$BG$12))+ISBLANK(M$3:M$12)) -> 0 | N21: =SUMPRODUCT((NOT(ISBLANK(N$3:N$12))*(N$3:N$12=$BH$3:$BH$12))+ISBLANK(N$3:N$12)) -> 0 | P21: =SUMPRODUCT((NOT(ISBLANK(P$3:P$12))*(P$3:P$12=$BI$3:$BI$12))+ISBLANK(P$3:P$12)) -> 0 | Q21: =SUMPRODUCT((NOT(ISBLANK(Q$3:Q$12))*(Q$3:Q$12=$BJ$3:$BJ$12))+ISBLANK(Q$3:Q$12)) -> 0 | R21: =SUMPRODUCT((NOT(ISBLANK(R$3:R$12))*(R$3:R$12=$BK$3:$BK$12))+ISBLANK(R$3:R$12)) -> 0

Sheet Helper
A2: choices | B2: 1 | E2: =VLOOKUP(Charts!$F$3,A2:B16,2,FALSE()) -> 0 | K2: =E2 -> 0 | Q2: =VLOOKUP(Charts!$F$3,A2:B16,2,FALSE()) -> 0
A3: conflicts | B3: 2 | D3: data | E3: =Instances!B1 -> 0 | J3: data | K3: =E3 -> 0 | Q3: =Instances!B1 -> 0
A4: constraints | B4: 3 | D4: index | E4: values | F4: sorted | H4: aggregated | J4: index | K4: values | L4: sorted | N4: aggregated | P4: plot | Q4: index | R4: sorted | S4: index | T4: aggregated
A5: error | B5: 4 | D5: 1 | E5: =IF(INDIRECT(ADDRESS($D5+2,E$2+1,,,"Instances"))="","",INDIRECT(ADDRESS($D5+2,E$2+1,,,"Instances"))) -> Level_0/2-0000101 | F5: =IFERROR(SMALL(E5:E364,ROW()-ROW($F$5)+1),"") | H5: =IFERROR(SUM(F5:F5),"") -> 0 | J5: 1 | K5: {=_xlfn.SWITCH(Charts!$B$3,"average", AVERAGE(INDIRECT(ADDRESS(0+3,K$2+1,,,"Instances") & ":" & ADDRESS(0+3,K$2+1))),"median", MEDIAN(INDIRECT(ADDRESS(0+3,K$2+1,,,"Instances") & ":" & ADDRESS(0+3,K$2+1))),"min", MIN(INDIRECT(ADDRESS(0+3,K$2+1,,,"Instances") & ":" & ADDRESS(0+3,K$2+1))),"max", MAX(INDIRECT(ADDRESS(0+3,K$2+1,,,"Instances") & ":" & ADDRESS(0+3,K$2+1))),"diff", MAX(INDIRECT(ADDRESS(0+3,K$2+1,,,"Instances") & ":" & ADDRESS(0+3,K$2+1)))-MIN(INDIRECT(ADDRESS(0+3,K$2+1,,,"Instances") & ":" & ADDRESS(0+3,K$2+1))))} -> #N/A | L5: =IFERROR(SMALL(K5:K364,ROW()-ROW($L$5)+1),"") | N5: =IFERROR(SUM(L5:L5),"") -> 0 | Q5: =IF(Charts!$B$3="none",E1812,IF(K1812="",NA(),K1812)) -> 0 | R5: =IF(Charts!$B$3="none",F1812,IF(L1812="",NA(),L1812)) -> 0 | S5: =IF(Charts!$B$3="none",G1812,IF(M1812="",NA(),M1812)) -> 0 | T5: =IF(Charts!$B$3="none",H1812,IF(N1812="",NA(),N1812)) -> 0
A6: mem | B6: 5 | D6: 2 | E6: =IF(INDIRECT(ADDRESS($D6+2,E$2+1,,,"Instances"))="","",INDIRECT(ADDRESS($D6+2,E$2+1,,,"Instances"))) -> Level_0/2-0000110 | F6: =IFERROR(SMALL(E5:E364,ROW()-ROW($F$5)+1),"") | H6: =IFERROR(SUM(F5:F6),"") -> 0 | J6: 2 | K6: {=_xlfn.SWITCH(Charts!$B$3,"average", AVERAGE(INDIRECT(ADDRESS(1+3,K$2+1,,,"Instances") & ":" & ADDRESS(1+3,K$2+1))),"median", MEDIAN(INDIRECT(ADDRESS(1+3,K$2+1,,,"Instances") & ":" & ADDRESS(1+3,K$2+1))),"min", MIN(INDIRECT(ADDRESS(1+3,K$2+1,,,"Instances") & ":" & ADDRESS(1+3,K$2+1))),"max", MAX(INDIRECT(ADDRESS(1+3,K$2+1,,,"Instances") & ":" & ADDRESS(1+3,K$2+1))),"diff", MAX(INDIRECT(ADDRESS(1+3,K$2+1,,,"Instances") & ":" & ADDRESS(1+3,K$2+1)))-MIN(INDIRECT(ADDRESS(1+3,K$2+1,,,"Instances") & ":" & ADDRESS(1+3,K$2+1))))} -> #N/A | L6: =IFERROR(SMALL(K5:K364,ROW()-ROW($L$5)+1),"") | N6: =IFERROR(SUM(L5:L6),"") -> 0 | Q6: =IF(Charts!$B$3="none",E1813,IF(K1813="",NA(),K1813)) -> 0 | R6: =IF(Charts!$B$3="none",F1813,IF(L1813="",NA(),L1813)) -> 0 | S6: =IF(Charts!$B$3="none",G1813,IF(M1813="",NA(),M1813)) -> #N/A | T6: =IF(Charts!$B$3="none",H1813,IF(N1813="",NA(),N1813)) -> #N/A
A7: memout | B7: 6 | D7: 3 | E7: =IF(INDIRECT(ADDRESS($D7+2,E$2+1,,,"Instances"))="","",INDIRECT(ADDRESS($D7+2,E$2+1,,,"Instances"))) -> Level_0/2-0001001 | F7: =IFERROR(SMALL(E5:E364,ROW()-ROW($F$5)+1),"") | H7: =IFERROR(SUM(F5:F7),"") -> 0 | J7: 3 | K7: {=_xlfn.SWITCH(Charts!$B$3,"average", AVERAGE(INDIRECT(ADDRESS(2+3,K$2+1,,,"Instances") & ":" & ADDRESS(2+3,K$2+1))),"median", MEDIAN(INDIRECT(ADDRESS(2+3,K$2+1,,,"Instances") & ":" & ADDRESS(2+3,K$2+1))),"min", MIN(INDIRECT(ADDRESS(2+3,K$2+1,,,"Instances") & ":" & ADDRESS(2+3,K$2+1))),"max", MAX(INDIRECT(ADDRESS(2+3,K$2+1,,,"Instances") & ":" & ADDRESS(2+3,K$2+1))),"diff", MAX(INDIRECT(ADDRESS(2+3,K$2+1,,,"Instances") & ":" & ADDRESS(2+3,K$2+1)))-MIN(INDIRECT(ADDRESS(2+3,K$2+1,,,"Instances") & ":" & ADDRESS(2+3,K$2+1))))} -> #N/A | L7: =IFERROR(SMALL(K5:K364,ROW()-ROW($L$5)+1),"") | N7: =IFERROR(SUM(L5:L7),"") -> 0 | Q7: =IF(Charts!$B$3="none",E1814,IF(K1814="",NA(),K1814)) -> #N/A | R7: =IF(Charts!$B$3="none",F1814,IF(L1814="",NA(),L1814)) -> #N/A | S7: =IF(Charts!$B$3="none",G1814,IF(M1814="",NA(),M1814)) -> #N/A | T7: =IF(Charts!$B$3="none",H1814,IF(N1814="",NA(),N1814)) -> #N/A
A8: models | B8: 7 | D8: 4 | E8: =IF(INDIRECT(ADDRESS($D8+2,E$2+1,,,"Instances"))="","",INDIRECT(ADDRESS($D8+2,E$2+1,,,"Instances"))) -> Level_0/2-0001010 | F8: =IFERROR(SMALL(E5:E364,ROW()-ROW($F$5)+1),"") | H8: =IFERROR(SUM(F5:F8),"") -> 0 | J8: 4 | K8: {=_xlfn.SWITCH(Charts!$B$3,"average", AVERAGE(INDIRECT(ADDRESS(3+3,K$2+1,,,"Instances") & ":" & ADDRESS(3+3,K$2+1))),"median", MEDIAN(INDIRECT(ADDRESS(3+3,K$2+1,,,"Instances") & ":" & ADDRESS(3+3,K$2+1))),"min", MIN(INDIRECT(ADDRESS(3+3,K$2+1,,,"Instances") & ":" & ADDRESS(3+3,K$2+1))),"max", MAX(INDIRECT(ADDRESS(3+3,K$2+1,,,"Instances") & ":" & ADDRESS(3+3,K$2+1))),"diff", MAX(INDIRECT(ADDRESS(3+3,K$2+1,,,"Instances") & ":" & ADDRESS(3+3,K$2+1)))-MIN(INDIRECT(ADDRESS(3+3,K$2+1,,,"Instances") & ":" & ADDRESS(3+3,K$2+1))))} -> #N/A | L8: =IFERROR(SMALL(K5:K364,ROW()-ROW($L$5)+1),"") | N8: =IFERROR(SUM(L5:L8),"") -> 0 | Q8: =IF(Charts!$B$3="none",E1815,IF(K1815="",NA(),K1815)) -> #N/A | R8: =IF(Charts!$B$3="none",F1815,IF(L1815="",NA(),L1815)) -> #N/A | S8: =IF(Charts!$B$3="none",G1815,IF(M1815="",NA(),M1815)) -> #N/A | T8: =IF(Charts!$B$3="none",H1815,IF(N1815="",NA(),N1815)) -> #N/A
A9: overall-time | B9: 8 | D9: 5 | E9: =IF(INDIRECT(ADDRESS($D9+2,E$2+1,,,"Instances"))="","",INDIRECT(ADDRESS($D9+2,E$2+1,,,"Instances"))) -> Level_0/2-0001100 | F9: =IFERROR(SMALL(E5:E364,ROW()-ROW($F$5)+1),"") | H9: =IFERROR(SUM(F5:F9),"") -> 0 | J9: 5 | K9: {=_xlfn.SWITCH(Charts!$B$3,"average", AVERAGE(INDIRECT(ADDRESS(4+3,K$2+1,,,"Instances") & ":" & ADDRESS(4+3,K$2+1))),"median", MEDIAN(INDIRECT(ADDRESS(4+3,K$2+1,,,"Instances") & ":" & ADDRESS(4+3,K$2+1))),"min", MIN(INDIRECT(ADDRESS(4+3,K$2+1,,,"Instances") & ":" & ADDRESS(4+3,K$2+1))),"max", MAX(INDIRECT(ADDRESS(4+3,K$2+1,,,"Instances") & ":" & ADDRESS(4+3,K$2+1))),"diff", MAX(INDIRECT(ADDRESS(4+3,K$2+1,,,"Instances") & ":" & ADDRESS(4+3,K$2+1)))-MIN(INDIRECT(ADDRESS(4+3,K$2+1,,,"Instances") & ":" & ADDRESS(4+3,K$2+1))))} -> #N/A | L9: =IFERROR(SMALL(K5:K364,ROW()-ROW($L$5)+1),"") | N9: =IFERROR(SUM(L5:L9),"") -> 0 | Q9: =IF(Charts!$B$3="none",E1816,IF(K1816="",NA(),K1816)) -> #N/A | R9: =IF(Charts!$B$3="none",F1816,IF(L1816="",NA(),L1816)) -> #N/A | S9: =IF(Charts!$B$3="none",G1816,IF(M1816="",NA(),M1816)) -> #N/A | T9: =IF(Charts!$B$3="none",H1816,IF(N1816="",NA(),N1816)) -> #N/A
A10: par2 | B10: 9 | D10: 6 | E10: =IF(INDIRECT(ADDRESS($D10+2,E$2+1,,,"Instances"))="","",INDIRECT(ADDRESS($D10+2,E$2+1,,,"Instances"))) -> Level_0/2-0100001 | F10: =IFERROR(SMALL(E5:E364,ROW()-ROW($F$5)+1),"") | H10: =IFERROR(SUM(F5:F10),"") -> 0 | J10: 6 | K10: {=_xlfn.SWITCH(Charts!$B$3,"average", AVERAGE(INDIRECT(ADDRESS(5+3,K$2+1,,,"Instances") & ":" & ADDRESS(5+3,K$2+1))),"median", MEDIAN(INDIRECT(ADDRESS(5+3,K$2+1,,,"Instances") & ":" & ADDRESS(5+3,K$2+1))),"min", MIN(INDIRECT(ADDRESS(5+3,K$2+1,,,"Instances") & ":" & ADDRESS(5+3,K$2+1))),"max", MAX(INDIRECT(ADDRESS(5+3,K$2+1,,,"Instances") & ":" & ADDRESS(5+3,K$2+1))),"diff", MAX(INDIRECT(ADDRESS(5+3,K$2+1,,,"Instances") & ":" & ADDRESS(5+3,K$2+1)))-MIN(INDIRECT(ADDRESS(5+3,K$2+1,,,"Instances") & ":" & ADDRESS(5+3,K$2+1))))} -> #N/A | L10: =IFERROR(SMALL(K5:K364,ROW()-ROW($L$5)+1),"") | N10: =IFERROR(SUM(L5:L10),"") -> 0 | Q10: =IF(Charts!$B$3="none",E1817,IF(K1817="",NA(),K1817)) -> #N/A | R10: =IF(Charts!$B$3="none",F1817,IF(L1817="",NA(),L1817)) -> #N/A | S10: =IF(Charts!$B$3="none",G1817,IF(M1817="",NA(),M1817)) -> #N/A | T10: =IF(Charts!$B$3="none",H1817,IF(N1817="",NA(),N1817)) -> #N/A
A11: restarts | B11: 10 | D11: 7 | E11: =IF(INDIRECT(ADDRESS($D11+2,E$2+1,,,"Instances"))="","",INDIRECT(ADDRESS($D11+2,E$2+1,,,"Instances"))) -> Level_0/2-0100100 | F11: =IFERROR(SMALL(E5:E364,ROW()-ROW($F$5)+1),"") | H11: =IFERROR(SUM(F5:F11),"") -> 0 | J11: 7 | K11: {=_xlfn.SWITCH(Charts!$B$3,"average", AVERAGE(INDIRECT(ADDRESS(6+3,K$2+1,,,"Instances") & ":" & ADDRESS(6+3,K$2+1))),"median", MEDIAN(INDIRECT(ADDRESS(6+3,K$2+1,,,"Instances") & ":" & ADDRESS(6+3,K$2+1))),"min", MIN(INDIRECT(ADDRESS(6+3,K$2+1,,,"Instances") & ":" & ADDRESS(6+3,K$2+1))),"max", MAX(INDIRECT(ADDRESS(6+3,K$2+1,,,"Instances") & ":" & ADDRESS(6+3,K$2+1))),"diff", MAX(INDIRECT(ADDRESS(6+3,K$2+1,,,"Instances") & ":" & ADDRESS(6+3,K$2+1)))-MIN(INDIRECT(ADDRESS(6+3,K$2+1,,,"Instances") & ":" & ADDRESS(6+3,K$2+1))))} -> #N/A | L11: =IFERROR(SMALL(K5:K364,ROW()-ROW($L$5)+1),"") | N11: =IFERROR(SUM(L5:L11),"") -> 0 | Q11: =IF(Charts!$B$3="none",E1818,IF(K1818="",NA(),K1818)) -> #N/A | R11: =IF(Charts!$B$3="none",F1818,IF(L1818="",NA(),L1818)) -> #N/A | S11: =IF(Charts!$B$3="none",G1818,IF(M1818="",NA(),M1818)) -> #N/A | T11: =IF(Charts!$B$3="none",H1818,IF(N1818="",NA(),N1818)) -> #N/A
A12: rules | B12: 12 | D12: 8 | E12: =IF(INDIRECT(ADDRESS($D12+2,E$2+1,,,"Instances"))="","",INDIRECT(ADDRESS($D12+2,E$2+1,,,"Instances"))) -> Level_0/3-0001101 | F12: =IFERROR(SMALL(E5:E364,ROW()-ROW($F$5)+1),"") | H12: =IFERROR(SUM(F5:F12),"") -> 0 | J12: 8 | K12: {=_xlfn.SWITCH(Charts!$B$3,"average", AVERAGE(INDIRECT(ADDRESS(7+3,K$2+1,,,"Instances") & ":" & ADDRESS(7+3,K$2+1))),"median", MEDIAN(INDIRECT(ADDRESS(7+3,K$2+1,,,"Instances") & ":" & ADDRESS(7+3,K$2+1))),"min", MIN(INDIRECT(ADDRESS(7+3,K$2+1,,,"Instances") & ":" & ADDRESS(7+3,K$2+1))),"max", MAX(INDIRECT(ADDRESS(7+3,K$2+1,,,"Instances") & ":" & ADDRESS(7+3,K$2+1))),"diff", MAX(INDIRECT(ADDRESS(7+3,K$2+1,,,"Instances") & ":" & ADDRESS(7+3,K$2+1)))-MIN(INDIRECT(ADDRESS(7+3,K$2+1,,,"Instances") & ":" & ADDRESS(7+3,K$2+1))))} -> #N/A | L12: =IFERROR(SMALL(K5:K364,ROW()-ROW($L$5)+1),"") | N12: =IFERROR(SUM(L5:L12),"") -> 0 | Q12: =IF(Charts!$B$3="none",E1819,IF(K1819="",NA(),K1819)) -> #N/A | R12: =IF(Charts!$B$3="none",F1819,IF(L1819="",NA(),L1819)) -> #N/A | S12: =IF(Charts!$B$3="none",G1819,IF(M1819="",NA(),M1819)) -> #N/A | T12: =IF(Charts!$B$3="none",H1819,IF(N1819="",NA(),N1819)) -> #N/A
A13: solving-time | B13: 13 | D13: 9 | E13: =IF(INDIRECT(ADDRESS($D13+2,E$2+1,,,"Instances"))="","",INDIRECT(ADDRESS($D13+2,E$2+1,,,"Instances"))) -> Level_0/3-0001110 | F13: =IFERROR(SMALL(E5:E364,ROW()-ROW($F$5)+1),"") | H13: =IFERROR(SUM(F5:F13),"") -> 0 | J13: 9 | K13: {=_xlfn.SWITCH(Charts!$B$3,"average", AVERAGE(INDIRECT(ADDRESS(8+3,K$2+1,,,"Instances") & ":" & ADDRESS(8+3,K$2+1))),"median", MEDIAN(INDIRECT(ADDRESS(8+3,K$2+1,,,"Instances") & ":" & ADDRESS(8+3,K$2+1))),"min", MIN(INDIRECT(ADDRESS(8+3,K$2+1,,,"Instances") & ":" & ADDRESS(8+3,K$2+1))),"max", MAX(INDIRECT(ADDRESS(8+3,K$2+1,,,"Instances") & ":" & ADDRESS(8+3,K$2+1))),"diff", MAX(INDIRECT(ADDRESS(8+3,K$2+1,,,"Instances") & ":" & ADDRESS(8+3,K$2+1)))-MIN(INDIRECT(ADDRESS(8+3,K$2+1,,,"Instances") & ":" & ADDRESS(8+3,K$2+1))))} -> #N/A | L13: =IFERROR(SMALL(K5:K364,ROW()-ROW($L$5)+1),"") | N13: =IFERROR(SUM(L5:L13),"") -> 0 | Q13: =IF(Charts!$B$3="none",E1820,IF(K1820="",NA(),K1820)) -> #N/A | R13: =IF(Charts!$B$3="none",F1820,IF(L1820="",NA(),L1820)) -> #N/A | S13: =IF(Charts!$B$3="none",G1820,IF(M1820="",NA(),M1820)) -> #N/A | T13: =IF(Charts!$B$3="none",H1820,IF(N1820="",NA(),N1820)) -> #N/A
A14: time | B14: 15 | D14: 10 | E14: =IF(INDIRECT(ADDRESS($D14+2,E$2+1,,,"Instances"))="","",INDIRECT(ADDRESS($D14+2,E$2+1,,,"Instances"))) -> Level_0/3-0101001 | F14: =IFERROR(SMALL(E5:E364,ROW()-ROW($F$5)+1),"") | H14: =IFERROR(SUM(F5:F14),"") -> 0 | J14: 10 | K14: {=_xlfn.SWITCH(Charts!$B$3,"average", AVERAGE(INDIRECT(ADDRESS(9+3,K$2+1,,,"Instances") & ":" & ADDRESS(9+3,K$2+1))),"median", MEDIAN(INDIRECT(ADDRESS(9+3,K$2+1,,,"Instances") & ":" & ADDRESS(9+3,K$2+1))),"min", MIN(INDIRECT(ADDRESS(9+3,K$2+1,,,"Instances") & ":" & ADDRESS(9+3,K$2+1))),"max", MAX(INDIRECT(ADDRESS(9+3,K$2+1,,,"Instances") & ":" & ADDRESS(9+3,K$2+1))),"diff", MAX(INDIRECT(ADDRESS(9+3,K$2+1,,,"Instances") & ":" & ADDRESS(9+3,K$2+1)))-MIN(INDIRECT(ADDRESS(9+3,K$2+1,,,"Instances") & ":" & ADDRESS(9+3,K$2+1))))} -> #N/A | L14: =IFERROR(SMALL(K5:K364,ROW()-ROW($L$5)+1),"") | N14: =IFERROR(SUM(L5:L14),"") -> 0 | Q14: =IF(Charts!$B$3="none",E1821,IF(K1821="",NA(),K1821)) -> #N/A | R14: =IF(Charts!$B$3="none",F1821,IF(L1821="",NA(),L1821)) -> #N/A | S14: =IF(Charts!$B$3="none",G1821,IF(M1821="",NA(),M1821)) -> #N/A | T14: =IF(Charts!$B$3="none",H1821,IF(N1821="",NA(),N1821)) -> #N/A
A15: timeout | B15: 16 | D15: 11 | E15: =IF(INDIRECT(ADDRESS($D15+2,E$2+1,,,"Instances"))="","",INDIRECT(ADDRESS($D15+2,E$2+1,,,"Instances"))) -> Level_0/3-1011000 | F15: =IFERROR(SMALL(E5:E364,ROW()-ROW($F$5)+1),"") | H15: =IFERROR(SUM(F5:F15),"") -> 0 | J15: 11 | K15: {=_xlfn.SWITCH(Charts!$B$3,"average", AVERAGE(INDIRECT(ADDRESS(10+3,K$2+1,,,"Instances") & ":" & ADDRESS(10+3,K$2+1))),"median", MEDIAN(INDIRECT(ADDRESS(10+3,K$2+1,,,"Instances") & ":" & ADDRESS(10+3,K$2+1))),"min", MIN(INDIRECT(ADDRESS(10+3,K$2+1,,,"Instances") & ":" & ADDRESS(10+3,K$2+1))),"max", MAX(INDIRECT(ADDRESS(10+3,K$2+1,,,"Instances") & ":" & ADDRESS(10+3,K$2+1))),"diff", MAX(INDIRECT(ADDRESS(10+3,K$2+1,,,"Instances") & ":" & ADDRESS(10+3,K$2+1)))-MIN(INDIRECT(ADDRESS(10+3,K$2+1,,,"Instances") & ":" & ADDRESS(10+3,K$2+1))))} -> #N/A | L15: =IFERROR(SMALL(K5:K364,ROW()-ROW($L$5)+1),"") | N15: =IFERROR(SUM(L5:L15),"") -> 0 | Q15: =IF(Charts!$B$3="none",E1822,IF(K1822="",NA(),K1822)) -> #N/A | R15: =IF(Charts!$B$3="none",F1822,IF(L1822="",NA(),L1822)) -> #N/A | S15: =IF(Charts!$B$3="none",G1822,IF(M1822="",NA(),M1822)) -> #N/A | T15: =IF(Charts!$B$3="none",H1822,IF(N1822="",NA(),N1822)) -> #N/A
A16: variables | B16: 17 | D16: 12 | E16: =IF(INDIRECT(ADDRESS($D16+2,E$2+1,,,"Instances"))="","",INDIRECT(ADDRESS($D16+2,E$2+1,,,"Instances"))) -> Level_0/3-1100010 | F16: =IFERROR(SMALL(E5:E364,ROW()-ROW($F$5)+1),"") | H16: =IFERROR(SUM(F5:F16),"") -> 0 | J16: 12 | K16: {=_xlfn.SWITCH(Charts!$B$3,"average", AVERAGE(INDIRECT(ADDRESS(11+3,K$2+1,,,"Instances") & ":" & ADDRESS(11+3,K$2+1))),"median", MEDIAN(INDIRECT(ADDRESS(11+3,K$2+1,,,"Instances") & ":" & ADDRESS(11+3,K$2+1))),"min", MIN(INDIRECT(ADDRESS(11+3,K$2+1,,,"Instances") & ":" & ADDRESS(11+3,K$2+1))),"max", MAX(INDIRECT(ADDRESS(11+3,K$2+1,,,"Instances") & ":" & ADDRESS(11+3,K$2+1))),"diff", MAX(INDIRECT(ADDRESS(11+3,K$2+1,,,"Instances") & ":" & ADDRESS(11+3,K$2+1)))-MIN(INDIRECT(ADDRESS(11+3,K$2+1,,,"Instances") & ":" & ADDRESS(11+3,K$2+1))))} -> #N/A | L16: =IFERROR(SMALL(K5:K364,ROW()-ROW($L$5)+1),"") | N16: =IFERROR(SUM(L5:L16),"") -> 0 | Q16: =IF(Charts!$B$3="none",E1823,IF(K1823="",NA(),K1823)) -> #N/A | R16: =IF(Charts!$B$3="none",F1823,IF(L1823="",NA(),L1823)) -> #N/A | S16: =IF(Charts!$B$3="none",G1823,IF(M1823="",NA(),M1823)) -> #N/A | T16: =IF(Charts!$B$3="none",H1823,IF(N1823="",NA(),N1823)) -> #N/A
D17: 13 | E17: =IF(INDIRECT(ADDRESS($D17+2,E$2+1,,,"Instances"))="","",INDIRECT(ADDRESS($D17+2,E$2+1,,,"Instances"))) -> Level_0/3-1100100 | F17: =IFERROR(SMALL(E5:E364,ROW()-ROW($F$5)+1),"") | H17: =IFERROR(SUM(F5:F17),"") -> 0 | J17: 13 | K17: {=_xlfn.SWITCH(Charts!$B$3,"average", AVERAGE(INDIRECT(ADDRESS(12+3,K$2+1,,,"Instances") & ":" & ADDRESS(12+3,K$2+1))),"median", MEDIAN(INDIRECT(ADDRESS(12+3,K$2+1,,,"Instances") & ":" & ADDRESS(12+3,K$2+1))),"min", MIN(INDIRECT(ADDRESS(12+3,K$2+1,,,"Instances") & ":" & ADDRESS(12+3,K$2+1))),"max", MAX(INDIRECT(ADDRESS(12+3,K$2+1,,,"Instances") & ":" & ADDRESS(12+3,K$2+1))),"diff", MAX(INDIRECT(ADDRESS(12+3,K$2+1,,,"Instances") & ":" & ADDRESS(12+3,K$2+1)))-MIN(INDIRECT(ADDRESS(12+3,K$2+1,,,"Instances") & ":" & ADDRESS(12+3,K$2+1))))} -> #N/A | L17: =IFERROR(SMALL(K5:K364,ROW()-ROW($L$5)+1),"") | N17: =IFERROR(SUM(L5:L17),"") -> 0 | Q17: =IF(Charts!$B$3="none",E1824,IF(K1824="",NA(),K1824)) -> #N/A | R17: =IF(Charts!$B$3="none",F1824,IF(L1824="",NA(),L1824)) -> #N/A | S17: =IF(Charts!$B$3="none",G1824,IF(M1824="",NA(),M1824)) -> #N/A | T17: =IF(Charts!$B$3="none",H1824,IF(N1824="",NA(),N1824)) -> #N/A
D18: 14 | E18: =IF(INDIRECT(ADDRESS($D18+2,E$2+1,,,"Instances"))="","",INDIRECT(ADDRESS($D18+2,E$2+1,,,"Instances"))) -> Level_0/3-1101000 | F18: =IFERROR(SMALL(E5:E364,ROW()-ROW($F$5)+1),"") | H18: =IFERROR(SUM(F5:F18),"") -> 0 | J18: 14 | K18: {=_xlfn.SWITCH(Charts!$B$3,"average", AVERAGE(INDIRECT(ADDRESS(13+3,K$2+1,,,"Instances") & ":" & ADDRESS(13+3,K$2+1))),"median", MEDIAN(INDIRECT(ADDRESS(13+3,K$2+1,,,"Instances") & ":" & ADDRESS(13+3,K$2+1))),"min", MIN(INDIRECT(ADDRESS(13+3,K$2+1,,,"Instances") & ":" & ADDRESS(13+3,K$2+1))),"max", MAX(INDIRECT(ADDRESS(13+3,K$2+1,,,"Instances") & ":" & ADDRESS(13+3,K$2+1))),"diff", MAX(INDIRECT(ADDRESS(13+3,K$2+1,,,"Instances") & ":" & ADDRESS(13+3,K$2+1)))-MIN(INDIRECT(ADDRESS(13+3,K$2+1,,,"Instances") & ":" & ADDRESS(13+3,K$2+1))))} -> #N/A | L18: =IFERROR(SMALL(K5:K364,ROW()-ROW($L$5)+1),"") | N18: =IFERROR(SUM(L5:L18),"") -> 0 | Q18: =IF(Charts!$B$3="none",E1825,IF(K1825="",NA(),K1825)) -> #N/A | R18: =IF(Charts!$B$3="none",F1825,IF(L1825="",NA(),L1825)) -> #N/A | S18: =IF(Charts!$B$3="none",G1825,IF(M1825="",NA(),M1825)) -> #N/A | T18: =IF(Charts!$B$3="none",H1825,IF(N1825="",NA(),N1825)) -> #N/A
D19: 15 | E19: =IF(INDIRECT(ADDRESS($D19+2,E$2+1,,,"Instances"))="","",INDIRECT(ADDRESS($D19+2,E$2+1,,,"Instances"))) -> Level_0/4-0010111 | F19: =IFERROR(SMALL(E5:E364,ROW()-ROW($F$5)+1),"") | H19: =IFERROR(SUM(F5:F19),"") -> 0 | J19: 15 | K19: {=_xlfn.SWITCH(Charts!$B$3,"average", AVERAGE(INDIRECT(ADDRESS(14+3,K$2+1,,,"Instances") & ":" & ADDRESS(14+3,K$2+1))),"median", MEDIAN(INDIRECT(ADDRESS(14+3,K$2+1,,,"Instances") & ":" & ADDRESS(14+3,K$2+1))),"min", MIN(INDIRECT(ADDRESS(14+3,K$2+1,,,"Instances") & ":" & ADDRESS(14+3,K$2+1))),"max", MAX(INDIRECT(ADDRESS(14+3,K$2+1,,,"Instances") & ":" & ADDRESS(14+3,K$2+1))),"diff", MAX(INDIRECT(ADDRESS(14+3,K$2+1,,,"Instances") & ":" & ADDRESS(14+3,K$2+1)))-MIN(INDIRECT(ADDRESS(14+3,K$2+1,,,"Instances") & ":" & ADDRESS(14+3,K$2+1))))} -> #N/A | L19: =IFERROR(SMALL(K5:K364,ROW()-ROW($L$5)+1),"") | N19: =IFERROR(SUM(L5:L19),"") -> 0 | Q19: =IF(Charts!$B$3="none",E1826,IF(K1826="",NA(),K1826)) -> #N/A | R19: =IF(Charts!$B$3="none",F1826,IF(L1826="",NA(),L1826)) -> #N/A | S19: =IF(Charts!$B$3="none",G1826,IF(M1826="",NA(),M1826)) -> #N/A | T19: =IF(Charts!$B$3="none",H1826,IF(N1826="",NA(),N1826)) -> #N/A
D20: 16 | E20: =IF(INDIRECT(ADDRESS($D20+2,E$2+1,,,"Instances"))="","",INDIRECT(ADDRESS($D20+2,E$2+1,,,"Instances"))) -> Level_0/4-0011110 | F20: =IFERROR(SMALL(E5:E364,ROW()-ROW($F$5)+1),"") | H20: =IFERROR(SUM(F5:F20),"") -> 0 | J20: 16 | K20: {=_xlfn.SWITCH(Charts!$B$3,"average", AVERAGE(INDIRECT(ADDRESS(15+3,K$2+1,,,"Instances") & ":" & ADDRESS(15+3,K$2+1))),"median", MEDIAN(INDIRECT(ADDRESS(15+3,K$2+1,,,"Instances") & ":" & ADDRESS(15+3,K$2+1))),"min", MIN(INDIRECT(ADDRESS(15+3,K$2+1,,,"Instances") & ":" & ADDRESS(15+3,K$2+1))),"max", MAX(INDIRECT(ADDRESS(15+3,K$2+1,,,"Instances") & ":" & ADDRESS(15+3,K$2+1))),"diff", MAX(INDIRECT(ADDRESS(15+3,K$2+1,,,"Instances") & ":" & ADDRESS(15+3,K$2+1)))-MIN(INDIRECT(ADDRESS(15+3,K$2+1,,,"Instances") & ":" & ADDRESS(15+3,K$2+1))))} -> #N/A | L20: =IFERROR(SMALL(K5:K364,ROW()-ROW($L$5)+1),"") | N20: =IFERROR(SUM(L5:L20),"") -> 0 | Q20: =IF(Charts!$B$3="none",E1827,IF(K1827="",NA(),K1827)) -> #N/A | R20: =IF(Charts!$B$3="none",F1827,IF(L1827="",NA(),L1827)) -> #N/A | S20: =IF(Charts!$B$3="none",G1827,IF(M1827="",NA(),M1827)) -> #N/A | T20: =IF(Charts!$B$3="none",H1827,IF(N1827="",NA(),N1827)) -> #N/A
D21: 17 | E21: =IF(INDIRECT(ADDRESS($D21+2,E$2+1,,,"Instances"))="","",INDIRECT(ADDRESS($D21+2,E$2+1,,,"Instances"))) -> Level_0/4-0100111 | F21: =IFERROR(SMALL(E5:E364,ROW()-ROW($F$5)+1),"") | H21: =IFERROR(SUM(F5:F21),"") -> 0 | J21: 17 | K21: {=_xlfn.SWITCH(Charts!$B$3,"average", AVERAGE(INDIRECT(ADDRESS(16+3,K$2+1,,,"Instances") & ":" & ADDRESS(16+3,K$2+1))),"median", MEDIAN(INDIRECT(ADDRESS(16+3,K$2+1,,,"Instances") & ":" & ADDRESS(16+3,K$2+1))),"min", MIN(INDIRECT(ADDRESS(16+3,K$2+1,,,"Instances") & ":" & ADDRESS(16+3,K$2+1))),"max", MAX(INDIRECT(ADDRESS(16+3,K$2+1,,,"Instances") & ":" & ADDRESS(16+3,K$2+1))),"diff", MAX(INDIRECT(ADDRESS(16+3,K$2+1,,,"Instances") & ":" & ADDRESS(16+3,K$2+1)))-MIN(INDIRECT(ADDRESS(16+3,K$2+1,,,"Instances") & ":" & ADDRESS(16+3,K$2+1))))} -> #N/A | L21: =IFERROR(SMALL(K5:K364,ROW()-ROW($L$5)+1),"") | N21: =IFERROR(SUM(L5:L21),"") -> 0 | Q21: =IF(Charts!$B$3="none",E1828,IF(K1828="",NA(),K1828)) -> #N/A | R21: =IF(Charts!$B$3="none",F1828,IF(L1828="",NA(),L1828)) -> #N/A | S21: =IF(Charts!$B$3="none",G1828,IF(M1828="",NA(),M1828)) -> #N/A | T21: =IF(Charts!$B$3="none",H1828,IF(N1828="",NA(),N1828)) -> #N/A
D22: 18 | E22: =IF(INDIRECT(ADDRESS($D22+2,E$2+1,,,"Instances"))="","",INDIRECT(ADDRESS($D22+2,E$2+1,,,"Instances"))) -> Level_0/4-1000111 | F22: =IFERROR(SMALL(E5:E364,ROW()-ROW($F$5)+1),"") | H22: =IFERROR(SUM(F5:F22),"") -> 0 | J22: 18 | K22: {=_xlfn.SWITCH(Charts!$B$3,"average", AVERAGE(INDIRECT(ADDRESS(17+3,K$2+1,,,"Instances") & ":" & ADDRESS(17+3,K$2+1))),"median", MEDIAN(INDIRECT(ADDRESS(17+3,K$2+1,,,"Instances") & ":" & ADDRESS(17+3,K$2+1))),"min", MIN(INDIRECT(ADDRESS(17+3,K$2+1,,,"Instances") & ":" & ADDRESS(17+3,K$2+1))),"max", MAX(INDIRECT(ADDRESS(17+3,K$2+1,,,"Instances") & ":" & ADDRESS(17+3,K$2+1))),"diff", MAX(INDIRECT(ADDRESS(17+3,K$2+1,,,"Instances") & ":" & ADDRESS(17+3,K$2+1)))-MIN(INDIRECT(ADDRESS(17+3,K$2+1,,,"Instances") & ":" & ADDRESS(17+3,K$2+1))))} -> #N/A | L22: =IFERROR(SMALL(K5:K364,ROW()-ROW($L$5)+1),"") | N22: =IFERROR(SUM(L5:L22),"") -> 0 | Q22: =IF(Charts!$B$3="none",E1829,IF(K1829="",NA(),K1829)) -> #N/A | R22: =IF(Charts!$B$3="none",F1829,IF(L1829="",NA(),L1829)) -> #N/A | S22: =IF(Charts!$B$3="none",G1829,IF(M1829="",NA(),M1829)) -> #N/A | T22: =IF(Charts!$B$3="none",H1829,IF(N1829="",NA(),N1829)) -> #N/A
D23: 19 | E23: =IF(INDIRECT(ADDRESS($D23+2,E$2+1,,,"Instances"))="","",INDIRECT(ADDRESS($D23+2,E$2+1,,,"Instances"))) -> Level_0/4-1001110 | F23: =IFERROR(SMALL(E5:E364,ROW()-ROW($F$5)+1),"") | H23: =IFERROR(SUM(F5:F23),"") -> 0 | J23: 19 | K23: {=_xlfn.SWITCH(Charts!$B$3,"average", AVERAGE(INDIRECT(ADDRESS(18+3,K$2+1,,,"Instances") & ":" & ADDRESS(18+3,K$2+1))),"median", MEDIAN(INDIRECT(ADDRESS(18+3,K$2+1,,,"Instances") & ":" & ADDRESS(18+3,K$2+1))),"min", MIN(INDIRECT(ADDRESS(18+3,K$2+1,,,"Instances") & ":" & ADDRESS(18+3,K$2+1))),"max", MAX(INDIRECT(ADDRESS(18+3,K$2+1,,,"Instances") & ":" & ADDRESS(18+3,K$2+1))),"diff", MAX(INDIRECT(ADDRESS(18+3,K$2+1,,,"Instances") & ":" & ADDRESS(18+3,K$2+1)))-MIN(INDIRECT(ADDRESS(18+3,K$2+1,,,"Instances") & ":" & ADDRESS(18+3,K$2+1))))} -> #N/A | L23: =IFERROR(SMALL(K5:K364,ROW()-ROW($L$5)+1),"") | N23: =IFERROR(SUM(L5:L23),"") -> 0 | Q23: =IF(Charts!$B$3="none",E1830,IF(K1830="",NA(),K1830)) -> #N/A | R23: =IF(Charts!$B$3="none",F1830,IF(L1830="",NA(),L1830)) -> #N/A | S23: =IF(Charts!$B$3="none",G1830,IF(M1830="",NA(),M1830)) -> #N/A | T23: =IF(Charts!$B$3="none",H1830,IF(N1830="",NA(),N1830)) -> #N/A
D24: 20 | E24: =IF(INDIRECT(ADDRESS($D24+2,E$2+1,,,"Instances"))="","",INDIRECT(ADDRESS($D24+2,E$2+1,,,"Instances"))) -> Level_0/4-1100101 | F24: =IFERROR(SMALL(E5:E364,ROW()-ROW($F$5)+1),"") | H24: =IFERROR(SUM(F5:F24),"") -> 0 | J24: 20 | K24: {=_xlfn.SWITCH(Charts!$B$3,"average", AVERAGE(INDIRECT(ADDRESS(19+3,K$2+1,,,"Instances") & ":" & ADDRESS(19+3,K$2+1))),"median", MEDIAN(INDIRECT(ADDRESS(19+3,K$2+1,,,"Instances") & ":" & ADDRESS(19+3,K$2+1))),"min", MIN(INDIRECT(ADDRESS(19+3,K$2+1,,,"Instances") & ":" & ADDRESS(19+3,K$2+1))),"max", MAX(INDIRECT(ADDRESS(19+3,K$2+1,,,"Instances") & ":" & ADDRESS(19+3,K$2+1))),"diff", MAX(INDIRECT(ADDRESS(19+3,K$2+1,,,"Instances") & ":" & ADDRESS(19+3,K$2+1)))-MIN(INDIRECT(ADDRESS(19+3,K$2+1,,,"Instances") & ":" & ADDRESS(19+3,K$2+1))))} -> #N/A | L24: =IFERROR(SMALL(K5:K364,ROW()-ROW($L$5)+1),"") | N24: =IFERROR(SUM(L5:L24),"") -> 0 | Q24: =IF(Charts!$B$3="none",E1831,IF(K1831="",NA(),K1831)) -> #N/A | R24: =IF(Charts!$B$3="none",F1831,IF(L1831="",NA(),L1831)) -> #N/A | S24: =IF(Charts!$B$3="none",G1831,IF(M1831="",NA(),M1831)) -> #N/A | T24: =IF(Charts!$B$3="none",H1831,IF(N1831="",NA(),N1831)) -> #N/A
D25: 21 | E25: =IF(INDIRECT(ADDRESS($D25+2,E$2+1,,,"Instances"))="","",INDIRECT(ADDRESS($D25+2,E$2+1,,,"Instances"))) -> Level_0/4-1100110 | F25: =IFERROR(SMALL(E5:E364,ROW()-ROW($F$5)+1),"") | H25: =IFERROR(SUM(F5:F25),"") -> 0 | J25: 21 | K25: {=_xlfn.SWITCH(Charts!$B$3,"average", AVERAGE(INDIRECT(ADDRESS(20+3,K$2+1,,,"Instances") & ":" & ADDRESS(20+3,K$2+1))),"median", MEDIAN(INDIRECT(ADDRESS(20+3,K$2+1,,,"Instances") & ":" & ADDRESS(20+3,K$2+1))),"min", MIN(INDIRECT(ADDRESS(20+3,K$2+1,,,"Instances") & ":" & ADDRESS(20+3,K$2+1))),"max", MAX(INDIRECT(ADDRESS(20+3,K$2+1,,,"Instances") & ":" & ADDRESS(20+3,K$2+1))),"diff", MAX(INDIRECT(ADDRESS(20+3,K$2+1,,,"Instances") & ":" & ADDRESS(20+3,K$2+1)))-MIN(INDIRECT(ADDRESS(20+3,K$2+1,,,"Instances") & ":" & ADDRESS(20+3,K$2+1))))} -> #N/A | L25: =IFERROR(SMALL(K5:K364,ROW()-ROW($L$5)+1),"") | N25: =IFERROR(SUM(L5:L25),"") -> 0 | Q25: =IF(Charts!$B$3="none",E1832,IF(K1832="",NA(),K1832)) -> #N/A | R25: =IF(Charts!$B$3="none",F1832,IF(L1832="",NA(),L1832)) -> #N/A | S25: =IF(Charts!$B$3="none",G1832,IF(M1832="",NA(),M1832)) -> #N/A | T25: =IF(Charts!$B$3="none",H1832,IF(N1832="",NA(),N1832)) -> #N/A
D26: 22 | E26: =IF(INDIRECT(ADDRESS($D26+2,E$2+1,,,"Instances"))="","",INDIRECT(ADDRESS($D26+2,E$2+1,,,"Instances"))) -> Level_0/5-0101111 | F26: =IFERROR(SMALL(E5:E364,ROW()-ROW($F$5)+1),"") | H26: =IFERROR(SUM(F5:F26),"") -> 0 | J26: 22 | K26: {=_xlfn.SWITCH(Charts!$B$3,"average", AVERAGE(INDIRECT(ADDRESS(21+3,K$2+1,,,"Instances") & ":" & ADDRESS(21+3,K$2+1))),"median", MEDIAN(INDIRECT(ADDRESS(21+3,K$2+1,,,"Instances") & ":" & ADDRESS(21+3,K$2+1))),"min", MIN(INDIRECT(ADDRESS(21+3,K$2+1,,,"Instances") & ":" & ADDRESS(21+3,K$2+1))),"max", MAX(INDIRECT(ADDRESS(21+3,K$2+1,,,"Instances") & ":" & ADDRESS(21+3,K$2+1))),"diff", MAX(INDIRECT(ADDRESS(21+3,K$2+1,,,"Instances") & ":" & ADDRESS(21+3,K$2+1)))-MIN(INDIRECT(ADDRESS(21+3,K$2+1,,,"Instances") & ":" & ADDRESS(21+3,K$2+1))))} -> #N/A | L26: =IFERROR(SMALL(K5:K364,ROW()-ROW($L$5)+1),"") | N26: =IFERROR(SUM(L5:L26),"") -> 0 | Q26: =IF(Charts!$B$3="none",E1833,IF(K1833="",NA(),K1833)) -> #N/A | R26: =IF(Charts!$B$3="none",F1833,IF(L1833="",NA(),L1833)) -> #N/A | S26: =IF(Charts!$B$3="none",G1833,IF(M1833="",NA(),M1833)) -> #N/A | T26: =IF(Charts!$B$3="none",H1833,IF(N1833="",NA(),N1833)) -> #N/A
D27: 23 | E27: =IF(INDIRECT(ADDRESS($D27+2,E$2+1,,,"Instances"))="","",INDIRECT(ADDRESS($D27+2,E$2+1,,,"Instances"))) -> Level_0/5-0111011 | F27: =IFERROR(SMALL(E5:E364,ROW()-ROW($F$5)+1),"") | H27: =IFERROR(SUM(F5:F27),"") -> 0 | J27: 23 | K27: {=_xlfn.SWITCH(Charts!$B$3,"average", AVERAGE(INDIRECT(ADDRESS(22+3,K$2+1,,,"Instances") & ":" & ADDRESS(22+3,K$2+1))),"median", MEDIAN(INDIRECT(ADDRESS(22+3,K$2+1,,,"Instances") & ":" & ADDRESS(22+3,K$2+1))),"min", MIN(INDIRECT(ADDRESS(22+3,K$2+1,,,"Instances") & ":" & ADDRESS(22+3,K$2+1))),"max", MAX(INDIRECT(ADDRESS(22+3,K$2+1,,,"Instances") & ":" & ADDRESS(22+3,K$2+1))),"diff", MAX(INDIRECT(ADDRESS(22+3,K$2+1,,,"Instances") & ":" & ADDRESS(22+3,K$2+1)))-MIN(INDIRECT(ADDRESS(22+3,K$2+1,,,"Instances") & ":" & ADDRESS(22+3,K$2+1))))} -> #N/A | L27: =IFERROR(SMALL(K5:K364,ROW()-ROW($L$5)+1),"") | N27: =IFERROR(SUM(L5:L27),"") -> 0 | Q27: =IF(Charts!$B$3="none",E1834,IF(K1834="",NA(),K1834)) -> #N/A | R27: =IF(Charts!$B$3="none",F1834,IF(L1834="",NA(),L1834)) -> #N/A | S27: =IF(Charts!$B$3="none",G1834,IF(M1834="",NA(),M1834)) -> #N/A | T27: =IF(Charts!$B$3="none",H1834,IF(N1834="",NA(),N1834)) -> #N/A
D28: 24 | E28: =IF(INDIRECT(ADDRESS($D28+2,E$2+1,,,"Instances"))="","",INDIRECT(ADDRESS($D28+2,E$2+1,,,"Instances"))) -> Level_0/5-1010111 | F28: =IFERROR(SMALL(E5:E364,ROW()-ROW($F$5)+1),"") | H28: =IFERROR(SUM(F5:F28),"") -> 0 | J28: 24 | K28: {=_xlfn.SWITCH(Charts!$B$3,"average", AVERAGE(INDIRECT(ADDRESS(23+3,K$2+1,,,"Instances") & ":" & ADDRESS(23+3,K$2+1))),"median", MEDIAN(INDIRECT(ADDRESS(23+3,K$2+1,,,"Instances") & ":" & ADDRESS(23+3,K$2+1))),"min", MIN(INDIRECT(ADDRESS(23+3,K$2+1,,,"Instances") & ":" & ADDRESS(23+3,K$2+1))),"max", MAX(INDIRECT(ADDRESS(23+3,K$2+1,,,"Instances") & ":" & ADDRESS(23+3,K$2+1))),"diff", MAX(INDIRECT(ADDRESS(23+3,K$2+1,,,"Instances") & ":" & ADDRESS(23+3,K$2+1)))-MIN(INDIRECT(ADDRESS(23+3,K$2+1,,,"Instances") & ":" & ADDRESS(23+3,K$2+1))))} -> #N/A | L28: =IFERROR(SMALL(K5:K364,ROW()-ROW($L$5)+1),"") | N28: =IFERROR(SUM(L5:L28),"") -> 0 | Q28: =IF(Charts!$B$3="none",E1835,IF(K1835="",NA(),K1835)) -> #N/A | R28: =IF(Charts!$B$3="none",F1835,IF(L1835="",NA(),L1835)) -> #N/A | S28: =IF(Charts!$B$3="none",G1835,IF(M1835="",NA(),M1835)) -> #N/A | T28: =IF(Charts!$B$3="none",H1835,IF(N1835="",NA(),N1835)) -> #N/A
D29: 25 | E29: =IF(INDIRECT(ADDRESS($D29+2,E$2+1,,,"Instances"))="","",INDIRECT(ADDRESS($D29+2,E$2+1,,,"Instances"))) -> Level_0/5-1101011 | F29: =IFERROR(SMALL(E5:E364,ROW()-ROW($F$5)+1),"") | H29: =IFERROR(SUM(F5:F29),"") -> 0 | J29: 25 | K29: {=_xlfn.SWITCH(Charts!$B$3,"average", AVERAGE(INDIRECT(ADDRESS(24+3,K$2+1,,,"Instances") & ":" & ADDRESS(24+3,K$2+1))),"median", MEDIAN(INDIRECT(ADDRESS(24+3,K$2+1,,,"Instances") & ":" & ADDRESS(24+3,K$2+1))),"min", MIN(INDIRECT(ADDRESS(24+3,K$2+1,,,"Instances") & ":" & ADDRESS(24+3,K$2+1))),"max", MAX(INDIRECT(ADDRESS(24+3,K$2+1,,,"Instances") & ":" & ADDRESS(24+3,K$2+1))),"diff", MAX(INDIRECT(ADDRESS(24+3,K$2+1,,,"Instances") & ":" & ADDRESS(24+3,K$2+1)))-MIN(INDIRECT(ADDRESS(24+3,K$2+1,,,"Instances") & ":" & ADDRESS(24+3,K$2+1))))} -> #N/A | L29: =IFERROR(SMALL(K5:K364,ROW()-ROW($L$5)+1),"") | N29: =IFERROR(SUM(L5:L29),"") -> 0 | Q29: =IF(Charts!$B$3="none",E1836,IF(K1836="",NA(),K1836)) -> #N/A | R29: =IF(Charts!$B$3="none",F1836,IF(L1836="",NA(),L1836)) -> #N/A | S29: =IF(Charts!$B$3="none",G1836,IF(M1836="",NA(),M1836)) -> #N/A | T29: =IF(Charts!$B$3="none",H1836,IF(N1836="",NA(),N1836)) -> #N/A
D30: 26 | E30: =IF(INDIRECT(ADDRESS($D30+2,E$2+1,,,"Instances"))="","",INDIRECT(ADDRESS($D30+2,E$2+1,,,"Instances"))) -> Level_0/5-1110110 | F30: =IFERROR(SMALL(E5:E364,ROW()-ROW($F$5)+1),"") | H30: =IFERROR(SUM(F5:F30),"") -> 0 | J30: 26 | K30: {=_xlfn.SWITCH(Charts!$B$3,"average", AVERAGE(INDIRECT(ADDRESS(25+3,K$2+1,,,"Instances") & ":" & ADDRESS(25+3,K$2+1))),"median", MEDIAN(INDIRECT(ADDRESS(25+3,K$2+1,,,"Instances") & ":" & ADDRESS(25+3,K$2+1))),"min", MIN(INDIRECT(ADDRESS(25+3,K$2+1,,,"Instances") & ":" & ADDRESS(25+3,K$2+1))),"max", MAX(INDIRECT(ADDRESS(25+3,K$2+1,,,"Instances") & ":" & ADDRESS(25+3,K$2+1))),"diff", MAX(INDIRECT(ADDRESS(25+3,K$2+1,,,"Instances") & ":" & ADDRESS(25+3,K$2+1)))-MIN(INDIRECT(ADDRESS(25+3,K$2+1,,,"Instances") & ":" & ADDRESS(25+3,K$2+1))))} -> #N/A | L30: =IFERROR(SMALL(K5:K364,ROW()-ROW($L$5)+1),"") | N30: =IFERROR(SUM(L5:L30),"") -> 0 | Q30: =IF(Charts!$B$3="none",E1837,IF(K1837="",NA(),K1837)) -> #N/A | R30: =IF(Charts!$B$3="none",F1837,IF(L1837="",NA(),L1837)) -> #N/A | S30: =IF(Charts!$B$3="none",G1837,IF(M1837="",NA(),M1837)) -> #N/A | T30: =IF(Charts!$B$3="none",H1837,IF(N1837="",NA(),N1837)) -> #N/A
D31: 27 | E31: =IF(INDIRECT(ADDRESS($D31+2,E$2+1,,,"Instances"))="","",INDIRECT(ADDRESS($D31+2,E$2+1,,,"Instances"))) -> Level_0/5-1111001 | F31: =IFERROR(SMALL(E5:E364,ROW()-ROW($F$5)+1),"") | H31: =IFERROR(SUM(F5:F31),"") -> 0 | J31: 27 | K31: {=_xlfn.SWITCH(Charts!$B$3,"average", AVERAGE(INDIRECT(ADDRESS(26+3,K$2+1,,,"Instances") & ":" & ADDRESS(26+3,K$2+1))),"median", MEDIAN(INDIRECT(ADDRESS(26+3,K$2+1,,,"Instances") & ":" & ADDRESS(26+3,K$2+1))),"min", MIN(INDIRECT(ADDRESS(26+3,K$2+1,,,"Instances") & ":" & ADDRESS(26+3,K$2+1))),"max", MAX(INDIRECT(ADDRESS(26+3,K$2+1,,,"Instances") & ":" & ADDRESS(26+3,K$2+1))),"diff", MAX(INDIRECT(ADDRESS(26+3,K$2+1,,,"Instances") & ":" & ADDRESS(26+3,K$2+1)))-MIN(INDIRECT(ADDRESS(26+3,K$2+1,,,"Instances") & ":" & ADDRESS(26+3,K$2+1))))} -> #N/A | L31: =IFERROR(SMALL(K5:K364,ROW()-ROW($L$5)+1),"") | N31: =IFERROR(SUM(L5:L31),"") -> 0 | Q31: =IF(Charts!$B$3="none",E1838,IF(K1838="",NA(),K1838)) -> #N/A | R31: =IF(Charts!$B$3="none",F1838,IF(L1838="",NA(),L1838)) -> #N/A | S31: =IF(Charts!$B$3="none",G1838,IF(M1838="",NA(),M1838)) -> #N/A | T31: =IF(Charts!$B$3="none",H1838,IF(N1838="",NA(),N1838)) -> #N/A
D32: 28 | E32: =IF(INDIRECT(ADDRESS($D32+2,E$2+1,,,"Instances"))="","",INDIRECT(ADDRESS($D32+2,E$2+1,,,"Instances"))) -> Level_0/5-1111100 | F32: =IFERROR(SMALL(E5:E364,ROW()-ROW($F$5)+1),"") | H32: =IFERROR(SUM(F5:F32),"") -> 0 | J32: 28 | K32: {=_xlfn.SWITCH(Charts!$B$3,"average", AVERAGE(INDIRECT(ADDRESS(27+3,K$2+1,,,"Instances") & ":" & ADDRESS(27+3,K$2+1))),"median", MEDIAN(INDIRECT(ADDRESS(27+3,K$2+1,,,"Instances") & ":" & ADDRESS(27+3,K$2+1))),"min", MIN(INDIRECT(ADDRESS(27+3,K$2+1,,,"Instances") & ":" & ADDRESS(27+3,K$2+1))),"max", MAX(INDIRECT(ADDRESS(27+3,K$2+1,,,"Instances") & ":" & ADDRESS(27+3,K$2+1))),"diff", MAX(INDIRECT(ADDRESS(27+3,K$2+1,,,"Instances") & ":" & ADDRESS(27+3,K$2+1)))-MIN(INDIRECT(ADDRESS(27+3,K$2+1,,,"Instances") & ":" & ADDRESS(27+3,K$2+1))))} -> #N/A | L32: =IFERROR(SMALL(K5:K364,ROW()-ROW($L$5)+1),"") | N32: =IFERROR(SUM(L5:L32),"") -> 0 | Q32: =IF(Charts!$B$3="none",E1839,IF(K1839="",NA(),K1839)) -> #N/A | R32: =IF(Charts!$B$3="none",F1839,IF(L1839="",NA(),L1839)) -> #N/A | S32: =IF(Charts!$B$3="none",G1839,IF(M1839="",NA(),M1839)) -> #N/A | T32: =IF(Charts!$B$3="none",H1839,IF(N1839="",NA(),N1839)) -> #N/A
D33: 29 | E33: =IF(INDIRECT(ADDRESS($D33+2,E$2+1,,,"Instances"))="","",INDIRECT(ADDRESS($D33+2,E$2+1,,,"Instances"))) -> Level_0/6-0111111 | F33: =IFERROR(SMALL(E5:E364,ROW()-ROW($F$5)+1),"") | H33: =IFERROR(SUM(F5:F33),"") -> 0 | J33: 29 | K33: {=_xlfn.SWITCH(Charts!$B$3,"average", AVERAGE(INDIRECT(ADDRESS(28+3,K$2+1,,,"Instances") & ":" & ADDRESS(28+3,K$2+1))),"median", MEDIAN(INDIRECT(ADDRESS(28+3,K$2+1,,,"Instances") & ":" & ADDRESS(28+3,K$2+1))),"min", MIN(INDIRECT(ADDRESS(28+3,K$2+1,,,"Instances") & ":" & ADDRESS(28+3,K$2+1))),"max", MAX(INDIRECT(ADDRESS(28+3,K$2+1,,,"Instances") & ":" & ADDRESS(28+3,K$2+1))),"diff", MAX(INDIRECT(ADDRESS(28+3,K$2+1,,,"Instances") & ":" & ADDRESS(28+3,K$2+1)))-MIN(INDIRECT(ADDRESS(28+3,K$2+1,,,"Instances") & ":" & ADDRESS(28+3,K$2+1))))} -> #N/A | L33: =IFERROR(SMALL(K5:K364,ROW()-ROW($L$5)+1),"") | N33: =IFERROR(SUM(L5:L33),"") -> 0 | Q33: =IF(Charts!$B$3="none",E1840,IF(K1840="",NA(),K1840)) -> #N/A | R33: =IF(Charts!$B$3="none",F1840,IF(L1840="",NA(),L1840)) -> #N/A | S33: =IF(Charts!$B$3="none",G1840,IF(M1840="",NA(),M1840)) -> #N/A | T33: =IF(Charts!$B$3="none",H1840,IF(N1840="",NA(),N1840)) -> #N/A
D34: 30 | E34: =IF(INDIRECT(ADDRESS($D34+2,E$2+1,,,"Instances"))="","",INDIRECT(ADDRESS($D34+2,E$2+1,,,"Instances"))) -> Level_0/6-1011111 | F34: =IFERROR(SMALL(E5:E364,ROW()-ROW($F$5)+1),"") | H34: =IFERROR(SUM(F5:F34),"") -> 0 | J34: 30 | K34: {=_xlfn.SWITCH(Charts!$B$3,"average", AVERAGE(INDIRECT(ADDRESS(29+3,K$2+1,,,"Instances") & ":" & ADDRESS(29+3,K$2+1))),"median", MEDIAN(INDIRECT(ADDRESS(29+3,K$2+1,,,"Instances") & ":" & ADDRESS(29+3,K$2+1))),"min", MIN(INDIRECT(ADDRESS(29+3,K$2+1,,,"Instances") & ":" & ADDRESS(29+3,K$2+1))),"max", MAX(INDIRECT(ADDRESS(29+3,K$2+1,,,"Instances") & ":" & ADDRESS(29+3,K$2+1))),"diff", MAX(INDIRECT(ADDRESS(29+3,K$2+1,,,"Instances") & ":" & ADDRESS(29+3,K$2+1)))-MIN(INDIRECT(ADDRESS(29+3,K$2+1,,,"Instances") & ":" & ADDRESS(29+3,K$2+1))))} -> #N/A | L34: =IFERROR(SMALL(K5:K364,ROW()-ROW($L$5)+1),"") | N34: =IFERROR(SUM(L5:L34),"") -> 0 | Q34: =IF(Charts!$B$3="none",E1841,IF(K1841="",NA(),K1841)) -> #N/A | R34: =IF(Charts!$B$3="none",F1841,IF(L1841="",NA(),L1841)) -> #N/A | S34: =IF(Charts!$B$3="none",G1841,IF(M1841="",NA(),M1841)) -> #N/A | T34: =IF(Charts!$B$3="none",H1841,IF(N1841="",NA(),N1841)) -> #N/A
D35: 31 | E35: =IF(INDIRECT(ADDRESS($D35+2,E$2+1,,,"Instances"))="","",INDIRECT(ADDRESS($D35+2,E$2+1,,,"Instances"))) -> Level_0/6-1101111 | F35: =IFERROR(SMALL(E5:E364,ROW()-ROW($F$5)+1),"") | H35: =IFERROR(SUM(F5:F35),"") -> 0 | J35: 31 | K35: {=_xlfn.SWITCH(Charts!$B$3,"average", AVERAGE(INDIRECT(ADDRESS(30+3,K$2+1,,,"Instances") & ":" & ADDRESS(30+3,K$2+1))),"median", MEDIAN(INDIRECT(ADDRESS(30+3,K$2+1,,,"Instances") & ":" & ADDRESS(30+3,K$2+1))),"min", MIN(INDIRECT(ADDRESS(30+3,K$2+1,,,"Instances") & ":" & ADDRESS(30+3,K$2+1))),"max", MAX(INDIRECT(ADDRESS(30+3,K$2+1,,,"Instances") & ":" & ADDRESS(30+3,K$2+1))),"diff", MAX(INDIRECT(ADDRESS(30+3,K$2+1,,,"Instances") & ":" & ADDRESS(30+3,K$2+1)))-MIN(INDIRECT(ADDRESS(30+3,K$2+1,,,"Instances") & ":" & ADDRESS(30+3,K$2+1))))} -> #N/A | L35: =IFERROR(SMALL(K5:K364,ROW()-ROW($L$5)+1),"") | N35: =IFERROR(SUM(L5:L35),"") -> 0 | Q35: =IF(Charts!$B$3="none",E1842,IF(K1842="",NA(),K1842)) -> #N/A | R35: =IF(Charts!$B$3="none",F1842,IF(L1842="",NA(),L1842)) -> #N/A | S35: =IF(Charts!$B$3="none",G1842,IF(M1842="",NA(),M1842)) -> #N/A | T35: =IF(Charts!$B$3="none",H1842,IF(N1842="",NA(),N1842)) -> #N/A
D36: 32 | E36: =IF(INDIRECT(ADDRESS($D36+2,E$2+1,,,"Instances"))="","",INDIRECT(ADDRESS($D36+2,E$2+1,,,"Instances"))) -> Level_0/6-1110111 | F36: =IFERROR(SMALL(E5:E364,ROW()-ROW($F$5)+1),"") | H36: =IFERROR(SUM(F5:F36),"") -> 0 | J36: 32 | K36: {=_xlfn.SWITCH(Charts!$B$3,"average", AVERAGE(INDIRECT(ADDRESS(31+3,K$2+1,,,"Instances") & ":" & ADDRESS(31+3,K$2+1))),"median", MEDIAN(INDIRECT(ADDRESS(31+3,K$2+1,,,"Instances") & ":" & ADDRESS(31+3,K$2+1))),"min", MIN(INDIRECT(ADDRESS(31+3,K$2+1,,,"Instances") & ":" & ADDRESS(31+3,K$2+1))),"max", MAX(INDIRECT(ADDRESS(31+3,K$2+1,,,"Instances") & ":" & ADDRESS(31+3,K$2+1))),"diff", MAX(INDIRECT(ADDRESS(31+3,K$2+1,,,"Instances") & ":" & ADDRESS(31+3,K$2+1)))-MIN(INDIRECT(ADDRESS(31+3,K$2+1,,,"Instances") & ":" & ADDRESS(31+3,K$2+1))))} -> #N/A | L36: =IFERROR(SMALL(K5:K364,ROW()-ROW($L$5)+1),"") | N36: =IFERROR(SUM(L5:L36),"") -> 0 | Q36: =IF(Charts!$B$3="none",E1843,IF(K1843="",NA(),K1843)) -> #N/A | R36: =IF(Charts!$B$3="none",F1843,IF(L1843="",NA(),L1843)) -> #N/A | S36: =IF(Charts!$B$3="none",G1843,IF(M1843="",NA(),M1843)) -> #N/A | T36: =IF(Charts!$B$3="none",H1843,IF(N1843="",NA(),N1843)) -> #N/A
D37: 33 | E37: =IF(INDIRECT(ADDRESS($D37+2,E$2+1,,,"Instances"))="","",INDIRECT(ADDRESS($D37+2,E$2+1,,,"Instances"))) -> Level_0/6-1111011 | F37: =IFERROR(SMALL(E5:E364,ROW()-ROW($F$5)+1),"") | H37: =IFERROR(SUM(F5:F37),"") -> 0 | J37: 33 | K37: {=_xlfn.SWITCH(Charts!$B$3,"average", AVERAGE(INDIRECT(ADDRESS(32+3,K$2+1,,,"Instances") & ":" & ADDRESS(32+3,K$2+1))),"median", MEDIAN(INDIRECT(ADDRESS(32+3,K$2+1,,,"Instances") & ":" & ADDRESS(32+3,K$2+1))),"min", MIN(INDIRECT(ADDRESS(32+3,K$2+1,,,"Instances") & ":" & ADDRESS(32+3,K$2+1))),"max", MAX(INDIRECT(ADDRESS(32+3,K$2+1,,,"Instances") & ":" & ADDRESS(32+3,K$2+1))),"diff", MAX(INDIRECT(ADDRESS(32+3,K$2+1,,,"Instances") & ":" & ADDRESS(32+3,K$2+1)))-MIN(INDIRECT(ADDRESS(32+3,K$2+1,,,"Instances") & ":" & ADDRESS(32+3,K$2+1))))} -> #N/A | L37: =IFERROR(SMALL(K5:K364,ROW()-ROW($L$5)+1),"") | N37: =IFERROR(SUM(L5:L37),"") -> 0 | Q37: =IF(Charts!$B$3="none",E1844,IF(K1844="",NA(),K1844)) -> #N/A | R37: =IF(Charts!$B$3="none",F1844,IF(L1844="",NA(),L1844)) -> #N/A | S37: =IF(Charts!$B$3="none",G1844,IF(M1844="",NA(),M1844)) -> #N/A | T37: =IF(Charts!$B$3="none",H1844,IF(N1844="",NA(),N1844)) -> #N/A
D38: 34 | E38: =IF(INDIRECT(ADDRESS($D38+2,E$2+1,,,"Instances"))="","",INDIRECT(ADDRESS($D38+2,E$2+1,,,"Instances"))) -> Level_0/6-1111101 | F38: =IFERROR(SMALL(E5:E364,ROW()-ROW($F$5)+1),"") | H38: =IFERROR(SUM(F5:F38),"") -> 0 | J38: 34 | K38: {=_xlfn.SWITCH(Charts!$B$3,"average", AVERAGE(INDIRECT(ADDRESS(33+3,K$2+1,,,"Instances") & ":" & ADDRESS(33+3,K$2+1))),"median", MEDIAN(INDIRECT(ADDRESS(33+3,K$2+1,,,"Instances") & ":" & ADDRESS(33+3,K$2+1))),"min", MIN(INDIRECT(ADDRESS(33+3,K$2+1,,,"Instances") & ":" & ADDRESS(33+3,K$2+1))),"max", MAX(INDIRECT(ADDRESS(33+3,K$2+1,,,"Instances") & ":" & ADDRESS(33+3,K$2+1))),"diff", MAX(INDIRECT(ADDRESS(33+3,K$2+1,,,"Instances") & ":" & ADDRESS(33+3,K$2+1)))-MIN(INDIRECT(ADDRESS(33+3,K$2+1,,,"Instances") & ":" & ADDRESS(33+3,K$2+1))))} -> #N/A | L38: =IFERROR(SMALL(K5:K364,ROW()-ROW($L$5)+1),"") | N38: =IFERROR(SUM(L5:L38),"") -> 0 | Q38: =IF(Charts!$B$3="none",E1845,IF(K1845="",NA(),K1845)) -> #N/A | R38: =IF(Charts!$B$3="none",F1845,IF(L1845="",NA(),L1845)) -> #N/A | S38: =IF(Charts!$B$3="none",G1845,IF(M1845="",NA(),M1845)) -> #N/A | T38: =IF(Charts!$B$3="none",H1845,IF(N1845="",NA(),N1845)) -> #N/A
D39: 35 | E39: =IF(INDIRECT(ADDRESS($D39+2,E$2+1,,,"Instances"))="","",INDIRECT(ADDRESS($D39+2,E$2+1,,,"Instances"))) -> Level_0/6-1111110 | F39: =IFERROR(SMALL(E5:E364,ROW()-ROW($F$5)+1),"") | H39: =IFERROR(SUM(F5:F39),"") -> 0 | J39: 35 | K39: {=_xlfn.SWITCH(Charts!$B$3,"average", AVERAGE(INDIRECT(ADDRESS(34+3,K$2+1,,,"Instances") & ":" & ADDRESS(34+3,K$2+1))),"median", MEDIAN(INDIRECT(ADDRESS(34+3,K$2+1,,,"Instances") & ":" & ADDRESS(34+3,K$2+1))),"min", MIN(INDIRECT(ADDRESS(34+3,K$2+1,,,"Instances") & ":" & ADDRESS(34+3,K$2+1))),"max", MAX(INDIRECT(ADDRESS(34+3,K$2+1,,,"Instances") & ":" & ADDRESS(34+3,K$2+1))),"diff", MAX(INDIRECT(ADDRESS(34+3,K$2+1,,,"Instances") & ":" & ADDRESS(34+3,K$2+1)))-MIN(INDIRECT(ADDRESS(34+3,K$2+1,,,"Instances") & ":" & ADDRESS(34+3,K$2+1))))} -> #N/A | L39: =IFERROR(SMALL(K5:K364,ROW()-ROW($L$5)+1),"") | N39: =IFERROR(SUM(L5:L39),"") -> 0 | Q39: =IF(Charts!$B$3="none",E1846,IF(K1846="",NA(),K1846)) -> #N/A | R39: =IF(Charts!$B$3="none",F1846,IF(L1846="",NA(),L1846)) -> #N/A | S39: =IF(Charts!$B$3="none",G1846,IF(M1846="",NA(),M1846)) -> #N/A | T39: =IF(Charts!$B$3="none",H1846,IF(N1846="",NA(),N1846)) -> #N/A
D40: 36 | E40: =IF(INDIRECT(ADDRESS($D40+2,E$2+1,,,"Instances"))="","",INDIRECT(ADDRESS($D40+2,E$2+1,,,"Instances"))) -> Level_0/7-1111111 | F40: =IFERROR(SMALL(E5:E364,ROW()-ROW($F$5)+1),"") | H40: =IFERROR(SUM(F5:F40),"") -> 0 | J40: 36 | K40: {=_xlfn.SWITCH(Charts!$B$3,"average", AVERAGE(INDIRECT(ADDRESS(35+3,K$2+1,,,"Instances") & ":" & ADDRESS(35+3,K$2+1))),"median", MEDIAN(INDIRECT(ADDRESS(35+3,K$2+1,,,"Instances") & ":" & ADDRESS(35+3,K$2+1))),"min", MIN(INDIRECT(ADDRESS(35+3,K$2+1,,,"Instances") & ":" & ADDRESS(35+3,K$2+1))),"max", MAX(INDIRECT(ADDRESS(35+3,K$2+1,,,"Instances") & ":" & ADDRESS(35+3,K$2+1))),"diff", MAX(INDIRECT(ADDRESS(35+3,K$2+1,,,"Instances") & ":" & ADDRESS(35+3,K$2+1)))-MIN(INDIRECT(ADDRESS(35+3,K$2+1,,,"Instances") & ":" & ADDRESS(35+3,K$2+1))))} -> #N/A | L40: =IFERROR(SMALL(K5:K364,ROW()-ROW($L$5)+1),"") | N40: =IFERROR(SUM(L5:L40),"") -> 0 | Q40: =IF(Charts!$B$3="none",E1847,IF(K1847="",NA(),K1847)) -> #N/A | R40: =IF(Charts!$B$3="none",F1847,IF(L1847="",NA(),L1847)) -> #N/A | S40: =IF(Charts!$B$3="none",G1847,IF(M1847="",NA(),M1847)) -> #N/A | T40: =IF(Charts!$B$3="none",H1847,IF(N1847="",NA(),N1847)) -> #N/A
D41: 37 | E41: =IF(INDIRECT(ADDRESS($D41+2,E$2+1,,,"Instances"))="","",INDIRECT(ADDRESS($D41+2,E$2+1,,,"Instances"))) -> Level_1/2-0000101 | F41: =IFERROR(SMALL(E5:E364,ROW()-ROW($F$5)+1),"") | H41: =IFERROR(SUM(F5:F41),"") -> 0 | J41: 37 | K41: {=_xlfn.SWITCH(Charts!$B$3,"average", AVERAGE(INDIRECT(ADDRESS(36+3,K$2+1,,,"Instances") & ":" & ADDRESS(36+3,K$2+1))),"median", MEDIAN(INDIRECT(ADDRESS(36+3,K$2+1,,,"Instances") & ":" & ADDRESS(36+3,K$2+1))),"min", MIN(INDIRECT(ADDRESS(36+3,K$2+1,,,"Instances") & ":" & ADDRESS(36+3,K$2+1))),"max", MAX(INDIRECT(ADDRESS(36+3,K$2+1,,,"Instances") & ":" & ADDRESS(36+3,K$2+1))),"diff", MAX(INDIRECT(ADDRESS(36+3,K$2+1,,,"Instances") & ":" & ADDRESS(36+3,K$2+1)))-MIN(INDIRECT(ADDRESS(36+3,K$2+1,,,"Instances") & ":" & ADDRESS(36+3,K$2+1))))} -> #N/A | L41: =IFERROR(SMALL(K5:K364,ROW()-ROW($L$5)+1),"") | N41: =IFERROR(SUM(L5:L41),"") -> 0 | Q41: =IF(Charts!$B$3="none",E1848,IF(K1848="",NA(),K1848)) -> #N/A | R41: =IF(Charts!$B$3="none",F1848,IF(L1848="",NA(),L1848)) -> #N/A | S41: =IF(Charts!$B$3="none",G1848,IF(M1848="",NA(),M1848)) -> #N/A | T41: =IF(Charts!$B$3="none",H1848,IF(N1848="",NA(),N1848)) -> #N/A
D42: 38 | E42: =IF(INDIRECT(ADDRESS($D42+2,E$2+1,,,"Instances"))="","",INDIRECT(ADDRESS($D42+2,E$2+1,,,"Instances"))) -> Level_1/2-0001010 | F42: =IFERROR(SMALL(E5:E364,ROW()-ROW($F$5)+1),"") | H42: =IFERROR(SUM(F5:F42),"") -> 0 | J42: 38 | K42: {=_xlfn.SWITCH(Charts!$B$3,"average", AVERAGE(INDIRECT(ADDRESS(37+3,K$2+1,,,"Instances") & ":" & ADDRESS(37+3,K$2+1))),"median", MEDIAN(INDIRECT(ADDRESS(37+3,K$2+1,,,"Instances") & ":" & ADDRESS(37+3,K$2+1))),"min", MIN(INDIRECT(ADDRESS(37+3,K$2+1,,,"Instances") & ":" & ADDRESS(37+3,K$2+1))),"max", MAX(INDIRECT(ADDRESS(37+3,K$2+1,,,"Instances") & ":" & ADDRESS(37+3,K$2+1))),"diff", MAX(INDIRECT(ADDRESS(37+3,K$2+1,,,"Instances") & ":" & ADDRESS(37+3,K$2+1)))-MIN(INDIRECT(ADDRESS(37+3,K$2+1,,,"Instances") & ":" & ADDRESS(37+3,K$2+1))))} -> #N/A | L42: =IFERROR(SMALL(K5:K364,ROW()-ROW($L$5)+1),"") | N42: =IFERROR(SUM(L5:L42),"") -> 0 | Q42: =IF(Charts!$B$3="none",E1849,IF(K1849="",NA(),K1849)) -> #N/A | R42: =IF(Charts!$B$3="none",F1849,IF(L1849="",NA(),L1849)) -> #N/A | S42: =IF(Charts!$B$3="none",G1849,IF(M1849="",NA(),M1849)) -> #N/A | T42: =IF(Charts!$B$3="none",H1849,IF(N1849="",NA(),N1849)) -> #N/A
D43: 39 | E43: =IF(INDIRECT(ADDRESS($D43+2,E$2+1,,,"Instances"))="","",INDIRECT(ADDRESS($D43+2,E$2+1,,,"Instances"))) -> Level_1/2-0010100 | F43: =IFERROR(SMALL(E5:E364,ROW()-ROW($F$5)+1),"") | H43: =IFERROR(SUM(F5:F43),"") -> 0 | J43: 39 | K43: {=_xlfn.SWITCH(Charts!$B$3,"average", AVERAGE(INDIRECT(ADDRESS(38+3,K$2+1,,,"Instances") & ":" & ADDRESS(38+3,K$2+1))),"median", MEDIAN(INDIRECT(ADDRESS(38+3,K$2+1,,,"Instances") & ":" & ADDRESS(38+3,K$2+1))),"min", MIN(INDIRECT(ADDRESS(38+3,K$2+1,,,"Instances") & ":" & ADDRESS(38+3,K$2+1))),"max", MAX(INDIRECT(ADDRESS(38+3,K$2+1,,,"Instances") & ":" & ADDRESS(38+3,K$2+1))),"diff", MAX(INDIRECT(ADDRESS(38+3,K$2+1,,,"Instances") & ":" & ADDRESS(38+3,K$2+1)))-MIN(INDIRECT(ADDRESS(38+3,K$2+1,,,"Instances") & ":" & ADDRESS(38+3,K$2+1))))} -> #N/A | L43: =IFERROR(SMALL(K5:K364,ROW()-ROW($L$5)+1),"") | N43: =IFERROR(SUM(L5:L43),"") -> 0 | Q43: =IF(Charts!$B$3="none",E1850,IF(K1850="",NA(),K1850)) -> #N/A | R43: =IF(Charts!$B$3="none",F1850,IF(L1850="",NA(),L1850)) -> #N/A | S43: =IF(Charts!$B$3="none",G1850,IF(M1850="",NA(),M1850)) -> #N/A | T43: =IF(Charts!$B$3="none",H1850,IF(N1850="",NA(),N1850)) -> #N/A
D44: 40 | E44: =IF(INDIRECT(ADDRESS($D44+2,E$2+1,,,"Instances"))="","",INDIRECT(ADDRESS($D44+2,E$2+1,,,"Instances"))) -> Level_1/2-0011000 | F44: =IFERROR(SMALL(E5:E364,ROW()-ROW($F$5)+1),"") | H44: =IFERROR(SUM(F5:F44),"") -> 0 | J44: 40 | K44: {=_xlfn.SWITCH(Charts!$B$3,"average", AVERAGE(INDIRECT(ADDRESS(39+3,K$2+1,,,"Instances") & ":" & ADDRESS(39+3,K$2+1))),"median", MEDIAN(INDIRECT(ADDRESS(39+3,K$2+1,,,"Instances") & ":" & ADDRESS(39+3,K$2+1))),"min", MIN(INDIRECT(ADDRESS(39+3,K$2+1,,,"Instances") & ":" & ADDRESS(39+3,K$2+1))),"max", MAX(INDIRECT(ADDRESS(39+3,K$2+1,,,"Instances") & ":" & ADDRESS(39+3,K$2+1))),"diff", MAX(INDIRECT(ADDRESS(39+3,K$2+1,,,"Instances") & ":" & ADDRESS(39+3,K$2+1)))-MIN(INDIRECT(ADDRESS(39+3,K$2+1,,,"Instances") & ":" & ADDRESS(39+3,K$2+1))))} -> #N/A | L44: =IFERROR(SMALL(K5:K364,ROW()-ROW($L$5)+1),"") | N44: =IFERROR(SUM(L5:L44),"") -> 0 | Q44: =IF(Charts!$B$3="none",E1851,IF(K1851="",NA(),K1851)) -> #N/A | R44: =IF(Charts!$B$3="none",F1851,IF(L1851="",NA(),L1851)) -> #N/A | S44: =IF(Charts!$B$3="none",G1851,IF(M1851="",NA(),M1851)) -> #N/A | T44: =IF(Charts!$B$3="none",H1851,IF(N1851="",NA(),N1851)) -> #N/A
D45: 41 | E45: =IF(INDIRECT(ADDRESS($D45+2,E$2+1,,,"Instances"))="","",INDIRECT(ADDRESS($D45+2,E$2+1,,,"Instances"))) -> Level_1/2-0101000 | F45: =IFERROR(SMALL(E5:E364,ROW()-ROW($F$5)+1),"") | H45: =IFERROR(SUM(F5:F45),"") -> 0 | J45: 41 | K45: {=_xlfn.SWITCH(Charts!$B$3,"average", AVERAGE(INDIRECT(ADDRESS(40+3,K$2+1,,,"Instances") & ":" & ADDRESS(40+3,K$2+1))),"median", MEDIAN(INDIRECT(ADDRESS(40+3,K$2+1,,,"Instances") & ":" & ADDRESS(40+3,K$2+1))),"min", MIN(INDIRECT(ADDRESS(40+3,K$2+1,,,"Instances") & ":" & ADDRESS(40+3,K$2+1))),"max", MAX(INDIRECT(ADDRESS(40+3,K$2+1,,,"Instances") & ":" & ADDRESS(40+3,K$2+1))),"diff", MAX(INDIRECT(ADDRESS(40+3,K$2+1,,,"Instances") & ":" & ADDRESS(40+3,K$2+1)))-MIN(INDIRECT(ADDRESS(40+3,K$2+1,,,"Instances") & ":" & ADDRESS(40+3,K$2+1))))} -> #N/A | L45: =IFERROR(SMALL(K5:K364,ROW()-ROW($L$5)+1),"") | N45: =IFERROR(SUM(L5:L45),"") -> 0 | Q45: =IF(Charts!$B$3="none",E1852,IF(K1852="",NA(),K1852)) -> #N/A | R45: =IF(Charts!$B$3="none",F1852,IF(L1852="",NA(),L1852)) -> #N/A | S45: =IF(Charts!$B$3="none",G1852,IF(M1852="",NA(),M1852)) -> #N/A | T45: =IF(Charts!$B$3="none",H1852,IF(N1852="",NA(),N1852)) -> #N/A
D46: 42 | E46: =IF(INDIRECT(ADDRESS($D46+2,E$2+1,,,"Instances"))="","",INDIRECT(ADDRESS($D46+2,E$2+1,,,"Instances"))) -> Level_1/2-1000100 | F46: =IFERROR(SMALL(E5:E364,ROW()-ROW($F$5)+1),"") | H46: =IFERROR(SUM(F5:F46),"") -> 0 | J46: 42 | K46: {=_xlfn.SWITCH(Charts!$B$3,"average", AVERAGE(INDIRECT(ADDRESS(41+3,K$2+1,,,"Instances") & ":" & ADDRESS(41+3,K$2+1))),"median", MEDIAN(INDIRECT(ADDRESS(41+3,K$2+1,,,"Instances") & ":" & ADDRESS(41+3,K$2+1))),"min", MIN(INDIRECT(ADDRESS(41+3,K$2+1,,,"Instances") & ":" & ADDRESS(41+3,K$2+1))),"max", MAX(INDIRECT(ADDRESS(41+3,K$2+1,,,"Instances") & ":" & ADDRESS(41+3,K$2+1))),"diff", MAX(INDIRECT(ADDRESS(41+3,K$2+1,,,"Instances") & ":" & ADDRESS(41+3,K$2+1)))-MIN(INDIRECT(ADDRESS(41+3,K$2+1,,,"Instances") & ":" & ADDRESS(41+3,K$2+1))))} -> #N/A | L46: =IFERROR(SMALL(K5:K364,ROW()-ROW($L$5)+1),"") | N46: =IFERROR(SUM(L5:L46),"") -> 0 | Q46: =IF(Charts!$B$3="none",E1853,IF(K1853="",NA(),K1853)) -> #N/A | R46: =IF(Charts!$B$3="none",F1853,IF(L1853="",NA(),L1853)) -> #N/A | S46: =IF(Charts!$B$3="none",G1853,IF(M1853="",NA(),M1853)) -> #N/A | T46: =IF(Charts!$B$3="none",H1853,IF(N1853="",NA(),N1853)) -> #N/A
D47: 43 | E47: =IF(INDIRECT(ADDRESS($D47+2,E$2+1,,,"Instances"))="","",INDIRECT(ADDRESS($D47+2,E$2+1,,,"Instances"))) -> Level_1/2-1001000 | F47: =IFERROR(SMALL(E5:E364,ROW()-ROW($F$5)+1),"") | H47: =IFERROR(SUM(F5:F47),"") -> 0 | J47: 43 | K47: {=_xlfn.SWITCH(Charts!$B$3,"average", AVERAGE(INDIRECT(ADDRESS(42+3,K$2+1,,,"Instances") & ":" & ADDRESS(42+3,K$2+1))),"median", MEDIAN(INDIRECT(ADDRESS(42+3,K$2+1,,,"Instances") & ":" & ADDRESS(42+3,K$2+1))),"min", MIN(INDIRECT(ADDRESS(42+3,K$2+1,,,"Instances") & ":" & ADDRESS(42+3,K$2+1))),"max", MAX(INDIRECT(ADDRESS(42+3,K$2+1,,,"Instances") & ":" & ADDRESS(42+3,K$2+1))),"diff", MAX(INDIRECT(ADDRESS(42+3,K$2+1,,,"Instances") & ":" & ADDRESS(42+3,K$2+1)))-MIN(INDIRECT(ADDRESS(42+3,K$2+1,,,"Instances") & ":" & ADDRESS(42+3,K$2+1))))} -> #N/A | L47: =IFERROR(SMALL(K5:K364,ROW()-ROW($L$5)+1),"") | N47: =IFERROR(SUM(L5:L47),"") -> 0 | Q47: =IF(Charts!$B$3="none",E1854,IF(K1854="",NA(),K1854)) -> #N/A | R47: =IF(Charts!$B$3="none",F1854,IF(L1854="",NA(),L1854)) -> #N/A | S47: =IF(Charts!$B$3="none",G1854,IF(M1854="",NA(),M1854)) -> #N/A | T47: =IF(Charts!$B$3="none",H1854,IF(N1854="",NA(),N1854)) -> #N/A
D48: 44 | E48: =IF(INDIRECT(ADDRESS($D48+2,E$2+1,,,"Instances"))="","",INDIRECT(ADDRESS($D48+2,E$2+1,,,"Instances"))) -> Level_1/3-0010110 | F48: =IFERROR(SMALL(E5:E364,ROW()-ROW($F$5)+1),"") | H48: =IFERROR(SUM(F5:F48),"") -> 0 | J48: 44 | K48: {=_xlfn.SWITCH(Charts!$B$3,"average", AVERAGE(INDIRECT(ADDRESS(43+3,K$2+1,,,"Instances") & ":" & ADDRESS(43+3,K$2+1))),"median", MEDIAN(INDIRECT(ADDRESS(43+3,K$2+1,,,"Instances") & ":" & ADDRESS(43+3,K$2+1))),"min", MIN(INDIRECT(ADDRESS(43+3,K$2+1,,,"Instances") & ":" & ADDRESS(43+3,K$2+1))),"max", MAX(INDIRECT(ADDRESS(43+3,K$2+1,,,"Instances") & ":" & ADDRESS(43+3,K$2+1))),"diff", MAX(INDIRECT(ADDRESS(43+3,K$2+1,,,"Instances") & ":" & ADDRESS(43+3,K$2+1)))-MIN(INDIRECT(ADDRESS(43+3,K$2+1,,,"Instances") & ":" & ADDRESS(43+3,K$2+1))))} -> #N/A | L48: =IFERROR(SMALL(K5:K364,ROW()-ROW($L$5)+1),"") | N48: =IFERROR(SUM(L5:L48),"") -> 0 | Q48: =IF(Charts!$B$3="none",E1855,IF(K1855="",NA(),K1855)) -> #N/A | R48: =IF(Charts!$B$3="none",F1855,IF(L1855="",NA(),L1855)) -> #N/A | S48: =IF(Charts!$B$3="none",G1855,IF(M1855="",NA(),M1855)) -> #N/A | T48: =IF(Charts!$B$3="none",H1855,IF(N1855="",NA(),N1855)) -> #N/A
D49: 45 | E49: =IF(INDIRECT(ADDRESS($D49+2,E$2+1,,,"Instances"))="","",INDIRECT(ADDRESS($D49+2,E$2+1,,,"Instances"))) -> Level_1/3-0011001 | F49: =IFERROR(SMALL(E5:E364,ROW()-ROW($F$5)+1),"") | H49: =IFERROR(SUM(F5:F49),"") -> 0 | J49: 45 | K49: {=_xlfn.SWITCH(Charts!$B$3,"average", AVERAGE(INDIRECT(ADDRESS(44+3,K$2+1,,,"Instances") & ":" & ADDRESS(44+3,K$2+1))),"median", MEDIAN(INDIRECT(ADDRESS(44+3,K$2+1,,,"Instances") & ":" & ADDRESS(44+3,K$2+1))),"min", MIN(INDIRECT(ADDRESS(44+3,K$2+1,,,"Instances") & ":" & ADDRESS(44+3,K$2+1))),"max", MAX(INDIRECT(ADDRESS(44+3,K$2+1,,,"Instances") & ":" & ADDRESS(44+3,K$2+1))),"diff", MAX(INDIRECT(ADDRESS(44+3,K$2+1,,,"Instances") & ":" & ADDRESS(44+3,K$2+1)))-MIN(INDIRECT(ADDRESS(44+3,K$2+1,,,"Instances") & ":" & ADDRESS(44+3,K$2+1))))} -> #N/A | L49: =IFERROR(SMALL(K5:K364,ROW()-ROW($L$5)+1),"") | N49: =IFERROR(SUM(L5:L49),"") -> 0 | Q49: =IF(Charts!$B$3="none",E1856,IF(K1856="",NA(),K1856)) -> #N/A | R49: =IF(Charts!$B$3="none",F1856,IF(L1856="",NA(),L1856)) -> #N/A | S49: =IF(Charts!$B$3="none",G1856,IF(M1856="",NA(),M1856)) -> #N/A | T49: =IF(Charts!$B$3="none",H1856,IF(N1856="",NA(),N1856)) -> #N/A
D50: 46 | E50: =IF(INDIRECT(ADDRESS($D50+2,E$2+1,,,"Instances"))="","",INDIRECT(ADDRESS($D50+2,E$2+1,,,"Instances"))) -> Level_1/3-0100101 | F50: =IFERROR(SMALL(E5:E364,ROW()-ROW($F$5)+1),"") | H50: =IFERROR(SUM(F5:F50),"") -> 0 | J50: 46 | K50: {=_xlfn.SWITCH(Charts!$B$3,"average", AVERAGE(INDIRECT(ADDRESS(45+3,K$2+1,,,"Instances") & ":" & ADDRESS(45+3,K$2+1))),"median", MEDIAN(INDIRECT(ADDRESS(45+3,K$2+1,,,"Instances") & ":" & ADDRESS(45+3,K$2+1))),"min", MIN(INDIRECT(ADDRESS(45+3,K$2+1,,,"Instances") & ":" & ADDRESS(45+3,K$2+1))),"max", MAX(INDIRECT(ADDRESS(45+3,K$2+1,,,"Instances") & ":" & ADDRESS(45+3,K$2+1))),"diff", MAX(INDIRECT(ADDRESS(45+3,K$2+1,,,"Instances") & ":" & ADDRESS(45+3,K$2+1)))-MIN(INDIRECT(ADDRESS(45+3,K$2+1,,,"Instances") & ":" & ADDRESS(45+3,K$2+1))))} -> #N/A | L50: =IFERROR(SMALL(K5:K364,ROW()-ROW($L$5)+1),"") | N50: =IFERROR(SUM(L5:L50),"") -> 0 | Q50: =IF(Charts!$B$3="none",E1857,IF(K1857="",NA(),K1857)) -> #N/A | R50: =IF(Charts!$B$3="none",F1857,IF(L1857="",NA(),L1857)) -> #N/A | S50: =IF(Charts!$B$3="none",G1857,IF(M1857="",NA(),M1857)) -> #N/A | T50: =IF(Charts!$B$3="none",H1857,IF(N1857="",NA(),N1857)) -> #N/A
D51: 47 | E51: =IF(INDIRECT(ADDRESS($D51+2,E$2+1,,,"Instances"))="","",INDIRECT(ADDRESS($D51+2,E$2+1,,,"Instances"))) -> Level_1/3-0110100 | F51: =IFERROR(SMALL(E5:E364,ROW()-ROW($F$5)+1),"") | H51: =IFERROR(SUM(F5:F51),"") -> 0 | J51: 47 | K51: {=_xlfn.SWITCH(Charts!$B$3,"average", AVERAGE(INDIRECT(ADDRESS(46+3,K$2+1,,,"Instances") & ":" & ADDRESS(46+3,K$2+1))),"median", MEDIAN(INDIRECT(ADDRESS(46+3,K$2+1,,,"Instances") & ":" & ADDRESS(46+3,K$2+1))),"min", MIN(INDIRECT(ADDRESS(46+3,K$2+1,,,"Instances") & ":" & ADDRESS(46+3,K$2+1))),"max", MAX(INDIRECT(ADDRESS(46+3,K$2+1,,,"Instances") & ":" & ADDRESS(46+3,K$2+1))),"diff", MAX(INDIRECT(ADDRESS(46+3,K$2+1,,,"Instances") & ":" & ADDRESS(46+3,K$2+1)))-MIN(INDIRECT(ADDRESS(46+3,K$2+1,,,"Instances") & ":" & ADDRESS(46+3,K$2+1))))} -> #N/A | L51: =IFERROR(SMALL(K5:K364,ROW()-ROW($L$5)+1),"") | N51: =IFERROR(SUM(L5:L51),"") -> 0 | Q51: =IF(Charts!$B$3="none",E1858,IF(K1858="",NA(),K1858)) -> #N/A | R51: =IF(Charts!$B$3="none",F1858,IF(L1858="",NA(),L1858)) -> #N/A | S51: =IF(Charts!$B$3="none",G1858,IF(M1858="",NA(),M1858)) -> #N/A | T51: =IF(Charts!$B$3="none",H1858,IF(N1858="",NA(),N1858)) -> #N/A
D52: 48 | E52: =IF(INDIRECT(ADDRESS($D52+2,E$2+1,,,"Instances"))="","",INDIRECT(ADDRESS($D52+2,E$2+1,,,"Instances"))) -> Level_1/3-0111000 | F52: =IFERROR(SMALL(E5:E364,ROW()-ROW($F$5)+1),"") | H52: =IFERROR(SUM(F5:F52),"") -> 0 | J52: 48 | K52: {=_xlfn.SWITCH(Charts!$B$3,"average", AVERAGE(INDIRECT(ADDRESS(47+3,K$2+1,,,"Instances") & ":" & ADDRESS(47+3,K$2+1))),"median", MEDIAN(INDIRECT(ADDRESS(47+3,K$2+1,,,"Instances") & ":" & ADDRESS(47+3,K$2+1))),"min", MIN(INDIRECT(ADDRESS(47+3,K$2+1,,,"Instances") & ":" & ADDRESS(47+3,K$2+1))),"max", MAX(INDIRECT(ADDRESS(47+3,K$2+1,,,"Instances") & ":" & ADDRESS(47+3,K$2+1))),"diff", MAX(INDIRECT(ADDRESS(47+3,K$2+1,,,"Instances") & ":" & ADDRESS(47+3,K$2+1)))-MIN(INDIRECT(ADDRESS(47+3,K$2+1,,,"Instances") & ":" & ADDRESS(47+3,K$2+1))))} -> #N/A | L52: =IFERROR(SMALL(K5:K364,ROW()-ROW($L$5)+1),"") | N52: =IFERROR(SUM(L5:L52),"") -> 0 | Q52: =IF(Charts!$B$3="none",E1859,IF(K1859="",NA(),K1859)) -> #N/A | R52: =IF(Charts!$B$3="none",F1859,IF(L1859="",NA(),L1859)) -> #N/A | S52: =IF(Charts!$B$3="none",G1859,IF(M1859="",NA(),M1859)) -> #N/A | T52: =IF(Charts!$B$3="none",H1859,IF(N1859="",NA(),N1859)) -> #N/A
D53: 49 | E53: =IF(INDIRECT(ADDRESS($D53+2,E$2+1,,,"Instances"))="","",INDIRECT(ADDRESS($D53+2,E$2+1,,,"Instances"))) -> Level_1/3-1000011 | F53: =IFERROR(SMALL(E5:E364,ROW()-ROW($F$5)+1),"") | H53: =IFERROR(SUM(F5:F53),"") -> 0 | J53: 49 | K53: {=_xlfn.SWITCH(Charts!$B$3,"average", AVERAGE(INDIRECT(ADDRESS(48+3,K$2+1,,,"Instances") & ":" & ADDRESS(48+3,K$2+1))),"median", MEDIAN(INDIRECT(ADDRESS(48+3,K$2+1,,,"Instances") & ":" & ADDRESS(48+3,K$2+1))),"min", MIN(INDIRECT(ADDRESS(48+3,K$2+1,,,"Instances") & ":" & ADDRESS(48+3,K$2+1))),"max", MAX(INDIRECT(ADDRESS(48+3,K$2+1,,,"Instances") & ":" & ADDRESS(48+3,K$2+1))),"diff", MAX(INDIRECT(ADDRESS(48+3,K$2+1,,,"Instances") & ":" & ADDRESS(48+3,K$2+1)))-MIN(INDIRECT(ADDRESS(48+3,K$2+1,,,"Instances") & ":" & ADDRESS(48+3,K$2+1))))} -> #N/A | L53: =IFERROR(SMALL(K5:K364,ROW()-ROW($L$5)+1),"") | N53: =IFERROR(SUM(L5:L53),"") -> 0 | Q53: =IF(Charts!$B$3="none",E1860,IF(K1860="",NA(),K1860)) -> #N/A | R53: =IF(Charts!$B$3="none",F1860,IF(L1860="",NA(),L1860)) -> #N/A | S53: =IF(Charts!$B$3="none",G1860,IF(M1860="",NA(),M1860)) -> #N/A | T53: =IF(Charts!$B$3="none",H1860,IF(N1860="",NA(),N1860)) -> #N/A
D54: 50 | E54: =IF(INDIRECT(ADDRESS($D54+2,E$2+1,,,"Instances"))="","",INDIRECT(ADDRESS($D54+2,E$2+1,,,"Instances"))) -> Level_1/3-1100001 | F54: =IFERROR(SMALL(E5:E364,ROW()-ROW($F$5)+1),"") | H54: =IFERROR(SUM(F5:F54),"") -> 0 | J54: 50 | K54: {=_xlfn.SWITCH(Charts!$B$3,"average", AVERAGE(INDIRECT(ADDRESS(49+3,K$2+1,,,"Instances") & ":" & ADDRESS(49+3,K$2+1))),"median", MEDIAN(INDIRECT(ADDRESS(49+3,K$2+1,,,"Instances") & ":" & ADDRESS(49+3,K$2+1))),"min", MIN(INDIRECT(ADDRESS(49+3,K$2+1,,,"Instances") & ":" & ADDRESS(49+3,K$2+1))),"max", MAX(INDIRECT(ADDRESS(49+3,K$2+1,,,"Instances") & ":" & ADDRESS(49+3,K$2+1))),"diff", MAX(INDIRECT(ADDRESS(49+3,K$2+1,,,"Instances") & ":" & ADDRESS(49+3,K$2+1)))-MIN(INDIRECT(ADDRESS(49+3,K$2+1,,,"Instances") & ":" & ADDRESS(49+3,K$2+1))))} -> #N/A | L54: =IFERROR(SMALL(K5:K364,ROW()-ROW($L$5)+1),"") | N54: =IFERROR(SUM(L5:L54),"") -> 0 | Q54: =IF(Charts!$B$3="none",E1861,IF(K1861="",NA(),K1861)) -> #N/A | R54: =IF(Charts!$B$3="none",F1861,IF(L1861="",NA(),L1861)) -> #N/A | S54: =IF(Charts!$B$3="none",G1861,IF(M1861="",NA(),M1861)) -> #N/A | T54: =IF(Charts!$B$3="none",H1861,IF(N1861="",NA(),N1861)) -> #N/A
D55: 51 | E55: =IF(INDIRECT(ADDRESS($D55+2,E$2+1,,,"Instances"))="","",INDIRECT(ADDRESS($D55+2,E$2+1,,,"Instances"))) -> Level_1/4-0010111 | F55: =IFERROR(SMALL(E5:E364,ROW()-ROW($F$5)+1),"") | H55: =IFERROR(SUM(F5:F55),"") -> 0 | J55: 51 | K55: {=_xlfn.SWITCH(Charts!$B$3,"average", AVERAGE(INDIRECT(ADDRESS(50+3,K$2+1,,,"Instances") & ":" & ADDRESS(50+3,K$2+1))),"median", MEDIAN(INDIRECT(ADDRESS(50+3,K$2+1,,,"Instances") & ":" & ADDRESS(50+3,K$2+1))),"min", MIN(INDIRECT(ADDRESS(50+3,K$2+1,,,"Instances") & ":" & ADDRESS(50+3,K$2+1))),"max", MAX(INDIRECT(ADDRESS(50+3,K$2+1,,,"Instances") & ":" & ADDRESS(50+3,K$2+1))),"diff", MAX(INDIRECT(ADDRESS(50+3,K$2+1,,,"Instances") & ":" & ADDRESS(50+3,K$2+1)))-MIN(INDIRECT(ADDRESS(50+3,K$2+1,,,"Instances") & ":" & ADDRESS(50+3,K$2+1))))} -> #N/A | L55: =IFERROR(SMALL(K5:K364,ROW()-ROW($L$5)+1),"") | N55: =IFERROR(SUM(L5:L55),"") -> 0 | Q55: =IF(Charts!$B$3="none",E1862,IF(K1862="",NA(),K1862)) -> #N/A | R55: =IF(Charts!$B$3="none",F1862,IF(L1862="",NA(),L1862)) -> #N/A | S55: =IF(Charts!$B$3="none",G1862,IF(M1862="",NA(),M1862)) -> #N/A | T55: =IF(Charts!$B$3="none",H1862,IF(N1862="",NA(),N1862)) -> #N/A
D56: 52 | E56: =IF(INDIRECT(ADDRESS($D56+2,E$2+1,,,"Instances"))="","",INDIRECT(ADDRESS($D56+2,E$2+1,,,"Instances"))) -> Level_1/4-0011110 | F56: =IFERROR(SMALL(E5:E364,ROW()-ROW($F$5)+1),"") | H56: =IFERROR(SUM(F5:F56),"") -> 0 | J56: 52 | K56: {=_xlfn.SWITCH(Charts!$B$3,"average", AVERAGE(INDIRECT(ADDRESS(51+3,K$2+1,,,"Instances") & ":" & ADDRESS(51+3,K$2+1))),"median", MEDIAN(INDIRECT(ADDRESS(51+3,K$2+1,,,"Instances") & ":" & ADDRESS(51+3,K$2+1))),"min", MIN(INDIRECT(ADDRESS(51+3,K$2+1,,,"Instances") & ":" & ADDRESS(51+3,K$2+1))),"max", MAX(INDIRECT(ADDRESS(51+3,K$2+1,,,"Instances") & ":" & ADDRESS(51+3,K$2+1))),"diff", MAX(INDIRECT(ADDRESS(51+3,K$2+1,,,"Instances") & ":" & ADDRESS(51+3,K$2+1)))-MIN(INDIRECT(ADDRESS(51+3,K$2+1,,,"Instances") & ":" & ADDRESS(51+3,K$2+1))))} -> #N/A | L56: =IFERROR(SMALL(K5:K364,ROW()-ROW($L$5)+1),"") | N56: =IFERROR(SUM(L5:L56),"") -> 0 | Q56: =IF(Charts!$B$3="none",E1863,IF(K1863="",NA(),K1863)) -> #N/A | R56: =IF(Charts!$B$3="none",F1863,IF(L1863="",NA(),L1863)) -> #N/A | S56: =IF(Charts!$B$3="none",G1863,IF(M1863="",NA(),M1863)) -> #N/A | T56: =IF(Charts!$B$3="none",H1863,IF(N1863="",NA(),N1863)) -> #N/A
D57: 53 | E57: =IF(INDIRECT(ADDRESS($D57+2,E$2+1,,,"Instances"))="","",INDIRECT(ADDRESS($D57+2,E$2+1,,,"Instances"))) -> Level_1/4-0101011 | F57: =IFERROR(SMALL(E5:E364,ROW()-ROW($F$5)+1),"") | H57: =IFERROR(SUM(F5:F57),"") -> 0 | J57: 53 | K57: {=_xlfn.SWITCH(Charts!$B$3,"average", AVERAGE(INDIRECT(ADDRESS(52+3,K$2+1,,,"Instances") & ":" & ADDRESS(52+3,K$2+1))),"median", MEDIAN(INDIRECT(ADDRESS(52+3,K$2+1,,,"Instances") & ":" & ADDRESS(52+3,K$2+1))),"min", MIN(INDIRECT(ADDRESS(52+3,K$2+1,,,"Instances") & ":" & ADDRESS(52+3,K$2+1))),"max", MAX(INDIRECT(ADDRESS(52+3,K$2+1,,,"Instances") & ":" & ADDRESS(52+3,K$2+1))),"diff", MAX(INDIRECT(ADDRESS(52+3,K$2+1,,,"Instances") & ":" & ADDRESS(52+3,K$2+1)))-MIN(INDIRECT(ADDRESS(52+3,K$2+1,,,"Instances") & ":" & ADDRESS(52+3,K$2+1))))} -> #N/A | L57: =IFERROR(SMALL(K5:K364,ROW()-ROW($L$5)+1),"") | N57: =IFERROR(SUM(L5:L57),"") -> 0 | Q57: =IF(Charts!$B$3="none",E1864,IF(K1864="",NA(),K1864)) -> #N/A | R57: =IF(Charts!$B$3="none",F1864,IF(L1864="",NA(),L1864)) -> #N/A | S57: =IF(Charts!$B$3="none",G1864,IF(M1864="",NA(),M1864)) -> #N/A | T57: =IF(Charts!$B$3="none",H1864,IF(N1864="",NA(),N1864)) -> #N/A
D58: 54 | E58: =IF(INDIRECT(ADDRESS($D58+2,E$2+1,,,"Instances"))="","",INDIRECT(ADDRESS($D58+2,E$2+1,,,"Instances"))) -> Level_1/4-0111001 | F58: =IFERROR(SMALL(E5:E364,ROW()-ROW($F$5)+1),"") | H58: =IFERROR(SUM(F5:F58),"") -> 0 | J58: 54 | K58: {=_xlfn.SWITCH(Charts!$B$3,"average", AVERAGE(INDIRECT(ADDRESS(53+3,K$2+1,,,"Instances") & ":" & ADDRESS(53+3,K$2+1))),"median", MEDIAN(INDIRECT(ADDRESS(53+3,K$2+1,,,"Instances") & ":" & ADDRESS(53+3,K$2+1))),"min", MIN(INDIRECT(ADDRESS(53+3,K$2+1,,,"Instances") & ":" & ADDRESS(53+3,K$2+1))),"max", MAX(INDIRECT(ADDRESS(53+3,K$2+1,,,"Instances") & ":" & ADDRESS(53+3,K$2+1))),"diff", MAX(INDIRECT(ADDRESS(53+3,K$2+1,,,"Instances") & ":" & ADDRESS(53+3,K$2+1)))-MIN(INDIRECT(ADDRESS(53+3,K$2+1,,,"Instances") & ":" & ADDRESS(53+3,K$2+1))))} -> #N/A | L58: =IFERROR(SMALL(K5:K364,ROW()-ROW($L$5)+1),"") | N58: =IFERROR(SUM(L5:L58),"") -> 0 | Q58: =IF(Charts!$B$3="none",E1865,IF(K1865="",NA(),K1865)) -> #N/A | R58: =IF(Charts!$B$3="none",F1865,IF(L1865="",NA(),L1865)) -> #N/A | S58: =IF(Charts!$B$3="none",G1865,IF(M1865="",NA(),M1865)) -> #N/A | T58: =IF(Charts!$B$3="none",H1865,IF(N1865="",NA(),N1865)) -> #N/A
D59: 55 | E59: =IF(INDIRECT(ADDRESS($D59+2,E$2+1,,,"Instances"))="","",INDIRECT(ADDRESS($D59+2,E$2+1,,,"Instances"))) -> Level_1/4-1001110 | F59: =IFERROR(SMALL(E5:E364,ROW()-ROW($F$5)+1),"") | H59: =IFERROR(SUM(F5:F59),"") -> 0 | J59: 55 | K59: {=_xlfn.SWITCH(Charts!$B$3,"average", AVERAGE(INDIRECT(ADDRESS(54+3,K$2+1,,,"Instances") & ":" & ADDRESS(54+3,K$2+1))),"median", MEDIAN(INDIRECT(ADDRESS(54+3,K$2+1,,,"Instances") & ":" & ADDRESS(54+3,K$2+1))),"min", MIN(INDIRECT(ADDRESS(54+3,K$2+1,,,"Instances") & ":" & ADDRESS(54+3,K$2+1))),"max", MAX(INDIRECT(ADDRESS(54+3,K$2+1,,,"Instances") & ":" & ADDRESS(54+3,K$2+1))),"diff", MAX(INDIRECT(ADDRESS(54+3,K$2+1,,,"Instances") & ":" & ADDRESS(54+3,K$2+1)))-MIN(INDIRECT(ADDRESS(54+3,K$2+1,,,"Instances") & ":" & ADDRESS(54+3,K$2+1))))} -> #N/A | L59: =IFERROR(SMALL(K5:K364,ROW()-ROW($L$5)+1),"") | N59: =IFERROR(SUM(L5:L59),"") -> 0 | Q59: =IF(Charts!$B$3="none",E1866,IF(K1866="",NA(),K1866)) -> #N/A | R59: =IF(Charts!$B$3="none",F1866,IF(L1866="",NA(),L1866)) -> #N/A | S59: =IF(Charts!$B$3="none",G1866,IF(M1866="",NA(),M1866)) -> #N/A | T59: =IF(Charts!$B$3="none",H1866,IF(N1866="",NA(),N1866)) -> #N/A
D60: 56 | E60: =IF(INDIRECT(ADDRESS($D60+2,E$2+1,,,"Instances"))="","",INDIRECT(ADDRESS($D60+2,E$2+1,,,"Instances"))) -> Level_1/4-1010011 | F60: =IFERROR(SMALL(E5:E364,ROW()-ROW($F$5)+1),"") | H60: =IFERROR(SUM(F5:F60),"") -> 0 | J60: 56 | K60: {=_xlfn.SWITCH(Charts!$B$3,"average", AVERAGE(INDIRECT(ADDRESS(55+3,K$2+1,,,"Instances") & ":" & ADDRESS(55+3,K$2+1))),"median", MEDIAN(INDIRECT(ADDRESS(55+3,K$2+1,,,"Instances") & ":" & ADDRESS(55+3,K$2+1))),"min", MIN(INDIRECT(ADDRESS(55+3,K$2+1,,,"Instances") & ":" & ADDRESS(55+3,K$2+1))),"max", MAX(INDIRECT(ADDRESS(55+3,K$2+1,,,"Instances") & ":" & ADDRESS(55+3,K$2+1))),"diff", MAX(INDIRECT(ADDRESS(55+3,K$2+1,,,"Instances") & ":" & ADDRESS(55+3,K$2+1)))-MIN(INDIRECT(ADDRESS(55+3,K$2+1,,,"Instances") & ":" & ADDRESS(55+3,K$2+1))))} -> #N/A | L60: =IFERROR(SMALL(K5:K364,ROW()-ROW($L$5)+1),"") | N60: =IFERROR(SUM(L5:L60),"") -> 0 | Q60: =IF(Charts!$B$3="none",E1867,IF(K1867="",NA(),K1867)) -> #N/A | R60: =IF(Charts!$B$3="none",F1867,IF(L1867="",NA(),L1867)) -> #N/A | S60: =IF(Charts!$B$3="none",G1867,IF(M1867="",NA(),M1867)) -> #N/A | T60: =IF(Charts!$B$3="none",H1867,IF(N1867="",NA(),N1867)) -> #N/A
D61: 57 | E61: =IF(INDIRECT(ADDRESS($D61+2,E$2+1,,,"Instances"))="","",INDIRECT(ADDRESS($D61+2,E$2+1,,,"Instances"))) -> Level_1/4-1011010 | F61: =IFERROR(SMALL(E5:E364,ROW()-ROW($F$5)+1),"") | H61: =IFERROR(SUM(F5:F61),"") -> 0 | J61: 57 | K61: {=_xlfn.SWITCH(Charts!$B$3,"average", AVERAGE(INDIRECT(ADDRESS(56+3,K$2+1,,,"Instances") & ":" & ADDRESS(56+3,K$2+1))),"median", MEDIAN(INDIRECT(ADDRESS(56+3,K$2+1,,,"Instances") & ":" & ADDRESS(56+3,K$2+1))),"min", MIN(INDIRECT(ADDRESS(56+3,K$2+1,,,"Instances") & ":" & ADDRESS(56+3,K$2+1))),"max", MAX(INDIRECT(ADDRESS(56+3,K$2+1,,,"Instances") & ":" & ADDRESS(56+3,K$2+1))),"diff", MAX(INDIRECT(ADDRESS(56+3,K$2+1,,,"Instances") & ":" & ADDRESS(56+3,K$2+1)))-MIN(INDIRECT(ADDRESS(56+3,K$2+1,,,"Instances") & ":" & ADDRESS(56+3,K$2+1))))} -> #N/A | L61: =IFERROR(SMALL(K5:K364,ROW()-ROW($L$5)+1),"") | N61: =IFERROR(SUM(L5:L61),"") -> 0 | Q61: =IF(Charts!$B$3="none",E1868,IF(K1868="",NA(),K1868)) -> #N/A | R61: =IF(Charts!$B$3="none",F1868,IF(L1868="",NA(),L1868)) -> #N/A | S61: =IF(Charts!$B$3="none",G1868,IF(M1868="",NA(),M1868)) -> #N/A | T61: =IF(Charts!$B$3="none",H1868,IF(N1868="",NA(),N1868)) -> #N/A
D62: 58 | E62: =IF(INDIRECT(ADDRESS($D62+2,E$2+1,,,"Instances"))="","",INDIRECT(ADDRESS($D62+2,E$2+1,,,"Instances"))) -> Level_1/5-1001111 | F62: =IFERROR(SMALL(E5:E364,ROW()-ROW($F$5)+1),"") | H62: =IFERROR(SUM(F5:F62),"") -> 0 | J62: 58 | K62: {=_xlfn.SWITCH(Charts!$B$3,"average", AVERAGE(INDIRECT(ADDRESS(57+3,K$2+1,,,"Instances") & ":" & ADDRESS(57+3,K$2+1))),"median", MEDIAN(INDIRECT(ADDRESS(57+3,K$2+1,,,"Instances") & ":" & ADDRESS(57+3,K$2+1))),"min", MIN(INDIRECT(ADDRESS(57+3,K$2+1,,,"Instances") & ":" & ADDRESS(57+3,K$2+1))),"max", MAX(INDIRECT(ADDRESS(57+3,K$2+1,,,"Instances") & ":" & ADDRESS(57+3,K$2+1))),"diff", MAX(INDIRECT(ADDRESS(57+3,K$2+1,,,"Instances") & ":" & ADDRESS(57+3,K$2+1)))-MIN(INDIRECT(ADDRESS(57+3,K$2+1,,,"Instances") & ":" & ADDRESS(57+3,K$2+1))))} -> #N/A | L62: =IFERROR(SMALL(K5:K364,ROW()-ROW($L$5)+1),"") | N62: =IFERROR(SUM(L5:L62),"") -> 0 | Q62: =IF(Charts!$B$3="none",E1869,IF(K1869="",NA(),K1869)) -> #N/A | R62: =IF(Charts!$B$3="none",F1869,IF(L1869="",NA(),L1869)) -> #N/A | S62: =IF(Charts!$B$3="none",G1869,IF(M1869="",NA(),M1869)) -> #N/A | T62: =IF(Charts!$B$3="none",H1869,IF(N1869="",NA(),N1869)) -> #N/A
D63: 59 | E63: =IF(INDIRECT(ADDRESS($D63+2,E$2+1,,,"Instances"))="","",INDIRECT(ADDRESS($D63+2,E$2+1,,,"Instances"))) -> Level_1/5-1011101 | F63: =IFERROR(SMALL(E5:E364,ROW()-ROW($F$5)+1),"") | H63: =IFERROR(SUM(F5:F63),"") -> 0 | J63: 59 | K63: {=_xlfn.SWITCH(Charts!$B$3,"average", AVERAGE(INDIRECT(ADDRESS(58+3,K$2+1,,,"Instances") & ":" & ADDRESS(58+3,K$2+1))),"median", MEDIAN(INDIRECT(ADDRESS(58+3,K$2+1,,,"Instances") & ":" & ADDRESS(58+3,K$2+1))),"min", MIN(INDIRECT(ADDRESS(58+3,K$2+1,,,"Instances") & ":" & ADDRESS(58+3,K$2+1))),"max", MAX(INDIRECT(ADDRESS(58+3,K$2+1,,,"Instances") & ":" & ADDRESS(58+3,K$2+1))),"diff", MAX(INDIRECT(ADDRESS(58+3,K$2+1,,,"Instances") & ":" & ADDRESS(58+3,K$2+1)))-MIN(INDIRECT(ADDRESS(58+3,K$2+1,,,"Instances") & ":" & ADDRESS(58+3,K$2+1))))} -> #N/A | L63: =IFERROR(SMALL(K5:K364,ROW()-ROW($L$5)+1),"") | N63: =IFERROR(SUM(L5:L63),"") -> 0 | Q63: =IF(Charts!$B$3="none",E1870,IF(K1870="",NA(),K1870)) -> #N/A | R63: =IF(Charts!$B$3="none",F1870,IF(L1870="",NA(),L1870)) -> #N/A | S63: =IF(Charts!$B$3="none",G1870,IF(M1870="",NA(),M1870)) -> #N/A | T63: =IF(Charts!$B$3="none",H1870,IF(N1870="",NA(),N1870)) -> #N/A
D64: 60 | E64: =IF(INDIRECT(ADDRESS($D64+2,E$2+1,,,"Instances"))="","",INDIRECT(ADDRESS($D64+2,E$2+1,,,"Instances"))) -> Level_1/5-1011110 | F64: =IFERROR(SMALL(E5:E364,ROW()-ROW($F$5)+1),"") | H64: =IFERROR(SUM(F5:F64),"") -> 0 | J64: 60 | K64: {=_xlfn.SWITCH(Charts!$B$3,"average", AVERAGE(INDIRECT(ADDRESS(59+3,K$2+1,,,"Instances") & ":" & ADDRESS(59+3,K$2+1))),"median", MEDIAN(INDIRECT(ADDRESS(59+3,K$2+1,,,"Instances") & ":" & ADDRESS(59+3,K$2+1))),"min", MIN(INDIRECT(ADDRESS(59+3,K$2+1,,,"Instances") & ":" & ADDRESS(59+3,K$2+1))),"max", MAX(INDIRECT(ADDRESS(59+3,K$2+1,,,"Instances") & ":" & ADDRESS(59+3,K$2+1))),"diff", MAX(INDIRECT(ADDRESS(59+3,K$2+1,,,"Instances") & ":" & ADDRESS(59+3,K$2+1)))-MIN(INDIRECT(ADDRESS(59+3,K$2+1,,,"Instances") & ":" & ADDRESS(59+3,K$2+1))))} -> #N/A | L64: =IFERROR(SMALL(K5:K364,ROW()-ROW($L$5)+1),"") | N64: =IFERROR(SUM(L5:L64),"") -> 0 | Q64: =IF(Charts!$B$3="none",E1871,IF(K1871="",NA(),K1871)) -> #N/A | R64: =IF(Charts!$B$3="none",F1871,IF(L1871="",NA(),L1871)) -> #N/A | S64: =IF(Charts!$B$3="none",G1871,IF(M1871="",NA(),M1871)) -> #N/A | T64: =IF(Charts!$B$3="none",H1871,IF(N1871="",NA(),N1871)) -> #N/A
D65: 61 | E65: =IF(INDIRECT(ADDRESS($D65+2,E$2+1,,,"Instances"))="","",INDIRECT(ADDRESS($D65+2,E$2+1,,,"Instances"))) -> Level_1/5-1101101 | F65: =IFERROR(SMALL(E5:E364,ROW()-ROW($F$5)+1),"") | H65: =IFERROR(SUM(F5:F65),"") -> 0 | J65: 61 | K65: {=_xlfn.SWITCH(Charts!$B$3,"average", AVERAGE(INDIRECT(ADDRESS(60+3,K$2+1,,,"Instances") & ":" & ADDRESS(60+3,K$2+1))),"median", MEDIAN(INDIRECT(ADDRESS(60+3,K$2+1,,,"Instances") & ":" & ADDRESS(60+3,K$2+1))),"min", MIN(INDIRECT(ADDRESS(60+3,K$2+1,,,"Instances") & ":" & ADDRESS(60+3,K$2+1))),"max", MAX(INDIRECT(ADDRESS(60+3,K$2+1,,,"Instances") & ":" & ADDRESS(60+3,K$2+1))),"diff", MAX(INDIRECT(ADDRESS(60+3,K$2+1,,,"Instances") & ":" & ADDRESS(60+3,K$2+1)))-MIN(INDIRECT(ADDRESS(60+3,K$2+1,,,"Instances") & ":" & ADDRESS(60+3,K$2+1))))} -> #N/A | L65: =IFERROR(SMALL(K5:K364,ROW()-ROW($L$5)+1),"") | N65: =IFERROR(SUM(L5:L65),"") -> 0 | Q65: =IF(Charts!$B$3="none",E1872,IF(K1872="",NA(),K1872)) -> #N/A | R65: =IF(Charts!$B$3="none",F1872,IF(L1872="",NA(),L1872)) -> #N/A | S65: =IF(Charts!$B$3="none",G1872,IF(M1872="",NA(),M1872)) -> #N/A | T65: =IF(Charts!$B$3="none",H1872,IF(N1872="",NA(),N1872)) -> #N/A
D66: 62 | E66: =IF(INDIRECT(ADDRESS($D66+2,E$2+1,,,"Instances"))="","",INDIRECT(ADDRESS($D66+2,E$2+1,,,"Instances"))) -> Level_1/5-1101110 | F66: =IFERROR(SMALL(E5:E364,ROW()-ROW($F$5)+1),"") | H66: =IFERROR(SUM(F5:F66),"") -> 0 | J66: 62 | K66: {=_xlfn.SWITCH(Charts!$B$3,"average", AVERAGE(INDIRECT(ADDRESS(61+3,K$2+1,,,"Instances") & ":" & ADDRESS(61+3,K$2+1))),"median", MEDIAN(INDIRECT(ADDRESS(61+3,K$2+1,,,"Instances") & ":" & ADDRESS(61+3,K$2+1))),"min", MIN(INDIRECT(ADDRESS(61+3,K$2+1,,,"Instances") & ":" & ADDRESS(61+3,K$2+1))),"max", MAX(INDIRECT(ADDRESS(61+3,K$2+1,,,"Instances") & ":" & ADDRESS(61+3,K$2+1))),"diff", MAX(INDIRECT(ADDRESS(61+3,K$2+1,,,"Instances") & ":" & ADDRESS(61+3,K$2+1)))-MIN(INDIRECT(ADDRESS(61+3,K$2+1,,,"Instances") & ":" & ADDRESS(61+3,K$2+1))))} -> #N/A | L66: =IFERROR(SMALL(K5:K364,ROW()-ROW($L$5)+1),"") | N66: =IFERROR(SUM(L5:L66),"") -> 0 | Q66: =IF(Charts!$B$3="none",E1873,IF(K1873="",NA(),K1873)) -> #N/A | R66: =IF(Charts!$B$3="none",F1873,IF(L1873="",NA(),L1873)) -> #N/A | S66: =IF(Charts!$B$3="none",G1873,IF(M1873="",NA(),M1873)) -> #N/A | T66: =IF(Charts!$B$3="none",H1873,IF(N1873="",NA(),N1873)) -> #N/A
D67: 63 | E67: =IF(INDIRECT(ADDRESS($D67+2,E$2+1,,,"Instances"))="","",INDIRECT(ADDRESS($D67+2,E$2+1,,,"Instances"))) -> Level_1/5-1110011 | F67: =IFERROR(SMALL(E5:E364,ROW()-ROW($F$5)+1),"") | H67: =IFERROR(SUM(F5:F67),"") -> 0 | J67: 63 | K67: {=_xlfn.SWITCH(Charts!$B$3,"average", AVERAGE(INDIRECT(ADDRESS(62+3,K$2+1,,,"Instances") & ":" & ADDRESS(62+3,K$2+1))),"median", MEDIAN(INDIRECT(ADDRESS(62+3,K$2+1,,,"Instances") & ":" & ADDRESS(62+3,K$2+1))),"min", MIN(INDIRECT(ADDRESS(62+3,K$2+1,,,"Instances") & ":" & ADDRESS(62+3,K$2+1))),"max", MAX(INDIRECT(ADDRESS(62+3,K$2+1,,,"Instances") & ":" & ADDRESS(62+3,K$2+1))),"diff", MAX(INDIRECT(ADDRESS(62+3,K$2+1,,,"Instances") & ":" & ADDRESS(62+3,K$2+1)))-MIN(INDIRECT(ADDRESS(62+3,K$2+1,,,"Instances") & ":" & ADDRESS(62+3,K$2+1))))} -> #N/A | L67: =IFERROR(SMALL(K5:K364,ROW()-ROW($L$5)+1),"") | N67: =IFERROR(SUM(L5:L67),"") -> 0 | Q67: =IF(Charts!$B$3="none",E1874,IF(K1874="",NA(),K1874)) -> #N/A | R67: =IF(Charts!$B$3="none",F1874,IF(L1874="",NA(),L1874)) -> #N/A | S67: =IF(Charts!$B$3="none",G1874,IF(M1874="",NA(),M1874)) -> #N/A | T67: =IF(Charts!$B$3="none",H1874,IF(N1874="",NA(),N1874)) -> #N/A
D68: 64 | E68: =IF(INDIRECT(ADDRESS($D68+2,E$2+1,,,"Instances"))="","",INDIRECT(ADDRESS($D68+2,E$2+1,,,"Instances"))) -> Level_1/5-1110110 | F68: =IFERROR(SMALL(E5:E364,ROW()-ROW($F$5)+1),"") | H68: =IFERROR(SUM(F5:F68),"") -> 0 | J68: 64 | K68: {=_xlfn.SWITCH(Charts!$B$3,"average", AVERAGE(INDIRECT(ADDRESS(63+3,K$2+1,,,"Instances") & ":" & ADDRESS(63+3,K$2+1))),"median", MEDIAN(INDIRECT(ADDRESS(63+3,K$2+1,,,"Instances") & ":" & ADDRESS(63+3,K$2+1))),"min", MIN(INDIRECT(ADDRESS(63+3,K$2+1,,,"Instances") & ":" & ADDRESS(63+3,K$2+1))),"max", MAX(INDIRECT(ADDRESS(63+3,K$2+1,,,"Instances") & ":" & ADDRESS(63+3,K$2+1))),"diff", MAX(INDIRECT(ADDRESS(63+3,K$2+1,,,"Instances") & ":" & ADDRESS(63+3,K$2+1)))-MIN(INDIRECT(ADDRESS(63+3,K$2+1,,,"Instances") & ":" & ADDRESS(63+3,K$2+1))))} -> #N/A | L68: =IFERROR(SMALL(K5:K364,ROW()-ROW($L$5)+1),"") | N68: =IFERROR(SUM(L5:L68),"") -> 0 | Q68: =IF(Charts!$B$3="none",E1875,IF(K1875="",NA(),K1875)) -> #N/A | R68: =IF(Charts!$B$3="none",F1875,IF(L1875="",NA(),L1875)) -> #N/A | S68: =IF(Charts!$B$3="none",G1875,IF(M1875="",NA(),M1875)) -> #N/A | T68: =IF(Charts!$B$3="none",H1875,IF(N1875="",NA(),N1875)) -> #N/A
D69: 65 | E69: =IF(INDIRECT(ADDRESS($D69+2,E$2+1,,,"Instances"))="","",INDIRECT(ADDRESS($D69+2,E$2+1,,,"Instances"))) -> Level_1/6-0111111 | F69: =IFERROR(SMALL(E5:E364,ROW()-ROW($F$5)+1),"") | H69: =IFERROR(SUM(F5:F69),"") -> 0 | J69: 65 | K69: {=_xlfn.SWITCH(Charts!$B$3,"average", AVERAGE(INDIRECT(ADDRESS(64+3,K$2+1,,,"Instances") & ":" & ADDRESS(64+3,K$2+1))),"median", MEDIAN(INDIRECT(ADDRESS(64+3,K$2+1,,,"Instances") & ":" & ADDRESS(64+3,K$2+1))),"min", MIN(INDIRECT(ADDRESS(64+3,K$2+1,,,"Instances") & ":" & ADDRESS(64+3,K$2+1))),"max", MAX(INDIRECT(ADDRESS(64+3,K$2+1,,,"Instances") & ":" & ADDRESS(64+3,K$2+1))),"diff", MAX(INDIRECT(ADDRESS(64+3,K$2+1,,,"Instances") & ":" & ADDRESS(64+3,K$2+1)))-MIN(INDIRECT(ADDRESS(64+3,K$2+1,,,"Instances") & ":" & ADDRESS(64+3,K$2+1))))} -> #N/A | L69: =IFERROR(SMALL(K5:K364,ROW()-ROW($L$5)+1),"") | N69: =IFERROR(SUM(L5:L69),"") -> 0 | Q69: =IF(Charts!$B$3="none",E1876,IF(K1876="",NA(),K1876)) -> #N/A | R69: =IF(Charts!$B$3="none",F1876,IF(L1876="",NA(),L1876)) -> #N/A | S69: =IF(Charts!$B$3="none",G1876,IF(M1876="",NA(),M1876)) -> #N/A | T69: =IF(Charts!$B$3="none",H1876,IF(N1876="",NA(),N1876)) -> #N/A
D70: 66 | E70: =IF(INDIRECT(ADDRESS($D70+2,E$2+1,,,"Instances"))="","",INDIRECT(ADDRESS($D70+2,E$2+1,,,"Instances"))) -> Level_1/6-1011111 | F70: =IFERROR(SMALL(E5:E364,ROW()-ROW($F$5)+1),"") | H70: =IFERROR(SUM(F5:F70),"") -> 0 | J70: 66 | K70: {=_xlfn.SWITCH(Charts!$B$3,"average", AVERAGE(INDIRECT(ADDRESS(65+3,K$2+1,,,"Instances") & ":" & ADDRESS(65+3,K$2+1))),"median", MEDIAN(INDIRECT(ADDRESS(65+3,K$2+1,,,"Instances") & ":" & ADDRESS(65+3,K$2+1))),"min", MIN(INDIRECT(ADDRESS(65+3,K$2+1,,,"Instances") & ":" & ADDRESS(65+3,K$2+1))),"max", MAX(INDIRECT(ADDRESS(65+3,K$2+1,,,"Instances") & ":" & ADDRESS(65+3,K$2+1))),"diff", MAX(INDIRECT(ADDRESS(65+3,K$2+1,,,"Instances") & ":" & ADDRESS(65+3,K$2+1)))-MIN(INDIRECT(ADDRESS(65+3,K$2+1,,,"Instances") & ":" & ADDRESS(65+3,K$2+1))))} -> #N/A | L70: =IFERROR(SMALL(K5:K364,ROW()-ROW($L$5)+1),"") | N70: =IFERROR(SUM(L5:L70),"") -> 0 | Q70: =IF(Charts!$B$3="none",E1877,IF(K1877="",NA(),K1877)) -> #N/A | R70: =IF(Charts!$B$3="none",F1877,IF(L1877="",NA(),L1877)) -> #N/A | S70: =IF(Charts!$B$3="none",G1877,IF(M1877="",NA(),M1877)) -> #N/A | T70: =IF(Charts!$B$3="none",H1877,IF(N1877="",NA(),N1877)) -> #N/A
D71: 67 | E71: =IF(INDIRECT(ADDRESS($D71+2,E$2+1,,,"Instances"))="","",INDIRECT(ADDRESS($D71+2,E$2+1,,,"Instances"))) -> Level_1/6-1101111 | F71: =IFERROR(SMALL(E5:E364,ROW()-ROW($F$5)+1),"") | H71: =IFERROR(SUM(F5:F71),"") -> 0 | J71: 67 | K71: {=_xlfn.SWITCH(Charts!$B$3,"average", AVERAGE(INDIRECT(ADDRESS(66+3,K$2+1,,,"Instances") & ":" & ADDRESS(66+3,K$2+1))),"median", MEDIAN(INDIRECT(ADDRESS(66+3,K$2+1,,,"Instances") & ":" & ADDRESS(66+3,K$2+1))),"min", MIN(INDIRECT(ADDRESS(66+3,K$2+1,,,"Instances") & ":" & ADDRESS(66+3,K$2+1))),"max", MAX(INDIRECT(ADDRESS(66+3,K$2+1,,,"Instances") & ":" & ADDRESS(66+3,K$2+1))),"diff", MAX(INDIRECT(ADDRESS(66+3,K$2+1,,,"Instances") & ":" & ADDRESS(66+3,K$2+1)))-MIN(INDIRECT(ADDRESS(66+3,K$2+1,,,"Instances") & ":" & ADDRESS(66+3,K$2+1))))} -> #N/A | L71: =IFERROR(SMALL(K5:K364,ROW()-ROW($L$5)+1),"") | N71: =IFERROR(SUM(L5:L71),"") -> 0 | Q71: =IF(Charts!$B$3="none",E1878,IF(K1878="",NA(),K1878)) -> #N/A | R71: =IF(Charts!$B$3="none",F1878,IF(L1878="",NA(),L1878)) -> #N/A | S71: =IF(Charts!$B$3="none",G1878,IF(M1878="",NA(),M1878)) -> #N/A | T71: =IF(Charts!$B$3="none",H1878,IF(N1878="",NA(),N1878)) -> #N/A
D72: 68 | E72: =IF(INDIRECT(ADDRESS($D72+2,E$2+1,,,"Instances"))="","",INDIRECT(ADDRESS($D72+2,E$2+1,,,"Instances"))) -> Level_1/6-1110111 | F72: =IFERROR(SMALL(E5:E364,ROW()-ROW($F$5)+1),"") | H72: =IFERROR(SUM(F5:F72),"") -> 0 | J72: 68 | K72: {=_xlfn.SWITCH(Charts!$B$3,"average", AVERAGE(INDIRECT(ADDRESS(67+3,K$2+1,,,"Instances") & ":" & ADDRESS(67+3,K$2+1))),"median", MEDIAN(INDIRECT(ADDRESS(67+3,K$2+1,,,"Instances") & ":" & ADDRESS(67+3,K$2+1))),"min", MIN(INDIRECT(ADDRESS(67+3,K$2+1,,,"Instances") & ":" & ADDRESS(67+3,K$2+1))),"max", MAX(INDIRECT(ADDRESS(67+3,K$2+1,,,"Instances") & ":" & ADDRESS(67+3,K$2+1))),"diff", MAX(INDIRECT(ADDRESS(67+3,K$2+1,,,"Instances") & ":" & ADDRESS(67+3,K$2+1)))-MIN(INDIRECT(ADDRESS(67+3,K$2+1,,,"Instances") & ":" & ADDRESS(67+3,K$2+1))))} -> #N/A | L72: =IFERROR(SMALL(K5:K364,ROW()-ROW($L$5)+1),"") | N72: =IFERROR(SUM(L5:L72),"") -> 0 | Q72: =IF(Charts!$B$3="none",E1879,IF(K1879="",NA(),K1879)) -> #N/A | R72: =IF(Charts!$B$3="none",F1879,IF(L1879="",NA(),L1879)) -> #N/A | S72: =IF(Charts!$B$3="none",G1879,IF(M1879="",NA(),M1879)) -> #N/A | T72: =IF(Charts!$B$3="none",H1879,IF(N1879="",NA(),N1879)) -> #N/A
D73: 69 | E73: =IF(INDIRECT(ADDRESS($D73+2,E$2+1,,,"Instances"))="","",INDIRECT(ADDRESS($D73+2,E$2+1,,,"Instances"))) -> Level_1/6-1111011 | F73: =IFERROR(SMALL(E5:E364,ROW()-ROW($F$5)+1),"") | H73: =IFERROR(SUM(F5:F73),"") -> 0 | J73: 69 | K73: {=_xlfn.SWITCH(Charts!$B$3,"average", AVERAGE(INDIRECT(ADDRESS(68+3,K$2+1,,,"Instances") & ":" & ADDRESS(68+3,K$2+1))),"median", MEDIAN(INDIRECT(ADDRESS(68+3,K$2+1,,,"Instances") & ":" & ADDRESS(68+3,K$2+1))),"min", MIN(INDIRECT(ADDRESS(68+3,K$2+1,,,"Instances") & ":" & ADDRESS(68+3,K$2+1))),"max", MAX(INDIRECT(ADDRESS(68+3,K$2+1,,,"Instances") & ":" & ADDRESS(68+3,K$2+1))),"diff", MAX(INDIRECT(ADDRESS(68+3,K$2+1,,,"Instances") & ":" & ADDRESS(68+3,K$2+1)))-MIN(INDIRECT(ADDRESS(68+3,K$2+1,,,"Instances") & ":" & ADDRESS(68+3,K$2+1))))} -> #N/A | L73: =IFERROR(SMALL(K5:K364,ROW()-ROW($L$5)+1),"") | N73: =IFERROR(SUM(L5:L73),"") -> 0 | Q73: =IF(Charts!$B$3="none",E1880,IF(K1880="",NA(),K1880)) -> #N/A | R73: =IF(Charts!$B$3="none",F1880,IF(L1880="",NA(),L1880)) -> #N/A | S73: =IF(Charts!$B$3="none",G1880,IF(M1880="",NA(),M1880)) -> #N/A | T73: =IF(Charts!$B$3="none",H1880,IF(N1880="",NA(),N1880)) -> #N/A
D74: 70 | E74: =IF(INDIRECT(ADDRESS($D74+2,E$2+1,,,"Instances"))="","",INDIRECT(ADDRESS($D74+2,E$2+1,,,"Instances"))) -> Level_1/6-1111101 | F74: =IFERROR(SMALL(E5:E364,ROW()-ROW($F$5)+1),"") | H74: =IFERROR(SUM(F5:F74),"") -> 0 | J74: 70 | K74: {=_xlfn.SWITCH(Charts!$B$3,"average", AVERAGE(INDIRECT(ADDRESS(69+3,K$2+1,,,"Instances") & ":" & ADDRESS(69+3,K$2+1))),"median", MEDIAN(INDIRECT(ADDRESS(69+3,K$2+1,,,"Instances") & ":" & ADDRESS(69+3,K$2+1))),"min", MIN(INDIRECT(ADDRESS(69+3,K$2+1,,,"Instances") & ":" & ADDRESS(69+3,K$2+1))),"max", MAX(INDIRECT(ADDRESS(69+3,K$2+1,,,"Instances") & ":" & ADDRESS(69+3,K$2+1))),"diff", MAX(INDIRECT(ADDRESS(69+3,K$2+1,,,"Instances") & ":" & ADDRESS(69+3,K$2+1)))-MIN(INDIRECT(ADDRESS(69+3,K$2+1,,,"Instances") & ":" & ADDRESS(69+3,K$2+1))))} -> #N/A | L74: =IFERROR(SMALL(K5:K364,ROW()-ROW($L$5)+1),"") | N74: =IFERROR(SUM(L5:L74),"") -> 0 | Q74: =IF(Charts!$B$3="none",E1881,IF(K1881="",NA(),K1881)) -> #N/A | R74: =IF(Charts!$B$3="none",F1881,IF(L1881="",NA(),L1881)) -> #N/A | S74: =IF(Charts!$B$3="none",G1881,IF(M1881="",NA(),M1881)) -> #N/A | T74: =IF(Charts!$B$3="none",H1881,IF(N1881="",NA(),N1881)) -> #N/A
D75: 71 | E75: =IF(INDIRECT(ADDRESS($D75+2,E$2+1,,,"Instances"))="","",INDIRECT(ADDRESS($D75+2,E$2+1,,,"Instances"))) -> Level_1/6-1111110 | F75: =IFERROR(SMALL(E5:E364,ROW()-ROW($F$5)+1),"") | H75: =IFERROR(SUM(F5:F75),"") -> 0 | J75: 71 | K75: {=_xlfn.SWITCH(Charts!$B$3,"average", AVERAGE(INDIRECT(ADDRESS(70+3,K$2+1,,,"Instances") & ":" & ADDRESS(70+3,K$2+1))),"median", MEDIAN(INDIRECT(ADDRESS(70+3,K$2+1,,,"Instances") & ":" & ADDRESS(70+3,K$2+1))),"min", MIN(INDIRECT(ADDRESS(70+3,K$2+1,,,"Instances") & ":" & ADDRESS(70+3,K$2+1))),"max", MAX(INDIRECT(ADDRESS(70+3,K$2+1,,,"Instances") & ":" & ADDRESS(70+3,K$2+1))),"diff", MAX(INDIRECT(ADDRESS(70+3,K$2+1,,,"Instances") & ":" & ADDRESS(70+3,K$2+1)))-MIN(INDIRECT(ADDRESS(70+3,K$2+1,,,"Instances") & ":" & ADDRESS(70+3,K$2+1))))} -> #N/A | L75: =IFERROR(SMALL(K5:K364,ROW()-ROW($L$5)+1),"") | N75: =IFERROR(SUM(L5:L75),"") -> 0 | Q75: =IF(Charts!$B$3="none",E1882,IF(K1882="",NA(),K1882)) -> #N/A | R75: =IF(Charts!$B$3="none",F1882,IF(L1882="",NA(),L1882)) -> #N/A | S75: =IF(Charts!$B$3="none",G1882,IF(M1882="",NA(),M1882)) -> #N/A | T75: =IF(Charts!$B$3="none",H1882,IF(N1882="",NA(),N1882)) -> #N/A
D76: 72 | E76: =IF(INDIRECT(ADDRESS($D76+2,E$2+1,,,"Instances"))="","",INDIRECT(ADDRESS($D76+2,E$2+1,,,"Instances"))) -> Level_1/7-1111111 | F76: =IFERROR(SMALL(E5:E364,ROW()-ROW($F$5)+1),"") | H76: =IFERROR(SUM(F5:F76),"") -> 0 | J76: 72 | K76: {=_xlfn.SWITCH(Charts!$B$3,"average", AVERAGE(INDIRECT(ADDRESS(71+3,K$2+1,,,"Instances") & ":" & ADDRESS(71+3,K$2+1))),"median", MEDIAN(INDIRECT(ADDRESS(71+3,K$2+1,,,"Instances") & ":" & ADDRESS(71+3,K$2+1))),"min", MIN(INDIRECT(ADDRESS(71+3,K$2+1,,,"Instances") & ":" & ADDRESS(71+3,K$2+1))),"max", MAX(INDIRECT(ADDRESS(71+3,K$2+1,,,"Instances") & ":" & ADDRESS(71+3,K$2+1))),"diff", MAX(INDIRECT(ADDRESS(71+3,K$2+1,,,"Instances") & ":" & ADDRESS(71+3,K$2+1)))-MIN(INDIRECT(ADDRESS(71+3,K$2+1,,,"Instances") & ":" & ADDRESS(71+3,K$2+1))))} -> #N/A | L76: =IFERROR(SMALL(K5:K364,ROW()-ROW($L$5)+1),"") | N76: =IFERROR(SUM(L5:L76),"") -> 0 | Q76: =IF(Charts!$B$3="none",E1883,IF(K1883="",NA(),K1883)) -> #N/A | R76: =IF(Charts!$B$3="none",F1883,IF(L1883="",NA(),L1883)) -> #N/A | S76: =IF(Charts!$B$3="none",G1883,IF(M1883="",NA(),M1883)) -> #N/A | T76: =IF(Charts!$B$3="none",H1883,IF(N1883="",NA(),N1883)) -> #N/A
D77: 73 | E77: =IF(INDIRECT(ADDRESS($D77+2,E$2+1,,,"Instances"))="","",INDIRECT(ADDRESS($D77+2,E$2+1,,,"Instances"))) -> Level_2/2-0000101 | F77: =IFERROR(SMALL(E5:E364,ROW()-ROW($F$5)+1),"") | H77: =IFERROR(SUM(F5:F77),"") -> 0 | J77: 73 | K77: {=_xlfn.SWITCH(Charts!$B$3,"average", AVERAGE(INDIRECT(ADDRESS(72+3,K$2+1,,,"Instances") & ":" & ADDRESS(72+3,K$2+1))),"median", MEDIAN(INDIRECT(ADDRESS(72+3,K$2+1,,,"Instances") & ":" & ADDRESS(72+3,K$2+1))),"min", MIN(INDIRECT(ADDRESS(72+3,K$2+1,,,"Instances") & ":" & ADDRESS(72+3,K$2+1))),"max", MAX(INDIRECT(ADDRESS(72+3,K$2+1,,,"Instances") & ":" & ADDRESS(72+3,K$2+1))),"diff", MAX(INDIRECT(ADDRESS(72+3,K$2+1,,,"Instances") & ":" & ADDRESS(72+3,K$2+1)))-MIN(INDIRECT(ADDRESS(72+3,K$2+1,,,"Instances") & ":" & ADDRESS(72+3,K$2+1))))} -> #N/A | L77: =IFERROR(SMALL(K5:K364,ROW()-ROW($L$5)+1),"") | N77: =IFERROR(SUM(L5:L77),"") -> 0 | Q77: =IF(Charts!$B$3="none",E1884,IF(K1884="",NA(),K1884)) -> #N/A | R77: =IF(Charts!$B$3="none",F1884,IF(L1884="",NA(),L1884)) -> #N/A | S77: =IF(Charts!$B$3="none",G1884,IF(M1884="",NA(),M1884)) -> #N/A | T77: =IF(Charts!$B$3="none",H1884,IF(N1884="",NA(),N1884)) -> #N/A
D78: 74 | E78: =IF(INDIRECT(ADDRESS($D78+2,E$2+1,,,"Instances"))="","",INDIRECT(ADDRESS($D78+2,E$2+1,,,"Instances"))) -> Level_2/2-0001100 | F78: =IFERROR(SMALL(E5:E364,ROW()-ROW($F$5)+1),"") | H78: =IFERROR(SUM(F5:F78),"") -> 0 | J78: 74 | K78: {=_xlfn.SWITCH(Charts!$B$3,"average", AVERAGE(INDIRECT(ADDRESS(73+3,K$2+1,,,"Instances") & ":" & ADDRESS(73+3,K$2+1))),"median", MEDIAN(INDIRECT(ADDRESS(73+3,K$2+1,,,"Instances") & ":" & ADDRESS(73+3,K$2+1))),"min", MIN(INDIRECT(ADDRESS(73+3,K$2+1,,,"Instances") & ":" & ADDRESS(73+3,K$2+1))),"max", MAX(INDIRECT(ADDRESS(73+3,K$2+1,,,"Instances") & ":" & ADDRESS(73+3,K$2+1))),"diff", MAX(INDIRECT(ADDRESS(73+3,K$2+1,,,"Instances") & ":" & ADDRESS(73+3,K$2+1)))-MIN(INDIRECT(ADDRESS(73+3,K$2+1,,,"Instances") & ":" & ADDRESS(73+3,K$2+1))))} -> #N/A | L78: =IFERROR(SMALL(K5:K364,ROW()-ROW($L$5)+1),"") | N78: =IFERROR(SUM(L5:L78),"") -> 0 | Q78: =IF(Charts!$B$3="none",E1885,IF(K1885="",NA(),K1885)) -> #N/A | R78: =IF(Charts!$B$3="none",F1885,IF(L1885="",NA(),L1885)) -> #N/A | S78: =IF(Charts!$B$3="none",G1885,IF(M1885="",NA(),M1885)) -> #N/A | T78: =IF(Charts!$B$3="none",H1885,IF(N1885="",NA(),N1885)) -> #N/A
D79: 75 | E79: =IF(INDIRECT(ADDRESS($D79+2,E$2+1,,,"Instances"))="","",INDIRECT(ADDRESS($D79+2,E$2+1,,,"Instances"))) -> Level_2/2-0010010 | F79: =IFERROR(SMALL(E5:E364,ROW()-ROW($F$5)+1),"") | H79: =IFERROR(SUM(F5:F79),"") -> 0 | J79: 75 | K79: {=_xlfn.SWITCH(Charts!$B$3,"average", AVERAGE(INDIRECT(ADDRESS(74+3,K$2+1,,,"Instances") & ":" & ADDRESS(74+3,K$2+1))),"median", MEDIAN(INDIRECT(ADDRESS(74+3,K$2+1,,,"Instances") & ":" & ADDRESS(74+3,K$2+1))),"min", MIN(INDIRECT(ADDRESS(74+3,K$2+1,,,"Instances") & ":" & ADDRESS(74+3,K$2+1))),"max", MAX(INDIRECT(ADDRESS(74+3,K$2+1,,,"Instances") & ":" & ADDRESS(74+3,K$2+1))),"diff", MAX(INDIRECT(ADDRESS(74+3,K$2+1,,,"Instances") & ":" & ADDRESS(74+3,K$2+1)))-MIN(INDIRECT(ADDRESS(74+3,K$2+1,,,"Instances") & ":" & ADDRESS(74+3,K$2+1))))} -> #N/A | L79: =IFERROR(SMALL(K5:K364,ROW()-ROW($L$5)+1),"") | N79: =IFERROR(SUM(L5:L79),"") -> 0 | Q79: =IF(Charts!$B$3="none",E1886,IF(K1886="",NA(),K1886)) -> #N/A | R79: =IF(Charts!$B$3="none",F1886,IF(L1886="",NA(),L1886)) -> #N/A | S79: =IF(Charts!$B$3="none",G1886,IF(M1886="",NA(),M1886)) -> #N/A | T79: =IF(Charts!$B$3="none",H1886,IF(N1886="",NA(),N1886)) -> #N/A
D80: 76 | E80: =IF(INDIRECT(ADDRESS($D80+2,E$2+1,,,"Instances"))="","",INDIRECT(ADDRESS($D80+2,E$2+1,,,"Instances"))) -> Level_2/2-0011000 | F80: =IFERROR(SMALL(E5:E364,ROW()-ROW($F$5)+1),"") | H80: =IFERROR(SUM(F5:F80),"") -> 0 | J80: 76 | K80: {=_xlfn.SWITCH(Charts!$B$3,"average", AVERAGE(INDIRECT(ADDRESS(75+3,K$2+1,,,"Instances") & ":" & ADDRESS(75+3,K$2+1))),"median", MEDIAN(INDIRECT(ADDRESS(75+3,K$2+1,,,"Instances") & ":" & ADDRESS(75+3,K$2+1))),"min", MIN(INDIRECT(ADDRESS(75+3,K$2+1,,,"Instances") & ":" & ADDRESS(75+3,K$2+1))),"max", MAX(INDIRECT(ADDRESS(75+3,K$2+1,,,"Instances") & ":" & ADDRESS(75+3,K$2+1))),"diff", MAX(INDIRECT(ADDRESS(75+3,K$2+1,,,"Instances") & ":" & ADDRESS(75+3,K$2+1)))-MIN(INDIRECT(ADDRESS(75+3,K$2+1,,,"Instances") & ":" & ADDRESS(75+3,K$2+1))))} -> #N/A | L80: =IFERROR(SMALL(K5:K364,ROW()-ROW($L$5)+1),"") | N80: =IFERROR(SUM(L5:L80),"") -> 0 | Q80: =IF(Charts!$B$3="none",E1887,IF(K1887="",NA(),K1887)) -> #N/A | R80: =IF(Charts!$B$3="none",F1887,IF(L1887="",NA(),L1887)) -> #N/A | S80: =IF(Charts!$B$3="none",G1887,IF(M1887="",NA(),M1887)) -> #N/A | T80: =IF(Charts!$B$3="none",H1887,IF(N1887="",NA(),N1887)) -> #N/A
D81: 77 | E81: =IF(INDIRECT(ADDRESS($D81+2,E$2+1,,,"Instances"))="","",INDIRECT(ADDRESS($D81+2,E$2+1,,,"Instances"))) -> Level_2/2-0100010 | F81: =IFERROR(SMALL(E5:E364,ROW()-ROW($F$5)+1),"") | H81: =IFERROR(SUM(F5:F81),"") -> 0 | J81: 77 | K81: {=_xlfn.SWITCH(Charts!$B$3,"average", AVERAGE(INDIRECT(ADDRESS(76+3,K$2+1,,,"Instances") & ":" & ADDRESS(76+3,K$2+1))),"median", MEDIAN(INDIRECT(ADDRESS(76+3,K$2+1,,,"Instances") & ":" & ADDRESS(76+3,K$2+1))),"min", MIN(INDIRECT(ADDRESS(76+3,K$2+1,,,"Instances") & ":" & ADDRESS(76+3,K$2+1))),"max", MAX(INDIRECT(ADDRESS(76+3,K$2+1,,,"Instances") & ":" & ADDRESS(76+3,K$2+1))),"diff", MAX(INDIRECT(ADDRESS(76+3,K$2+1,,,"Instances") & ":" & ADDRESS(76+3,K$2+1)))-MIN(INDIRECT(ADDRESS(76+3,K$2+1,,,"Instances") & ":" & ADDRESS(76+3,K$2+1))))} -> #N/A | L81: =IFERROR(SMALL(K5:K364,ROW()-ROW($L$5)+1),"") | N81: =IFERROR(SUM(L5:L81),"") -> 0 | Q81: =IF(Charts!$B$3="none",E1888,IF(K1888="",NA(),K1888)) -> #N/A | R81: =IF(Charts!$B$3="none",F1888,IF(L1888="",NA(),L1888)) -> #N/A | S81: =IF(Charts!$B$3="none",G1888,IF(M1888="",NA(),M1888)) -> #N/A | T81: =IF(Charts!$B$3="none",H1888,IF(N1888="",NA(),N1888)) -> #N/A
D82: 78 | E82: =IF(INDIRECT(ADDRESS($D82+2,E$2+1,,,"Instances"))="","",INDIRECT(ADDRESS($D82+2,E$2+1,,,"Instances"))) -> Level_2/2-0110000 | F82: =IFERROR(SMALL(E5:E364,ROW()-ROW($F$5)+1),"") | H82: =IFERROR(SUM(F5:F82),"") -> 0 | J82: 78 | K82: {=_xlfn.SWITCH(Charts!$B$3,"average", AVERAGE(INDIRECT(ADDRESS(77+3,K$2+1,,,"Instances") & ":" & ADDRESS(77+3,K$2+1))),"median", MEDIAN(INDIRECT(ADDRESS(77+3,K$2+1,,,"Instances") & ":" & ADDRESS(77+3,K$2+1))),"min", MIN(INDIRECT(ADDRESS(77+3,K$2+1,,,"Instances") & ":" & ADDRESS(77+3,K$2+1))),"max", MAX(INDIRECT(ADDRESS(77+3,K$2+1,,,"Instances") & ":" & ADDRESS(77+3,K$2+1))),"diff", MAX(INDIRECT(ADDRESS(77+3,K$2+1,,,"Instances") & ":" & ADDRESS(77+3,K$2+1)))-MIN(INDIRECT(ADDRESS(77+3,K$2+1,,,"Instances") & ":" & ADDRESS(77+3,K$2+1))))} -> #N/A | L82: =IFERROR(SMALL(K5:K364,ROW()-ROW($L$5)+1),"") | N82: =IFERROR(SUM(L5:L82),"") -> 0 | Q82: =IF(Charts!$B$3="none",E1889,IF(K1889="",NA(),K1889)) -> #N/A | R82: =IF(Charts!$B$3="none",F1889,IF(L1889="",NA(),L1889)) -> #N/A | S82: =IF(Charts!$B$3="none",G1889,IF(M1889="",NA(),M1889)) -> #N/A | T82: =IF(Charts!$B$3="none",H1889,IF(N1889="",NA(),N1889)) -> #N/A
D83: 79 | E83: =IF(INDIRECT(ADDRESS($D83+2,E$2+1,,,"Instances"))="","",INDIRECT(ADDRESS($D83+2,E$2+1,,,"Instances"))) -> Level_2/2-1000100 | F83: =IFERROR(SMALL(E5:E364,ROW()-ROW($F$5)+1),"") | H83: =IFERROR(SUM(F5:F83),"") -> 0 | J83: 79 | K83: {=_xlfn.SWITCH(Charts!$B$3,"average", AVERAGE(INDIRECT(ADDRESS(78+3,K$2+1,,,"Instances") & ":" & ADDRESS(78+3,K$2+1))),"median", MEDIAN(INDIRECT(ADDRESS(78+3,K$2+1,,,"Instances") & ":" & ADDRESS(78+3,K$2+1))),"min", MIN(INDIRECT(ADDRESS(78+3,K$2+1,,,"Instances") & ":" & ADDRESS(78+3,K$2+1))),"max", MAX(INDIRECT(ADDRESS(78+3,K$2+1,,,"Instances") & ":" & ADDRESS(78+3,K$2+1))),"diff", MAX(INDIRECT(ADDRESS(78+3,K$2+1,,,"Instances") & ":" & ADDRESS(78+3,K$2+1)))-MIN(INDIRECT(ADDRESS(78+3,K$2+1,,,"Instances") & ":" & ADDRESS(78+3,K$2+1))))} -> #N/A | L83: =IFERROR(SMALL(K5:K364,ROW()-ROW($L$5)+1),"") | N83: =IFERROR(SUM(L5:L83),"") -> 0 | Q83: =IF(Charts!$B$3="none",E1890,IF(K1890="",NA(),K1890)) -> #N/A | R83: =IF(Charts!$B$3="none",F1890,IF(L1890="",NA(),L1890)) -> #N/A | S83: =IF(Charts!$B$3="none",G1890,IF(M1890="",NA(),M1890)) -> #N/A | T83: =IF(Charts!$B$3="none",H1890,IF(N1890="",NA(),N1890)) -> #N/A
D84: 80 | E84: =IF(INDIRECT(ADDRESS($D84+2,E$2+1,,,"Instances"))="","",INDIRECT(ADDRESS($D84+2,E$2+1,,,"Instances"))) -> Level_2/3-0011100 | F84: =IFERROR(SMALL(E5:E364,ROW()-ROW($F$5)+1),"") | H84: =IFERROR(SUM(F5:F84),"") -> 0 | J84: 80 | K84: {=_xlfn.SWITCH(Charts!$B$3,"average", AVERAGE(INDIRECT(ADDRESS(79+3,K$2+1,,,"Instances") & ":" & ADDRESS(79+3,K$2+1))),"median", MEDIAN(INDIRECT(ADDRESS(79+3,K$2+1,,,"Instances") & ":" & ADDRESS(79+3,K$2+1))),"min", MIN(INDIRECT(ADDRESS(79+3,K$2+1,,,"Instances") & ":" & ADDRESS(79+3,K$2+1))),"max", MAX(INDIRECT(ADDRESS(79+3,K$2+1,,,"Instances") & ":" & ADDRESS(79+3,K$2+1))),"diff", MAX(INDIRECT(ADDRESS(79+3,K$2+1,,,"Instances") & ":" & ADDRESS(79+3,K$2+1)))-MIN(INDIRECT(ADDRESS(79+3,K$2+1,,,"Instances") & ":" & ADDRESS(79+3,K$2+1))))} -> #N/A | L84: =IFERROR(SMALL(K5:K364,ROW()-ROW($L$5)+1),"") | N84: =IFERROR(SUM(L5:L84),"") -> 0 | Q84: =IF(Charts!$B$3="none",E1891,IF(K1891="",NA(),K1891)) -> #N/A | R84: =IF(Charts!$B$3="none",F1891,IF(L1891="",NA(),L1891)) -> #N/A | S84: =IF(Charts!$B$3="none",G1891,IF(M1891="",NA(),M1891)) -> #N/A | T84: =IF(Charts!$B$3="none",H1891,IF(N1891="",NA(),N1891)) -> #N/A
D85: 81 | E85: =IF(INDIRECT(ADDRESS($D85+2,E$2+1,,,"Instances"))="","",INDIRECT(ADDRESS($D85+2,E$2+1,,,"Instances"))) -> Level_2/3-0101010 | F85: =IFERROR(SMALL(E5:E364,ROW()-ROW($F$5)+1),"") | H85: =IFERROR(SUM(F5:F85),"") -> 0 | J85: 81 | K85: {=_xlfn.SWITCH(Charts!$B$3,"average", AVERAGE(INDIRECT(ADDRESS(80+3,K$2+1,,,"Instances") & ":" & ADDRESS(80+3,K$2+1))),"median", MEDIAN(INDIRECT(ADDRESS(80+3,K$2+1,,,"Instances") & ":" & ADDRESS(80+3,K$2+1))),"min", MIN(INDIRECT(ADDRESS(80+3,K$2+1,,,"Instances") & ":" & ADDRESS(80+3,K$2+1))),"max", MAX(INDIRECT(ADDRESS(80+3,K$2+1,,,"Instances") & ":" & ADDRESS(80+3,K$2+1))),"diff", MAX(INDIRECT(ADDRESS(80+3,K$2+1,,,"Instances") & ":" & ADDRESS(80+3,K$2+1)))-MIN(INDIRECT(ADDRESS(80+3,K$2+1,,,"Instances") & ":" & ADDRESS(80+3,K$2+1))))} -> #N/A | L85: =IFERROR(SMALL(K5:K364,ROW()-ROW($L$5)+1),"") | N85: =IFERROR(SUM(L5:L85),"") -> 0 | Q85: =IF(Charts!$B$3="none",E1892,IF(K1892="",NA(),K1892)) -> #N/A | R85: =IF(Charts!$B$3="none",F1892,IF(L1892="",NA(),L1892)) -> #N/A | S85: =IF(Charts!$B$3="none",G1892,IF(M1892="",NA(),M1892)) -> #N/A | T85: =IF(Charts!$B$3="none",H1892,IF(N1892="",NA(),N1892)) -> #N/A
D86: 82 | E86: =IF(INDIRECT(ADDRESS($D86+2,E$2+1,,,"Instances"))="","",INDIRECT(ADDRESS($D86+2,E$2+1,,,"Instances"))) -> Level_2/3-0111000 | F86: =IFERROR(SMALL(E5:E364,ROW()-ROW($F$5)+1),"") | H86: =IFERROR(SUM(F5:F86),"") -> 0 | J86: 82 | K86: {=_xlfn.SWITCH(Charts!$B$3,"average", AVERAGE(INDIRECT(ADDRESS(81+3,K$2+1,,,"Instances") & ":" & ADDRESS(81+3,K$2+1))),"median", MEDIAN(INDIRECT(ADDRESS(81+3,K$2+1,,,"Instances") & ":" & ADDRESS(81+3,K$2+1))),"min", MIN(INDIRECT(ADDRESS(81+3,K$2+1,,,"Instances") & ":" & ADDRESS(81+3,K$2+1))),"max", MAX(INDIRECT(ADDRESS(81+3,K$2+1,,,"Instances") & ":" & ADDRESS(81+3,K$2+1))),"diff", MAX(INDIRECT(ADDRESS(81+3,K$2+1,,,"Instances") & ":" & ADDRESS(81+3,K$2+1)))-MIN(INDIRECT(ADDRESS(81+3,K$2+1,,,"Instances") & ":" & ADDRESS(81+3,K$2+1))))} -> #N/A | L86: =IFERROR(SMALL(K5:K364,ROW()-ROW($L$5)+1),"") | N86: =IFERROR(SUM(L5:L86),"") -> 0 | Q86: =IF(Charts!$B$3="none",E1893,IF(K1893="",NA(),K1893)) -> #N/A | R86: =IF(Charts!$B$3="none",F1893,IF(L1893="",NA(),L1893)) -> #N/A | S86: =IF(Charts!$B$3="none",G1893,IF(M1893="",NA(),M1893)) -> #N/A | T86: =IF(Charts!$B$3="none",H1893,IF(N1893="",NA(),N1893)) -> #N/A
D87: 83 | E87: =IF(INDIRECT(ADDRESS($D87+2,E$2+1,,,"Instances"))="","",INDIRECT(ADDRESS($D87+2,E$2+1,,,"Instances"))) -> Level_2/3-1000101 | F87: =IFERROR(SMALL(E5:E364,ROW()-ROW($F$5)+1),"") | H87: =IFERROR(SUM(F5:F87),"") -> 0 | J87: 83 | K87: {=_xlfn.SWITCH(Charts!$B$3,"average", AVERAGE(INDIRECT(ADDRESS(82+3,K$2+1,,,"Instances") & ":" & ADDRESS(82+3,K$2+1))),"median", MEDIAN(INDIRECT(ADDRESS(82+3,K$2+1,,,"Instances") & ":" & ADDRESS(82+3,K$2+1))),"min", MIN(INDIRECT(ADDRESS(82+3,K$2+1,,,"Instances") & ":" & ADDRESS(82+3,K$2+1))),"max", MAX(INDIRECT(ADDRESS(82+3,K$2+1,,,"Instances") & ":" & ADDRESS(82+3,K$2+1))),"diff", MAX(INDIRECT(ADDRESS(82+3,K$2+1,,,"Instances") & ":" & ADDRESS(82+3,K$2+1)))-MIN(INDIRECT(ADDRESS(82+3,K$2+1,,,"Instances") & ":" & ADDRESS(82+3,K$2+1))))} -> #N/A | L87: =IFERROR(SMALL(K5:K364,ROW()-ROW($L$5)+1),"") | N87: =IFERROR(SUM(L5:L87),"") -> 0 | Q87: =IF(Charts!$B$3="none",E1894,IF(K1894="",NA(),K1894)) -> #N/A | R87: =IF(Charts!$B$3="none",F1894,IF(L1894="",NA(),L1894)) -> #N/A | S87: =IF(Charts!$B$3="none",G1894,IF(M1894="",NA(),M1894)) -> #N/A | T87: =IF(Charts!$B$3="none",H1894,IF(N1894="",NA(),N1894)) -> #N/A
D88: 84 | E88: =IF(INDIRECT(ADDRESS($D88+2,E$2+1,,,"Instances"))="","",INDIRECT(ADDRESS($D88+2,E$2+1,,,"Instances"))) -> Level_2/3-1001001 | F88: =IFERROR(SMALL(E5:E364,ROW()-ROW($F$5)+1),"") | H88: =IFERROR(SUM(F5:F88),"") -> 0 | J88: 84 | K88: {=_xlfn.SWITCH(Charts!$B$3,"average", AVERAGE(INDIRECT(ADDRESS(83+3,K$2+1,,,"Instances") & ":" & ADDRESS(83+3,K$2+1))),"median", MEDIAN(INDIRECT(ADDRESS(83+3,K$2+1,,,"Instances") & ":" & ADDRESS(83+3,K$2+1))),"min", MIN(INDIRECT(ADDRESS(83+3,K$2+1,,,"Instances") & ":" & ADDRESS(83+3,K$2+1))),"max", MAX(INDIRECT(ADDRESS(83+3,K$2+1,,,"Instances") & ":" & ADDRESS(83+3,K$2+1))),"diff", MAX(INDIRECT(ADDRESS(83+3,K$2+1,,,"Instances") & ":" & ADDRESS(83+3,K$2+1)))-MIN(INDIRECT(ADDRESS(83+3,K$2+1,,,"Instances") & ":" & ADDRESS(83+3,K$2+1))))} -> #N/A | L88: =IFERROR(SMALL(K5:K364,ROW()-ROW($L$5)+1),"") | N88: =IFERROR(SUM(L5:L88),"") -> 0 | Q88: =IF(Charts!$B$3="none",E1895,IF(K1895="",NA(),K1895)) -> #N/A | R88: =IF(Charts!$B$3="none",F1895,IF(L1895="",NA(),L1895)) -> #N/A | S88: =IF(Charts!$B$3="none",G1895,IF(M1895="",NA(),M1895)) -> #N/A | T88: =IF(Charts!$B$3="none",H1895,IF(N1895="",NA(),N1895)) -> #N/A
D89: 85 | E89: =IF(INDIRECT(ADDRESS($D89+2,E$2+1,,,"Instances"))="","",INDIRECT(ADDRESS($D89+2,E$2+1,,,"Instances"))) -> Level_2/3-1100010 | F89: =IFERROR(SMALL(E5:E364,ROW()-ROW($F$5)+1),"") | H89: =IFERROR(SUM(F5:F89),"") -> 0 | J89: 85 | K89: {=_xlfn.SWITCH(Charts!$B$3,"average", AVERAGE(INDIRECT(ADDRESS(84+3,K$2+1,,,"Instances") & ":" & ADDRESS(84+3,K$2+1))),"median", MEDIAN(INDIRECT(ADDRESS(84+3,K$2+1,,,"Instances") & ":" & ADDRESS(84+3,K$2+1))),"min", MIN(INDIRECT(ADDRESS(84+3,K$2+1,,,"Instances") & ":" & ADDRESS(84+3,K$2+1))),"max", MAX(INDIRECT(ADDRESS(84+3,K$2+1,,,"Instances") & ":" & ADDRESS(84+3,K$2+1))),"diff", MAX(INDIRECT(ADDRESS(84+3,K$2+1,,,"Instances") & ":" & ADDRESS(84+3,K$2+1)))-MIN(INDIRECT(ADDRESS(84+3,K$2+1,,,"Instances") & ":" & ADDRESS(84+3,K$2+1))))} -> #N/A | L89: =IFERROR(SMALL(K5:K364,ROW()-ROW($L$5)+1),"") | N89: =IFERROR(SUM(L5:L89),"") -> 0 | Q89: =IF(Charts!$B$3="none",E1896,IF(K1896="",NA(),K1896)) -> #N/A | R89: =IF(Charts!$B$3="none",F1896,IF(L1896="",NA(),L1896)) -> #N/A | S89: =IF(Charts!$B$3="none",G1896,IF(M1896="",NA(),M1896)) -> #N/A | T89: =IF(Charts!$B$3="none",H1896,IF(N1896="",NA(),N1896)) -> #N/A
