Workbook

Sheet all-tall
A1: trains | B1: instances | C1: setting | D1: grounding | E1: global | F1: timeouts | G1: rules | H1: variables | I1: constraints
A2: 2 | B2: 70 | C2: mapf | D2: 3.0722714 | E2: 8.9388429 | F2: 0 | G2: 801516.01 | H2: 298687.54 | I2: 767748.01
A3: 3 | B3: 70 | C3: mapf | D3: 4.4996857 | E3: 81.091971 | F3: 0 | G3: 1189087.6 | H3: 427171.29 | I3: 1130506.9
A4: 4 | B4: 70 | C4: mapf | D4: 6.0040429 | E4: 483.93604 | F4: 8 | G4: 1600793.6 | H4: 547377.56 | I4: 1484530
A5: 5 | B5: 70 | C5: mapf | D5: 7.5078 | E5: 1069.2141 | F5: 31 | G5: 2011069.8 | H5: 644632.44 | I5: 1774884.8
A6: 6 | B6: 70 | C6: mapf | D6: 9.3255 | E6: 1378.0986 | F6: 56 | G6: 2462364.3 | H6: 755469.03 | I6: 2118716.2
A7: 7 | B7: 10 | C7: mapf | D7: 10.3695 | E7: 1500.0055 | F7: 10 | G7: 2486712.8 | H7: 845792.5 | I7: 2223014
A8: 2 | B8: 70 | C8: drive-edge | D8: 38.928014 | E8: 86.384157 | F8: 0 | G8: 10424661 | H8: 4250093.1 | I8: 21649502
A9: 3 | B9: 70 | C9: drive-edge | D9: 81.752486 | E9: 201.34034 | F9: 0 | G9: 21709988 | H9: 7309423 | I9: 41164599
A10: 4 | B10: 70 | C10: drive-edge | D10: 139.16269 | E10: 585.5894 | F10: 8 | G10: 35679753 | H10: 10507063 | I10: 62477860
A11: 5 | B11: 70 | C11: drive-edge | D11: 190.59251 | E11: 468.84758 | F11: 4 | G11: 25063841 | H11: 12968607 | I11: 40274980
A12: 6 | B12: 70 | C12: drive-edge | D12: 246.35132 | E12: 580.68219 | F12: 10 | G12: 28215589 | H12: 15212880 | I12: 43269829
A13: 7 | B13: 10 | C13: drive-edge | D13: 260.3811 | E13: 286.1311 | F13: 0 | G13: 8685563 | H13: 7852625.6 | I13: 11475302
... A91: 7 | B91: 10 | C91: more-compact-hypergraph | D91: 42.3793 | E91: 1084.6923 | F91: 6 | G91: 10534561 | H91: 4320872.4 | I91: 18945501

Sheet exp1-wide
C1: MAPF | I1: drive-edge-functions | O1: drive-subnodes | U1: drive-hypergraph
A2: trains | B2: instances | C2: grounding | D2: global | E2: timeouts | F2: rules | G2: variables | H2: constraints | I2: grounding | J2: global | K2: timeouts | L2: rules | M2: variables | N2: constraints | O2: grounding | P2: global | Q2: timeouts | R2: rules | S2: variables | T2: constraints | U2: grounding | V2: global | W2: timeouts | X2: rules | Y2: variables | Z2: constraints
A3: 2 | B3: 70 | C3: 3.0722714 | D3: 8.9388429 | E3: 0 | F3: 801516.01 | G3: 298687.54 | H3: 767748.01 | I3: 38.928014 | J3: 86.384157 | K3: 0 | L3: 10424661 | M3: 4250093.1 | N3: 21649502 | O3: 19.695271 | P3: 20.174557 | Q3: 0 | R3: 4545471 | S3: 2004087.4 | T3: 10059450 | U3: 36.401357 | V3: 50.0605 | W3: 0 | X3: 9371445.3 | Y3: 3932518.8 | Z3: 19886951
A4: 3 | B4: 70 | C4: 4.4996857 | D4: 81.091971 | E4: 0 | F4: 1189087.6 | G4: 427171.29 | H4: 1130506.9 | I4: 81.752486 | J4: 201.34034 | K4: 0 | L4: 21709988 | M4: 7309423 | N4: 41164599 | O4: 45.235371 | P4: 47.411657 | Q4: 0 | R4: 10757686 | S4: 3413387.7 | T4: 20093834 | U4: 79.615114 | V4: 119.24983 | W4: 0 | X4: 19907260 | Y4: 6851269.6 | Z4: 38352250
A5: 4 | B5: 70 | C5: 6.0040429 | D5: 483.93604 | E5: 8 | F5: 1600793.6 | G5: 547377.56 | H5: 1484530 | I5: 139.16269 | J5: 585.5894 | K5: 8 | L5: 35679753 | M5: 10507063 | N5: 62477860 | O5: 82.510343 | P5: 133.4812 | Q5: 1 | R5: 19682594 | S5: 4964143.8 | T5: 33211557 | U5: 140.43457 | V5: 333.84357 | W5: 5 | X5: 32704159 | Y5: 9805305.4 | Z5: 58390218
A6: 5 | B6: 70 | C6: 7.5078 | D6: 1069.2141 | E6: 31 | F6: 2011069.8 | G6: 644632.44 | H6: 1774884.8 | I6: 190.59251 | J6: 468.84758 | K6: 4 | L6: 25063841 | M6: 12968607 | N6: 40274980 | O6: 129.50293 | P6: 196.18936 | Q6: 2 | R6: 29441568 | S6: 6306471.6 | T6: 45867073 | U6: 190.28649 | V6: 273.11548 | W6: 3 | X6: 26650172 | Y6: 12167195 | Z6: 43820106
A7: 6 | B7: 70 | C7: 9.3255 | D7: 1378.0986 | E7: 56 | F7: 2462364.3 | G7: 755469.03 | H7: 2118716.2 | I7: 246.35132 | J7: 580.68219 | K7: 10 | L7: 28215589 | M7: 15212880 | N7: 43269829 | O7: 183.19676 | P7: 306.33776 | Q7: 6 | R7: 33287181 | S7: 7631051.4 | T7: 48155418 | U7: 243.01945 | V7: 296.16668 | W7: 1 | X7: 28711553 | Y7: 14083026 | Z7: 44824302
A8: 7 | B8: 10 | C8: 10.3695 | D8: 1500.0055 | E8: 10 | F8: 2486712.8 | G8: 845792.5 | H8: 2223014 | I8: 260.3811 | J8: 286.1311 | K8: 0 | L8: 8685563 | M8: 7852625.6 | N8: 11475302 | O8: 234.9729 | P8: 462.4009 | Q8: 1 | R8: 38357113 | S8: 8967435.9 | T8: 52883832 | U8: 235.9596 | V8: 252.3636 | W8: 0 | X8: 7956529.6 | Y8: 7324500.4 | Z8: 10824910

Sheet exp1-tall
A1: trains | B1: instances | C1: setting | D1: grounding | E1: global | F1: timeouts | G1: rules | H1: variables | I1: constraints
A2: 2 | B2: 70 | C2: mapf | D2: 3.0722714 | E2: 8.9388429 | F2: 0 | G2: 801516.01 | H2: 298687.54 | I2: 767748.01
A3: 3 | B3: 70 | C3: mapf | D3: 4.4996857 | E3: 81.091971 | F3: 0 | G3: 1189087.6 | H3: 427171.29 | I3: 1130506.9
A4: 4 | B4: 70 | C4: mapf | D4: 6.0040429 | E4: 483.93604 | F4: 8 | G4: 1600793.6 | H4: 547377.56 | I4: 1484530
A5: 5 | B5: 70 | C5: mapf | D5: 7.5078 | E5: 1069.2141 | F5: 31 | G5: 2011069.8 | H5: 644632.44 | I5: 1774884.8
A6: 6 | B6: 70 | C6: mapf | D6: 9.3255 | E6: 1378.0986 | F6: 56 | G6: 2462364.3 | H6: 755469.03 | I6: 2118716.2
A7: 7 | B7: 10 | C7: mapf | D7: 10.3695 | E7: 1500.0055 | F7: 10 | G7: 2486712.8 | H7: 845792.5 | I7: 2223014
A8: 2 | B8: 70 | C8: drive-edge | D8: 38.928014 | E8: 86.384157 | F8: 0 | G8: 10424661 | H8: 4250093.1 | I8: 21649502
A9: 3 | B9: 70 | C9: drive-edge | D9: 81.752486 | E9: 201.34034 | F9: 0 | G9: 21709988 | H9: 7309423 | I9: 41164599
A10: 4 | B10: 70 | C10: drive-edge | D10: 139.16269 | E10: 585.5894 | F10: 8 | G10: 35679753 | H10: 10507063 | I10: 62477860
A11: 5 | B11: 70 | C11: drive-edge | D11: 190.59251 | E11: 468.84758 | F11: 4 | G11: 25063841 | H11: 12968607 | I11: 40274980
A12: 6 | B12: 70 | C12: drive-edge | D12: 246.35132 | E12: 580.68219 | F12: 10 | G12: 28215589 | H12: 15212880 | I12: 43269829
A13: 7 | B13: 10 | C13: drive-edge | D13: 260.3811 | E13: 286.1311 | F13: 0 | G13: 8685563 | H13: 7852625.6 | I13: 11475302
... A25: 7 | B25: 10 | C25: drive-hyper | D25: 235.9596 | E25: 252.3636 | F25: 0 | G25: 7956529.6 | H25: 7324500.4 | I25: 10824910

Sheet exp-compact-wide
C1: compact-edge-functions | I1: compact-subnodes | O1: compact-hypergraph
A2: trains | B2: instances | C2: grounding | D2: global | E2: timeouts | F2: rules | G2: variables | H2: constraints | I2: grounding | J2: global | K2: timeouts | L2: rules | M2: variables | N2: constraints | O2: grounding | P2: global | Q2: timeouts | R2: rules | S2: variables | T2: constraints
A3: 2 | B3: 70 | C3: 10.150343 | D3: 15.8772 | E3: 0 | F3: 3054206.7 | G3: 1069490.5 | H3: 5185702.2 | I3: 2.7091429 | J3: 2.9821429 | K3: 0 | L3: 549975.91 | M3: 424274.07 | N3: 1567199.5 | O3: 9.4204429 | P3: 14.123443 | Q3: 0 | R3: 2589443.8 | S3: 958858.93 | T3: 4242545.7
A4: 3 | B4: 70 | C4: 17.833443 | D4: 34.461014 | E4: 0 | F4: 5056109.5 | G4: 1838336.4 | H4: 8959021.1 | I4: 4.5422 | J4: 5.9457714 | K4: 0 | L4: 962308.29 | M4: 719000.54 | N4: 2705885.2 | O4: 16.333271 | P4: 40.037129 | Q4: 0 | R4: 4353679.1 | S4: 1680912.3 | T4: 7452656.4
A5: 4 | B5: 70 | C5: 26.404243 | D5: 79.468386 | E5: 0 | F5: 7153302 | G5: 2654786.1 | H5: 12875913 | I5: 6.7522857 | J5: 10.846286 | K5: 0 | L5: 1452521.3 | M5: 1054568.5 | N5: 4051061.2 | O5: 23.9275 | P5: 80.889786 | Q5: 0 | R5: 6132260.7 | S5: 2408997 | T5: 10722619
A6: 5 | B6: 70 | C6: 34.028314 | D6: 134.0566 | E6: 0 | F6: 8979297.2 | G6: 3258335.6 | H6: 15936979 | I6: 8.5590429 | J6: 21.399043 | K6: 0 | L6: 1885058 | M6: 1322523.3 | N6: 5144477.7 | O6: 30.1581 | P6: 124.35053 | Q6: 0 | R6: 7722279.9 | S6: 2964259.9 | T6: 13294569
A7: 6 | B7: 70 | C7: 41.953714 | D7: 167.963 | E7: 0 | F7: 11037773 | G7: 4007650.2 | H7: 19662037 | I7: 10.805543 | J7: 53.490114 | K7: 0 | L7: 2374802.8 | M7: 1600442.5 | N7: 6313807.1 | O7: 37.4066 | P7: 291.81589 | Q7: 1 | R7: 9498969.8 | S7: 3641839.5 | T7: 16426623
A8: 7 | B8: 10 | C8: 50.9206 | D8: 263.9376 | E8: 0 | F8: 12926592 | G8: 4706535 | H8: 23073121 | I8: 12.9696 | J8: 62.9706 | K8: 0 | L8: 2794790.8 | M8: 1879691.6 | N8: 7425011.9 | O8: 44.0125 | P8: 511.0645 | Q8: 0 | R8: 11138702 | S8: 4281979.9 | T8: 19301178

Sheet exp-compact-tall
A1: trains | B1: instances | C1: setting | D1: grounding | E1: global | F1: timeouts | G1: rules | H1: variables | I1: constraints
A2: 2 | B2: 70 | C2: compact-edge | D2: 10.150343 | E2: 15.8772 | F2: 0 | G2: 3054206.7 | H2: 1069490.5 | I2: 5185702.2
A3: 3 | B3: 70 | C3: compact-edge | D3: 17.833443 | E3: 34.461014 | F3: 0 | G3: 5056109.5 | H3: 1838336.4 | I3: 8959021.1
A4: 4 | B4: 70 | C4: compact-edge | D4: 26.404243 | E4: 79.468386 | F4: 0 | G4: 7153302 | H4: 2654786.1 | I4: 12875913
A5: 5 | B5: 70 | C5: compact-edge | D5: 34.028314 | E5: 134.0566 | F5: 0 | G5: 8979297.2 | H5: 3258335.6 | I5: 15936979
A6: 6 | B6: 70 | C6: compact-edge | D6: 41.953714 | E6: 167.963 | F6: 0 | G6: 11037773 | H6: 4007650.2 | I6: 19662037
A7: 7 | B7: 10 | C7: compact-edge | D7: 50.9206 | E7: 263.9376 | F7: 0 | G7: 12926592 | H7: 4706535 | I7: 23073121
A8: 2 | B8: 70 | C8: compact-subnodes | D8: 2.7091429 | E8: 2.9821429 | F8: 0 | G8: 549975.91 | H8: 424274.07 | I8: 1567199.5
A9: 3 | B9: 70 | C9: compact-subnodes | D9: 4.5422 | E9: 5.9457714 | F9: 0 | G9: 962308.29 | H9: 719000.54 | I9: 2705885.2
A10: 4 | B10: 70 | C10: compact-subnodes | D10: 6.7522857 | E10: 10.846286 | F10: 0 | G10: 1452521.3 | H10: 1054568.5 | I10: 4051061.2
A11: 5 | B11: 70 | C11: compact-subnodes | D11: 8.5590429 | E11: 21.399043 | F11: 0 | G11: 1885058 | H11: 1322523.3 | I11: 5144477.7
A12: 6 | B12: 70 | C12: compact-subnodes | D12: 10.805543 | E12: 53.490114 | F12: 0 | G12: 2374802.8 | H12: 1600442.5 | I12: 6313807.1
A13: 7 | B13: 10 | C13: compact-subnodes | D13: 12.9696 | E13: 62.9706 | F13: 0 | G13: 2794790.8 | H13: 1879691.6 | I13: 7425011.9
... A19: 7 | B19: 10 | C19: compact-hyper | D19: 44.0125 | E19: 511.0645 | F19: 0 | G19: 11138702 | H19: 4281979.9 | I19: 19301178

Sheet exp-mcompact-wide
C1: more-compact-edge-functions | I1: more-compact-subnodes | O1: more-compact-hypergraph
A2: trains | B2: instances | C2: grounding | D2: global | E2: timeouts | F2: rules | G2: variables | H2: constraints | I2: grounding | J2: global | K2: timeouts | L2: rules | M2: variables | N2: constraints | O2: grounding | P2: global | Q2: timeouts | R2: rules | S2: variables | T2: constraints
A3: 2 | B3: 70 | C3: 10.000743 | D3: 15.641314 | E3: 0 | F3: 3020970.5 | G3: 1091278.1 | H3: 5218774.2 | I3: 2.6108571 | J3: 3.0971429 | K3: 0 | L3: 524526.33 | M3: 441113 | N3: 1592668.3 | O3: 9.4373714 | P3: 14.191371 | Q3: 0 | R3: 2558790.9 | S3: 979289.84 | T3: 4273248.2
A4: 3 | B4: 70 | C4: 17.583543 | D4: 54.621543 | E4: 0 | F4: 4956314.8 | G4: 1869342 | H4: 8975610.1 | I4: 4.2572714 | J4: 6.1957 | K4: 0 | L4: 884535.6 | M4: 744848.04 | N4: 2722272.1 | O4: 15.916929 | P4: 53.312786 | Q4: 0 | R4: 4259748.9 | S4: 1710945.5 | T4: 7468507.8
A5: 4 | B5: 70 | C5: 25.271771 | D5: 246.72306 | E5: 2 | F5: 6953861.1 | G5: 2690112.6 | H5: 12838514 | I5: 6.1961 | J5: 49.048529 | K5: 0 | L5: 1295830.1 | M5: 1084734.9 | N5: 4026163.8 | O5: 22.922529 | P5: 242.80839 | Q5: 1 | R5: 5945828.4 | S5: 2442968.6 | T5: 10685375
A6: 5 | B6: 70 | C6: 32.499557 | D6: 527.98784 | E6: 14 | F6: 8661939 | G6: 3294762.8 | H6: 15816693 | I6: 7.8511571 | J6: 165.03987 | K6: 2 | L6: 1634663.5 | M6: 1354134.2 | N6: 5055473.1 | O6: 29.168286 | P6: 660.29971 | Q6: 19 | R6: 7424659.5 | S6: 2999246.3 | T6: 13176417
A7: 6 | B7: 70 | C7: 40.404914 | D7: 829.43663 | E7: 29 | F7: 10568134 | G7: 4045741.8 | H7: 19431036 | I7: 9.5979857 | J7: 330.95613 | K7: 9 | L7: 2004184 | M7: 1633916.9 | N7: 6138409.4 | O7: 36.190514 | P7: 826.85694 | Q7: 32 | R7: 9058220.1 | S7: 3678640.8 | T7: 16200769
A8: 7 | B8: 10 | C8: 47.4136 | D8: 950.6386 | E8: 6 | F8: 12280008 | G8: 4745241.7 | H8: 22704465 | I8: 11.4207 | J8: 694.0527 | K8: 4 | L8: 2284295.1 | M8: 1914095.5 | N8: 7141526.3 | O8: 42.3793 | P8: 1084.6923 | Q8: 6 | R8: 10534561 | S8: 4320872.4 | T8: 18945501

Sheet comparison
A1: setting | B1: trains | C1: old-grounding | D1: old-global | E1: new-grounding | F1: new-global | G1: comp-grounding | H1: comp-global
A2: drive-edge | B2: 2 | C2: ='exp1-tall'!D8 -> 38.928014 | D2: ='exp1-tall'!E8 -> 86.384157 | E2: ='exp-compact-tall'!D2 -> 10.150343 | F2: ='exp-compact-tall'!E2 -> 15.8772 | G2: =(E2/C2)-1 -> -0.73925352 | H2: =(F2/D2)-1 -> -0.81620241
A3: drive-edge | B3: 3 | C3: ='exp1-tall'!D9 -> 81.752486 | D3: ='exp1-tall'!E9 -> 201.34034 | E3: ='exp-compact-tall'!D3 -> 17.833443 | F3: ='exp-compact-tall'!E3 -> 34.461014 | G3: =(E3/C3)-1 -> -0.78186054 | H3: =(F3/D3)-1 -> -0.82884198
A4: drive-edge | B4: 4 | C4: ='exp1-tall'!D10 -> 139.16269 | D4: ='exp1-tall'!E10 -> 585.5894 | E4: ='exp-compact-tall'!D4 -> 26.404243 | F4: ='exp-compact-tall'!E4 -> 79.468386 | G4: =(E4/C4)-1 -> -0.81026349 | H4: =(F4/D4)-1 -> -0.86429333
A5: drive-edge | B5: 5 | C5: ='exp1-tall'!D11 -> 190.59251 | D5: ='exp1-tall'!E11 -> 468.84758 | E5: ='exp-compact-tall'!D5 -> 34.028314 | F5: ='exp-compact-tall'!E5 -> 134.0566 | G5: =(E5/C5)-1 -> -0.82146038 | H5: =(F5/D5)-1 -> -0.71407211
A6: drive-edge | B6: 6 | C6: ='exp1-tall'!D12 -> 246.35132 | D6: ='exp1-tall'!E12 -> 580.68219 | E6: ='exp-compact-tall'!D6 -> 41.953714 | F6: ='exp-compact-tall'!E6 -> 167.963 | G6: =(E6/C6)-1 -> -0.82969966 | H6: =(F6/D6)-1 -> -0.71074883
A7: drive-edge | B7: 7 | C7: ='exp1-tall'!D13 -> 260.3811 | D7: ='exp1-tall'!E13 -> 286.1311 | E7: ='exp-compact-tall'!D7 -> 50.9206 | F7: ='exp-compact-tall'!E7 -> 263.9376 | G7: =(E7/C7)-1 -> -0.80443819 | H7: =(F7/D7)-1 -> -0.077564096
A8: drive-subnodes | B8: 2 | C8: ='exp1-tall'!D14 -> 19.695271 | D8: ='exp1-tall'!E14 -> 20.174557 | E8: ='exp-compact-tall'!D8 -> 2.7091429 | F8: ='exp-compact-tall'!E8 -> 2.9821429 | G8: =(E8/C8)-1 -> -0.86244704 | H8: =(F8/D8)-1 -> -0.85218298
A9: drive-subnodes | B9: 3 | C9: ='exp1-tall'!D15 -> 45.235371 | D9: ='exp1-tall'!E15 -> 47.411657 | E9: ='exp-compact-tall'!D9 -> 4.5422 | F9: ='exp-compact-tall'!E9 -> 5.9457714 | G9: =(E9/C9)-1 -> -0.89958743 | H9: =(F9/D9)-1 -> -0.87459263
A10: drive-subnodes | B10: 4 | C10: ='exp1-tall'!D16 -> 82.510343 | D10: ='exp1-tall'!E16 -> 133.4812 | E10: ='exp-compact-tall'!D10 -> 6.7522857 | F10: ='exp-compact-tall'!E10 -> 10.846286 | G10: =(E10/C10)-1 -> -0.91816437 | H10: =(F10/D10)-1 -> -0.91874297
A11: drive-subnodes | B11: 5 | C11: ='exp1-tall'!D17 -> 129.50293 | D11: ='exp1-tall'!E17 -> 196.18936 | E11: ='exp-compact-tall'!D11 -> 8.5590429 | F11: ='exp-compact-tall'!E11 -> 21.399043 | G11: =(E11/C11)-1 -> -0.9339085 | H11: =(F11/D11)-1 -> -0.89092659
A12: drive-subnodes | B12: 6 | C12: ='exp1-tall'!D18 -> 183.19676 | D12: ='exp1-tall'!E18 -> 306.33776 | E12: ='exp-compact-tall'!D12 -> 10.805543 | F12: ='exp-compact-tall'!E12 -> 53.490114 | G12: =(E12/C12)-1 -> -0.94101674 | H12: =(F12/D12)-1 -> -0.82538844
A13: drive-subnodes | B13: 7 | C13: ='exp1-tall'!D19 -> 234.9729 | D13: ='exp1-tall'!E19 -> 462.4009 | E13: ='exp-compact-tall'!D13 -> 12.9696 | F13: ='exp-compact-tall'!E13 -> 62.9706 | G13: =(E13/C13)-1 -> -0.94480385 | H13: =(F13/D13)-1 -> -0.86381817
... A19: drive-hyper | B19: 7 | C19: ='exp1-tall'!D25 -> 235.9596 | D19: ='exp1-tall'!E25 -> 252.3636 | E19: ='exp-compact-tall'!D19 -> 44.0125 | F19: ='exp-compact-tall'!E19 -> 511.0645 | G19: =(E19/C19)-1 -> -0.81347443 | H19: =(F19/D19)-1 -> 1.0251118

Sheet exp-dl-wide
C1: clingo-dl | I1: clingo-dl-constraint
A2: trains | B2: instances | C2: grounding | D2: global | E2: timeouts | F2: rules | G2: variables | H2: constraints | I2: grounding | J2: global | K2: timeouts | L2: rules | M2: variables | N2: constraints
A3: 2 | B3: 70 | C3: 2.0976714 | D3: 2.1719571 | E3: 0 | F3: 377044.01 | G3: 287745.4 | H3: 1001913.2 | I3: 2.0504143 | J3: 2.1024143 | K3: 0 | L3: 377122.04 | M3: 287745.4 | N3: 1001913.2
A4: 3 | B4: 70 | C4: 6.1814143 | D4: 6.6189857 | E4: 0 | F4: 1163337.7 | G4: 938139.51 | H4: 3313619.7 | I4: 6.0649857 | J4: 6.2608429 | K4: 0 | L4: 1163463.9 | M4: 938139.51 | N4: 3313619.7
A5: 4 | B5: 70 | C5: 13.070929 | D5: 13.709929 | E5: 0 | F5: 2402399.2 | G5: 1973697.9 | H5: 7014289.2 | I5: 12.479257 | J5: 12.920829 | K5: 0 | L5: 2402572.9 | M5: 1973697.9 | N5: 7014289.2
A6: 5 | B6: 70 | C6: 22.375286 | D6: 23.588 | E6: 0 | F6: 4031384.1 | G6: 3356750.2 | H6: 11966142 | I6: 21.927829 | J6: 22.754257 | K6: 0 | L6: 4031603.7 | M6: 3356750.2 | N6: 11966142
A7: 6 | B7: 70 | C7: 34.290486 | D7: 36.592486 | E7: 0 | F7: 6023328 | G7: 5020314.9 | H7: 17905315 | I7: 33.187157 | J7: 34.556729 | K7: 0 | L7: 6023592.5 | M7: 5020314.9 | N7: 17905315
A8: 7 | B8: 10 | C8: 49.4721 | D8: 51.9971 | E8: 0 | F8: 8436900.9 | G8: 7051733.3 | H8: 25170500 | I8: 47.9227 | J8: 49.8877 | K8: 0 | L8: 8437210.1 | M8: 7051733.3 | N8: 25170500

Sheet exp-dl-tall
A1: trains | B1: instances | C1: setting | D1: grounding | E1: global | F1: timeouts | G1: rules | H1: variables | I1: constraints
A2: 2 | B2: 70 | C2: clingo-dl | D2: 2.0976714 | E2: 2.1719571 | F2: 0 | G2: 377044.01 | H2: 287745.4 | I2: 1001913.2
A3: 3 | B3: 70 | C3: clingo-dl | D3: 6.1814143 | E3: 6.6189857 | F3: 0 | G3: 1163337.7 | H3: 938139.51 | I3: 3313619.7
A4: 4 | B4: 70 | C4: clingo-dl | D4: 13.070929 | E4: 13.709929 | F4: 0 | G4: 2402399.2 | H4: 1973697.9 | I4: 7014289.2
A5: 5 | B5: 70 | C5: clingo-dl | D5: 22.375286 | E5: 23.588 | F5: 0 | G5: 4031384.1 | H5: 3356750.2 | I5: 11966142
A6: 6 | B6: 70 | C6: clingo-dl | D6: 34.290486 | E6: 36.592486 | F6: 0 | G6: 6023328 | H6: 5020314.9 | I6: 17905315
A7: 7 | B7: 10 | C7: clingo-dl | D7: 49.4721 | E7: 51.9971 | F7: 0 | G7: 8436900.9 | H7: 7051733.3 | I7: 25170500
A8: 2 | B8: 70 | C8: clingo-dl-constraint | D8: 2.0504143 | E8: 2.1024143 | F8: 0 | G8: 377122.04 | H8: 287745.4 | I8: 1001913.2
A9: 3 | B9: 70 | C9: clingo-dl-constraint | D9: 6.0649857 | E9: 6.2608429 | F9: 0 | G9: 1163463.9 | H9: 938139.51 | I9: 3313619.7
A10: 4 | B10: 70 | C10: clingo-dl-constraint | D10: 12.479257 | E10: 12.920829 | F10: 0 | G10: 2402572.9 | H10: 1973697.9 | I10: 7014289.2
A11: 5 | B11: 70 | C11: clingo-dl-constraint | D11: 21.927829 | E11: 22.754257 | F11: 0 | G11: 4031603.7 | H11: 3356750.2 | I11: 11966142
A12: 6 | B12: 70 | C12: clingo-dl-constraint | D12: 33.187157 | E12: 34.556729 | F12: 0 | G12: 6023592.5 | H12: 5020314.9 | I12: 17905315
A13: 7 | B13: 10 | C13: clingo-dl-constraint | D13: 47.9227 | E13: 49.8877 | F13: 0 | G13: 8437210.1 | H13: 7051733.3 | I13: 25170500

Sheet exp-map-wide
C1: drive-map-edge-functions | I1: drive-map-subnodes | O1: drive-map-hypergraph
A2: trains | B2: instances | C2: me-grounding | D2: me-global | E2: me-timeouts | F2: me-rules | G2: me-variables | H2: me-constraints | I2: ms-grounding | J2: ms-global | K2: ms-timeouts | L2: ms-rules | M2: ms-variables | N2: ms-constraints | O2: mh-grounding | P2: mh-global | Q2: mh-timeouts | R2: mh-rules | S2: mh-variables | T2: mh-constraints
A3: 2 | B3: 70 | C3: 14.142657 | D3: 21.561943 | E3: 0 | F3: 3916734.1 | G3: 1015463 | H3: 5894601 | I3: 5.2229429 | J3: 5.5120857 | K3: 0 | L3: 1136730.6 | M3: 379174.43 | N3: 2039514.5 | O3: 12.6031 | P3: 20.045386 | Q3: 0 | R3: 3371983.9 | S3: 907310.93 | T3: 4919588.2
A4: 3 | B4: 70 | C4: 31.254514 | D4: 51.789229 | E4: 0 | F4: 8051826.3 | G4: 1749795.4 | H4: 11656413 | I4: 13.6503 | J4: 14.953871 | K4: 0 | L4: 3029737.8 | M4: 644693.56 | N4: 4559727.3 | O4: 28.5696 | P4: 50.620171 | Q4: 0 | R4: 7145125.6 | S4: 1595704.8 | T4: 10067361
A5: 4 | B5: 70 | C5: 56.205086 | D5: 106.5028 | E5: 0 | F5: 13675051 | G5: 2530988 | H5: 18833982 | I5: 27.771429 | J5: 33.059857 | K5: 0 | L5: 6028459.8 | M5: 950721.93 | N5: 8271300.2 | O5: 50.775871 | P5: 107.08816 | Q5: 0 | R5: 12156262 | S5: 2290298.5 | T5: 16492005
A6: 5 | B6: 70 | C6: 84.533343 | D6: 199.34306 | E6: 0 | F6: 19846604 | G6: 3104847.6 | H6: 26013117 | I6: 44.471371 | J6: 55.489943 | K6: 0 | L6: 9584840.9 | M6: 1193083.8 | N6: 12316606 | O6: 76.457771 | P6: 210.81506 | Q6: 0 | R6: 17813024 | S6: 2816939.1 | T6: 23066788
A7: 6 | B7: 70 | C7: 121.05976 | D7: 301.90076 | E7: 1 | F7: 27666366 | G7: 3820558.8 | H7: 35171609 | I7: 66.031743 | J7: 105.43189 | K7: 0 | L7: 14141543 | M7: 1442887.1 | N7: 17344854 | O7: 110.23606 | P7: 390.58363 | Q7: 2 | R7: 24946829 | S7: 3462213.4 | T7: 31477587
A8: 7 | B8: 10 | C8: 167.2031 | D8: 417.2621 | E8: 0 | F8: 36395948 | G8: 4487331.2 | H8: 45057132 | I8: 93.0603 | J8: 297.4273 | K8: 1 | L8: 19424091 | M8: 1695010.6 | N8: 23080446 | O8: 149.3563 | P8: 554.2473 | Q8: 0 | R8: 32942698 | S8: 4067438.9 | T8: 40627368

Sheet exp-map-tall
A1: trains | B1: instances | C1: setting | D1: grounding | E1: global | F1: timeouts | G1: rules | H1: variables | I1: constraints
A2: 2 | B2: 70 | C2: drive-map-edge-functions | D2: 14.142657 | E2: 21.561943 | F2: 0 | G2: 3916734.1 | H2: 1015463 | I2: 5894601
A3: 3 | B3: 70 | C3: drive-map-edge-functions | D3: 31.254514 | E3: 51.789229 | F3: 0 | G3: 8051826.3 | H3: 1749795.4 | I3: 11656413
A4: 4 | B4: 70 | C4: drive-map-edge-functions | D4: 56.205086 | E4: 106.5028 | F4: 0 | G4: 13675051 | H4: 2530988 | I4: 18833982
A5: 5 | B5: 70 | C5: drive-map-edge-functions | D5: 84.533343 | E5: 199.34306 | F5: 0 | G5: 19846604 | H5: 3104847.6 | I5: 26013117
A6: 6 | B6: 70 | C6: drive-map-edge-functions | D6: 121.05976 | E6: 301.90076 | F6: 1 | G6: 27666366 | H6: 3820558.8 | I6: 35171609
A7: 7 | B7: 10 | C7: drive-map-edge-functions | D7: 167.2031 | E7: 417.2621 | F7: 0 | G7: 36395948 | H7: 4487331.2 | I7: 45057132
A8: 2 | B8: 70 | C8: drive-map-subnodes | D8: 5.2229429 | E8: 5.5120857 | F8: 0 | G8: 1136730.6 | H8: 379174.43 | I8: 2039514.5
A9: 3 | B9: 70 | C9: drive-map-subnodes | D9: 13.6503 | E9: 14.953871 | F9: 0 | G9: 3029737.8 | H9: 644693.56 | I9: 4559727.3
A10: 4 | B10: 70 | C10: drive-map-subnodes | D10: 27.771429 | E10: 33.059857 | F10: 0 | G10: 6028459.8 | H10: 950721.93 | I10: 8271300.2
A11: 5 | B11: 70 | C11: drive-map-subnodes | D11: 44.471371 | E11: 55.489943 | F11: 0 | G11: 9584840.9 | H11: 1193083.8 | I11: 12316606
A12: 6 | B12: 70 | C12: drive-map-subnodes | D12: 66.031743 | E12: 105.43189 | F12: 0 | G12: 14141543 | H12: 1442887.1 | I12: 17344854
A13: 7 | B13: 10 | C13: drive-map-subnodes | D13: 93.0603 | E13: 297.4273 | F13: 1 | G13: 19424091 | H13: 1695010.6 | I13: 23080446
... A19: 7 | B19: 10 | C19: drive-map-hypergraph | D19: 149.3563 | E19: 554.2473 | F19: 0 | G19: 32942698 | H19: 4067438.9 | I19: 40627368
