Workbook

Sheet torsten-full
C1: MAPF
A2: trains | B2: instances | C2: grounding | D2: global | E2: timeouts | F2: rules | G2: variables | H2: constraints
A3: 2 | B3: 70 | C3: 3.0722714 | D3: 8.9388429 | E3: 0 | F3: 801516.01 | G3: 298687.54 | H3: 767748.01
A4: 3 | B4: 70 | C4: 4.4996857 | D4: 81.091971 | E4: 0 | F4: 1189087.6 | G4: 427171.29 | H4: 1130506.9
A5: 4 | B5: 70 | C5: 6.0040429 | D5: 483.93604 | E5: 8 | F5: 1600793.6 | G5: 547377.56 | H5: 1484530
A6: 5 | B6: 70 | C6: 7.5078 | D6: 1069.2141 | E6: 31 | F6: 2011069.8 | G6: 644632.44 | H6: 1774884.8
A7: 6 | B7: 70 | C7: 9.3255 | D7: 1378.0986 | E7: 56 | F7: 2462364.3 | G7: 755469.03 | H7: 2118716.2
A8: 7 | B8: 10 | C8: 10.3695 | D8: 1500.0055 | E8: 10 | F8: 2486712.8 | G8: 845792.5 | H8: 2223014
C10: drive-map-edge-functions
A11: trains | B11: instances | C11: grounding | D11: global | E11: timeouts | F11: rules | G11: variables | H11: constraints
A12: 2 | B12: 70 | C12: 10.000743 | D12: 15.641314 | E12: 0 | F12: 3020970.5 | G12: 1091278.1 | H12: 5218774.2
A13: 3 | B13: 70 | C13: 17.583543 | D13: 54.621543 | E13: 0 | F13: 4956314.8 | G13: 1869342 | H13: 8975610.1
A14: 4 | B14: 70 | C14: 25.271771 | D14: 246.72306 | E14: 2 | F14: 6953861.1 | G14: 2690112.6 | H14: 12838514
A15: 5 | B15: 70 | C15: 32.499557 | D15: 527.98784 | E15: 14 | F15: 8661939 | G15: 3294762.8 | H15: 15816693
A16: 6 | B16: 70 | C16: 40.404914 | D16: 829.43663 | E16: 29 | F16: 10568134 | G16: 4045741.8 | H16: 19431036
A17: 7 | B17: 10 | C17: 47.4136 | D17: 950.6386 | E17: 6 | F17: 12280008 | G17: 4745241.7 | H17: 22704465
C19: drive-map-subnodes
A20: trains | B20: instances | C20: grounding | D20: global | E20: timeouts | F20: rules | G20: variables | H20: constraints
A21: 2 | B21: 70 | C21: 2.6108571 | D21: 3.0971429 | E21: 0 | F21: 524526.33 | G21: 441113 | H21: 1592668.3
A22: 3 | B22: 70 | C22: 4.2572714 | D22: 6.1957 | E22: 0 | F22: 884535.6 | G22: 744848.04 | H22: 2722272.1
A23: 4 | B23: 70 | C23: 6.1961 | D23: 49.048529 | E23: 0 | F23: 1295830.1 | G23: 1084734.9 | H23: 4026163.8
A24: 5 | B24: 70 | C24: 7.8511571 | D24: 165.03987 | E24: 2 | F24: 1634663.5 | G24: 1354134.2 | H24: 5055473.1
A25: 6 | B25: 70 | C25: 9.5979857 | D25: 330.95613 | E25: 9 | F25: 2004184 | G25: 1633916.9 | H25: 6138409.4
A26: 7 | B26: 10 | C26: 11.4207 | D26: 694.0527 | E26: 4 | F26: 2284295.1 | G26: 1914095.5 | H26: 7141526.3
C28: drive-map-hypergraph
A29: trains | B29: instances | C29: grounding | D29: global | E29: timeouts | F29: rules | G29: variables | H29: constraints
A30: 2 | B30: 70 | C30: 9.4373714 | D30: 14.191371 | E30: 0 | F30: 2558790.9 | G30: 979289.84 | H30: 4273248.2
A31: 3 | B31: 70 | C31: 15.916929 | D31: 53.312786 | E31: 0 | F31: 4259748.9 | G31: 1710945.5 | H31: 7468507.8
A32: 4 | B32: 70 | C32: 22.922529 | D32: 242.80839 | E32: 1 | F32: 5945828.4 | G32: 2442968.6 | H32: 10685375
A33: 5 | B33: 70 | C33: 29.168286 | D33: 660.29971 | E33: 19 | F33: 7424659.5 | G33: 2999246.3 | H33: 13176417
A34: 6 | B34: 70 | C34: 36.190514 | D34: 826.85694 | E34: 32 | F34: 9058220.1 | G34: 3678640.8 | H34: 16200769
A35: 7 | B35: 10 | C35: 42.3793 | D35: 1084.6923 | E35: 6 | F35: 10534561 | G35: 4320872.4 | H35: 18945501
C37: clingo-dl
A38: trains | B38: instances | C38: grounding | D38: global | E38: timeouts | F38: rules | G38: variables | H38: constraints
A39: 2 | B39: 70 | C39: 2.0976714 | D39: 2.1719571 | E39: 0 | F39: 377044.01 | G39: 287745.4 | H39: 1001913.2
A40: 3 | B40: 70 | C40: 6.1814143 | D40: 6.6189857 | E40: 0 | F40: 1163337.7 | G40: 938139.51 | H40: 3313619.7
A41: 4 | B41: 70 | C41: 13.070929 | D41: 13.709929 | E41: 0 | F41: 2402399.2 | G41: 1973697.9 | H41: 7014289.2
A42: 5 | B42: 70 | C42: 22.375286 | D42: 23.588 | E42: 0 | F42: 4031384.1 | G42: 3356750.2 | H42: 11966142
A43: 6 | B43: 70 | C43: 34.290486 | D43: 36.592486 | E43: 0 | F43: 6023328 | G43: 5020314.9 | H43: 17905315
A44: 7 | B44: 10 | C44: 49.4721 | D44: 51.9971 | E44: 0 | F44: 8436900.9 | G44: 7051733.3 | H44: 25170500

Sheet torsten-half
C1: MAPF
A2: trains | B2: instances | C2: grounding | D2: global | E2: timeouts
A3: 2 | B3: 70 | C3: 3.0722714 | D3: 8.9388429 | E3: 0
A4: 3 | B4: 70 | C4: 4.4996857 | D4: 81.091971 | E4: 0
A5: 4 | B5: 70 | C5: 6.0040429 | D5: 483.93604 | E5: 8
A6: 5 | B6: 70 | C6: 7.5078 | D6: 1069.2141 | E6: 31
A7: 6 | B7: 70 | C7: 9.3255 | D7: 1378.0986 | E7: 56
A8: 7 | B8: 10 | C8: 10.3695 | D8: 1500.0055 | E8: 10
C10: drive-map-edge-functions
A11: trains | B11: instances | C11: grounding | D11: global | E11: timeouts
A12: 2 | B12: 70 | C12: 10.000743 | D12: 15.641314 | E12: 0
A13: 3 | B13: 70 | C13: 17.583543 | D13: 54.621543 | E13: 0
A14: 4 | B14: 70 | C14: 25.271771 | D14: 246.72306 | E14: 2
A15: 5 | B15: 70 | C15: 32.499557 | D15: 527.98784 | E15: 14
A16: 6 | B16: 70 | C16: 40.404914 | D16: 829.43663 | E16: 29
A17: 7 | B17: 10 | C17: 47.4136 | D17: 950.6386 | E17: 6
C19: drive-map-subnodes
A20: trains | B20: instances | C20: grounding | D20: global | E20: timeouts
A21: 2 | B21: 70 | C21: 2.6108571 | D21: 3.0971429 | E21: 0
A22: 3 | B22: 70 | C22: 4.2572714 | D22: 6.1957 | E22: 0
A23: 4 | B23: 70 | C23: 6.1961 | D23: 49.048529 | E23: 0
A24: 5 | B24: 70 | C24: 7.8511571 | D24: 165.03987 | E24: 2
A25: 6 | B25: 70 | C25: 9.5979857 | D25: 330.95613 | E25: 9
A26: 7 | B26: 10 | C26: 11.4207 | D26: 694.0527 | E26: 4
C28: drive-map-hypergraph
A29: trains | B29: instances | C29: grounding | D29: global | E29: timeouts
A30: 2 | B30: 70 | C30: 9.4373714 | D30: 14.191371 | E30: 0
A31: 3 | B31: 70 | C31: 15.916929 | D31: 53.312786 | E31: 0
A32: 4 | B32: 70 | C32: 22.922529 | D32: 242.80839 | E32: 1
A33: 5 | B33: 70 | C33: 29.168286 | D33: 660.29971 | E33: 19
A34: 6 | B34: 70 | C34: 36.190514 | D34: 826.85694 | E34: 32
A35: 7 | B35: 10 | C35: 42.3793 | D35: 1084.6923 | E35: 6
C37: clingo-dl
A38: trains | B38: instances | C38: grounding | D38: global | E38: timeouts
A39: 2 | B39: 70 | C39: 2.0976714 | D39: 2.1719571 | E39: 0
A40: 3 | B40: 70 | C40: 6.1814143 | D40: 6.6189857 | E40: 0
A41: 4 | B41: 70 | C41: 13.070929 | D41: 13.709929 | E41: 0
A42: 5 | B42: 70 | C42: 22.375286 | D42: 23.588 | E42: 0
A43: 6 | B43: 70 | C43: 34.290486 | D43: 36.592486 | E43: 0
A44: 7 | B44: 10 | C44: 49.4721 | D44: 51.9971 | E44: 0

Sheet Helper
A2: choices | B2: 1 | E2: =VLOOKUP(Charts!$F$3,A2:B16,2,FALSE) -> #REF! | K2: =E2 -> #REF! | Q2: =VLOOKUP(Charts!$F$3,A2:B16,2,FALSE) -> #REF!
A3: conflicts | B3: 2 | D3: data | E3: =#REF! -> #REF! | J3: data | K3: =E3 -> #REF! | Q3: =#REF! -> #REF!
A4: constraints | B4: 3 | D4: index | E4: values | F4: sorted | H4: aggregated | J4: index | K4: values | L4: sorted | N4: aggregated | P4: plot | Q4: index | R4: sorted | S4: index | T4: aggregated
A5: error | B5: 4 | D5: 1 | E5: =IF(INDIRECT(ADDRESS($D5+2,E$2+1,,,"Instances"))="","",INDIRECT(ADDRESS($D5+2,E$2+1,,,"Instances"))) -> #REF! | F5: =IFERROR(SMALL(E5:E364,ROW()-ROW($F$5)+1),"") | H5: =IFERROR(SUM(F5),"") -> 0 | J5: 1 | K5: {=SWITCH(Charts!$B$3,"average", AVERAGE(INDIRECT(ADDRESS(0+3,K$2+1,,,"Instances") & ":" & ADDRESS(0+3,K$2+1))),"median", MEDIAN(INDIRECT(ADDRESS(0+3,K$2+1,,,"Instances") & ":" & ADDRESS(0+3,K$2+1))),"min", MIN(INDIRECT(ADDRESS(0+3,K$2+1,,,"Instances") & ":" & ADDRESS(0+3,K$2+1))),"max", MAX(INDIRECT(ADDRESS(0+3,K$2+1,,,"Instances") & ":" & ADDRESS(0+3,K$2+1))),"diff", MAX(INDIRECT(ADDRESS(0+3,K$2+1,,,"Instances") & ":" & ADDRESS(0+3,K$2+1)))-MIN(INDIRECT(ADDRESS(0+3,K$2+1,,,"Instances") & ":" & ADDRESS(0+3,K$2+1))))} -> #REF! | L5: =IFERROR(SMALL(K5:K364,ROW()-ROW($L$5)+1),"") | N5: =IFERROR(SUM(L5),"") -> 0 | Q5: =IF(Charts!$B$3="none",E1812,IF(K1812="",NA(),K1812)) -> #REF! | R5: =IF(Charts!$B$3="none",F1812,IF(L1812="",NA(),L1812)) -> #REF! | S5: =IF(Charts!$B$3="none",G1812,IF(M1812="",NA(),M1812)) -> #REF! | T5: =IF(Charts!$B$3="none",H1812,IF(N1812="",NA(),N1812)) -> #REF!
A6: mem | B6: 5 | D6: 2 | E6: =IF(INDIRECT(ADDRESS($D6+2,E$2+1,,,"Instances"))="","",INDIRECT(ADDRESS($D6+2,E$2+1,,,"Instances"))) -> #REF! | F6: =IFERROR(SMALL(E5:E364,ROW()-ROW($F$5)+1),"") | H6: =IFERROR(SUM(F5:F6),"") -> 0 | J6: 2 | K6: {=SWITCH(Charts!$B$3,"average", AVERAGE(INDIRECT(ADDRESS(1+3,K$2+1,,,"Instances") & ":" & ADDRESS(1+3,K$2+1))),"median", MEDIAN(INDIRECT(ADDRESS(1+3,K$2+1,,,"Instances") & ":" & ADDRESS(1+3,K$2+1))),"min", MIN(INDIRECT(ADDRESS(1+3,K$2+1,,,"Instances") & ":" & ADDRESS(1+3,K$2+1))),"max", MAX(INDIRECT(ADDRESS(1+3,K$2+1,,,"Instances") & ":" & ADDRESS(1+3,K$2+1))),"diff", MAX(INDIRECT(ADDRESS(1+3,K$2+1,,,"Instances") & ":" & ADDRESS(1+3,K$2+1)))-MIN(INDIRECT(ADDRESS(1+3,K$2+1,,,"Instances") & ":" & ADDRESS(1+3,K$2+1))))} -> #REF! | L6: =IFERROR(SMALL(K5:K364,ROW()-ROW($L$5)+1),"") | N6: =IFERROR(SUM(L5:L6),"") -> 0 | Q6: =IF(Charts!$B$3="none",E1813,IF(K1813="",NA(),K1813)) -> #REF! | R6: =IF(Charts!$B$3="none",F1813,IF(L1813="",NA(),L1813)) -> #REF! | S6: =IF(Charts!$B$3="none",G1813,IF(M1813="",NA(),M1813)) -> #REF! | T6: =IF(Charts!$B$3="none",H1813,IF(N1813="",NA(),N1813)) -> #REF!
A7: memout | B7: 6 | D7: 3 | E7: =IF(INDIRECT(ADDRESS($D7+2,E$2+1,,,"Instances"))="","",INDIRECT(ADDRESS($D7+2,E$2+1,,,"Instances"))) -> #REF! | F7: =IFERROR(SMALL(E5:E364,ROW()-ROW($F$5)+1),"") | H7: =IFERROR(SUM(F5:F7),"") -> 0 | J7: 3 | K7: {=SWITCH(Charts!$B$3,"average", AVERAGE(INDIRECT(ADDRESS(2+3,K$2+1,,,"Instances") & ":" & ADDRESS(2+3,K$2+1))),"median", MEDIAN(INDIRECT(ADDRESS(2+3,K$2+1,,,"Instances") & ":" & ADDRESS(2+3,K$2+1))),"min", MIN(INDIRECT(ADDRESS(2+3,K$2+1,,,"Instances") & ":" & ADDRESS(2+3,K$2+1))),"max", MAX(INDIRECT(ADDRESS(2+3,K$2+1,,,"Instances") & ":" & ADDRESS(2+3,K$2+1))),"diff", MAX(INDIRECT(ADDRESS(2+3,K$2+1,,,"Instances") & ":" & ADDRESS(2+3,K$2+1)))-MIN(INDIRECT(ADDRESS(2+3,K$2+1,,,"Instances") & ":" & ADDRESS(2+3,K$2+1))))} -> #REF! | L7: =IFERROR(SMALL(K5:K364,ROW()-ROW($L$5)+1),"") | N7: =IFERROR(SUM(L5:L7),"") -> 0 | Q7: =IF(Charts!$B$3="none",E1814,IF(K1814="",NA(),K1814)) -> #REF! | R7: =IF(Charts!$B$3="none",F1814,IF(L1814="",NA(),L1814)) -> #REF! | S7: =IF(Charts!$B$3="none",G1814,IF(M1814="",NA(),M1814)) -> #REF! | T7: =IF(Charts!$B$3="none",H1814,IF(N1814="",NA(),N1814)) -> #REF!
A8: models | B8: 7 | D8: 4 | E8: =IF(INDIRECT(ADDRESS($D8+2,E$2+1,,,"Instances"))="","",INDIRECT(ADDRESS($D8+2,E$2+1,,,"Instances"))) -> #REF! | F8: =IFERROR(SMALL(E5:E364,ROW()-ROW($F$5)+1),"") | H8: =IFERROR(SUM(F5:F8),"") -> 0 | J8: 4 | K8: {=SWITCH(Charts!$B$3,"average", AVERAGE(INDIRECT(ADDRESS(3+3,K$2+1,,,"Instances") & ":" & ADDRESS(3+3,K$2+1))),"median", MEDIAN(INDIRECT(ADDRESS(3+3,K$2+1,,,"Instances") & ":" & ADDRESS(3+3,K$2+1))),"min", MIN(INDIRECT(ADDRESS(3+3,K$2+1,,,"Instances") & ":" & ADDRESS(3+3,K$2+1))),"max", MAX(INDIRECT(ADDRESS(3+3,K$2+1,,,"Instances") & ":" & ADDRESS(3+3,K$2+1))),"diff", MAX(INDIRECT(ADDRESS(3+3,K$2+1,,,"Instances") & ":" & ADDRESS(3+3,K$2+1)))-MIN(INDIRECT(ADDRESS(3+3,K$2+1,,,"Instances") & ":" & ADDRESS(3+3,K$2+1))))} -> #REF! | L8: =IFERROR(SMALL(K5:K364,ROW()-ROW($L$5)+1),"") | N8: =IFERROR(SUM(L5:L8),"") -> 0 | Q8: =IF(Charts!$B$3="none",E1815,IF(K1815="",NA(),K1815)) -> #REF! | R8: =IF(Charts!$B$3="none",F1815,IF(L1815="",NA(),L1815)) -> #REF! | S8: =IF(Charts!$B$3="none",G1815,IF(M1815="",NA(),M1815)) -> #REF! | T8: =IF(Charts!$B$3="none",H1815,IF(N1815="",NA(),N1815)) -> #REF!
A9: overall-time | B9: 8 | D9: 5 | E9: =IF(INDIRECT(ADDRESS($D9+2,E$2+1,,,"Instances"))="","",INDIRECT(ADDRESS($D9+2,E$2+1,,,"Instances"))) -> #REF! | F9: =IFERROR(SMALL(E5:E364,ROW()-ROW($F$5)+1),"") | H9: =IFERROR(SUM(F5:F9),"") -> 0 | J9: 5 | K9: {=SWITCH(Charts!$B$3,"average", AVERAGE(INDIRECT(ADDRESS(4+3,K$2+1,,,"Instances") & ":" & ADDRESS(4+3,K$2+1))),"median", MEDIAN(INDIRECT(ADDRESS(4+3,K$2+1,,,"Instances") & ":" & ADDRESS(4+3,K$2+1))),"min", MIN(INDIRECT(ADDRESS(4+3,K$2+1,,,"Instances") & ":" & ADDRESS(4+3,K$2+1))),"max", MAX(INDIRECT(ADDRESS(4+3,K$2+1,,,"Instances") & ":" & ADDRESS(4+3,K$2+1))),"diff", MAX(INDIRECT(ADDRESS(4+3,K$2+1,,,"Instances") & ":" & ADDRESS(4+3,K$2+1)))-MIN(INDIRECT(ADDRESS(4+3,K$2+1,,,"Instances") & ":" & ADDRESS(4+3,K$2+1))))} -> #REF! | L9: =IFERROR(SMALL(K5:K364,ROW()-ROW($L$5)+1),"") | N9: =IFERROR(SUM(L5:L9),"") -> 0 | Q9: =IF(Charts!$B$3="none",E1816,IF(K1816="",NA(),K1816)) -> #REF! | R9: =IF(Charts!$B$3="none",F1816,IF(L1816="",NA(),L1816)) -> #REF! | S9: =IF(Charts!$B$3="none",G1816,IF(M1816="",NA(),M1816)) -> #REF! | T9: =IF(Charts!$B$3="none",H1816,IF(N1816="",NA(),N1816)) -> #REF!
A10: par2 | B10: 9 | D10: 6 | E10: =IF(INDIRECT(ADDRESS($D10+2,E$2+1,,,"Instances"))="","",INDIRECT(ADDRESS($D10+2,E$2+1,,,"Instances"))) -> #REF! | F10: =IFERROR(SMALL(E5:E364,ROW()-ROW($F$5)+1),"") | H10: =IFERROR(SUM(F5:F10),"") -> 0 | J10: 6 | K10: {=SWITCH(Charts!$B$3,"average", AVERAGE(INDIRECT(ADDRESS(5+3,K$2+1,,,"Instances") & ":" & ADDRESS(5+3,K$2+1))),"median", MEDIAN(INDIRECT(ADDRESS(5+3,K$2+1,,,"Instances") & ":" & ADDRESS(5+3,K$2+1))),"min", MIN(INDIRECT(ADDRESS(5+3,K$2+1,,,"Instances") & ":" & ADDRESS(5+3,K$2+1))),"max", MAX(INDIRECT(ADDRESS(5+3,K$2+1,,,"Instances") & ":" & ADDRESS(5+3,K$2+1))),"diff", MAX(INDIRECT(ADDRESS(5+3,K$2+1,,,"Instances") & ":" & ADDRESS(5+3,K$2+1)))-MIN(INDIRECT(ADDRESS(5+3,K$2+1,,,"Instances") & ":" & ADDRESS(5+3,K$2+1))))} -> #REF! | L10: =IFERROR(SMALL(K5:K364,ROW()-ROW($L$5)+1),"") | N10: =IFERROR(SUM(L5:L10),"") -> 0 | Q10: =IF(Charts!$B$3="none",E1817,IF(K1817="",NA(),K1817)) -> #REF! | R10: =IF(Charts!$B$3="none",F1817,IF(L1817="",NA(),L1817)) -> #REF! | S10: =IF(Charts!$B$3="none",G1817,IF(M1817="",NA(),M1817)) -> #REF! | T10: =IF(Charts!$B$3="none",H1817,IF(N1817="",NA(),N1817)) -> #REF!
A11: restarts | B11: 10 | D11: 7 | E11: =IF(INDIRECT(ADDRESS($D11+2,E$2+1,,,"Instances"))="","",INDIRECT(ADDRESS($D11+2,E$2+1,,,"Instances"))) -> #REF! | F11: =IFERROR(SMALL(E5:E364,ROW()-ROW($F$5)+1),"") | H11: =IFERROR(SUM(F5:F11),"") -> 0 | J11: 7 | K11: {=SWITCH(Charts!$B$3,"average", AVERAGE(INDIRECT(ADDRESS(6+3,K$2+1,,,"Instances") & ":" & ADDRESS(6+3,K$2+1))),"median", MEDIAN(INDIRECT(ADDRESS(6+3,K$2+1,,,"Instances") & ":" & ADDRESS(6+3,K$2+1))),"min", MIN(INDIRECT(ADDRESS(6+3,K$2+1,,,"Instances") & ":" & ADDRESS(6+3,K$2+1))),"max", MAX(INDIRECT(ADDRESS(6+3,K$2+1,,,"Instances") & ":" & ADDRESS(6+3,K$2+1))),"diff", MAX(INDIRECT(ADDRESS(6+3,K$2+1,,,"Instances") & ":" & ADDRESS(6+3,K$2+1)))-MIN(INDIRECT(ADDRESS(6+3,K$2+1,,,"Instances") & ":" & ADDRESS(6+3,K$2+1))))} -> #REF! | L11: =IFERROR(SMALL(K5:K364,ROW()-ROW($L$5)+1),"") | N11: =IFERROR(SUM(L5:L11),"") -> 0 | Q11: =IF(Charts!$B$3="none",E1818,IF(K1818="",NA(),K1818)) -> #REF! | R11: =IF(Charts!$B$3="none",F1818,IF(L1818="",NA(),L1818)) -> #REF! | S11: =IF(Charts!$B$3="none",G1818,IF(M1818="",NA(),M1818)) -> #REF! | T11: =IF(Charts!$B$3="none",H1818,IF(N1818="",NA(),N1818)) -> #REF!
A12: rules | B12: 12 | D12: 8 | E12: =IF(INDIRECT(ADDRESS($D12+2,E$2+1,,,"Instances"))="","",INDIRECT(ADDRESS($D12+2,E$2+1,,,"Instances"))) -> #REF! | F12: =IFERROR(SMALL(E5:E364,ROW()-ROW($F$5)+1),"") | H12: =IFERROR(SUM(F5:F12),"") -> 0 | J12: 8 | K12: {=SWITCH(Charts!$B$3,"average", AVERAGE(INDIRECT(ADDRESS(7+3,K$2+1,,,"Instances") & ":" & ADDRESS(7+3,K$2+1))),"median", MEDIAN(INDIRECT(ADDRESS(7+3,K$2+1,,,"Instances") & ":" & ADDRESS(7+3,K$2+1))),"min", MIN(INDIRECT(ADDRESS(7+3,K$2+1,,,"Instances") & ":" & ADDRESS(7+3,K$2+1))),"max", MAX(INDIRECT(ADDRESS(7+3,K$2+1,,,"Instances") & ":" & ADDRESS(7+3,K$2+1))),"diff", MAX(INDIRECT(ADDRESS(7+3,K$2+1,,,"Instances") & ":" & ADDRESS(7+3,K$2+1)))-MIN(INDIRECT(ADDRESS(7+3,K$2+1,,,"Instances") & ":" & ADDRESS(7+3,K$2+1))))} -> #REF! | L12: =IFERROR(SMALL(K5:K364,ROW()-ROW($L$5)+1),"") | N12: =IFERROR(SUM(L5:L12),"") -> 0 | Q12: =IF(Charts!$B$3="none",E1819,IF(K1819="",NA(),K1819)) -> #REF! | R12: =IF(Charts!$B$3="none",F1819,IF(L1819="",NA(),L1819)) -> #REF! | S12: =IF(Charts!$B$3="none",G1819,IF(M1819="",NA(),M1819)) -> #REF! | T12: =IF(Charts!$B$3="none",H1819,IF(N1819="",NA(),N1819)) -> #REF!
A13: solving-time | B13: 13 | D13: 9 | E13: =IF(INDIRECT(ADDRESS($D13+2,E$2+1,,,"Instances"))="","",INDIRECT(ADDRESS($D13+2,E$2+1,,,"Instances"))) -> #REF! | F13: =IFERROR(SMALL(E5:E364,ROW()-ROW($F$5)+1),"") | H13: =IFERROR(SUM(F5:F13),"") -> 0 | J13: 9 | K13: {=SWITCH(Charts!$B$3,"average", AVERAGE(INDIRECT(ADDRESS(8+3,K$2+1,,,"Instances") & ":" & ADDRESS(8+3,K$2+1))),"median", MEDIAN(INDIRECT(ADDRESS(8+3,K$2+1,,,"Instances") & ":" & ADDRESS(8+3,K$2+1))),"min", MIN(INDIRECT(ADDRESS(8+3,K$2+1,,,"Instances") & ":" & ADDRESS(8+3,K$2+1))),"max", MAX(INDIRECT(ADDRESS(8+3,K$2+1,,,"Instances") & ":" & ADDRESS(8+3,K$2+1))),"diff", MAX(INDIRECT(ADDRESS(8+3,K$2+1,,,"Instances") & ":" & ADDRESS(8+3,K$2+1)))-MIN(INDIRECT(ADDRESS(8+3,K$2+1,,,"Instances") & ":" & ADDRESS(8+3,K$2+1))))} -> #REF! | L13: =IFERROR(SMALL(K5:K364,ROW()-ROW($L$5)+1),"") | N13: =IFERROR(SUM(L5:L13),"") -> 0 | Q13: =IF(Charts!$B$3="none",E1820,IF(K1820="",NA(),K1820)) -> #REF! | R13: =IF(Charts!$B$3="none",F1820,IF(L1820="",NA(),L1820)) -> #REF! | S13: =IF(Charts!$B$3="none",G1820,IF(M1820="",NA(),M1820)) -> #REF! | T13: =IF(Charts!$B$3="none",H1820,IF(N1820="",NA(),N1820)) -> #REF!
A14: time | B14: 15 | D14: 10 | E14: =IF(INDIRECT(ADDRESS($D14+2,E$2+1,,,"Instances"))="","",INDIRECT(ADDRESS($D14+2,E$2+1,,,"Instances"))) -> #REF! | F14: =IFERROR(SMALL(E5:E364,ROW()-ROW($F$5)+1),"") | H14: =IFERROR(SUM(F5:F14),"") -> 0 | J14: 10 | K14: {=SWITCH(Charts!$B$3,"average", AVERAGE(INDIRECT(ADDRESS(9+3,K$2+1,,,"Instances") & ":" & ADDRESS(9+3,K$2+1))),"median", MEDIAN(INDIRECT(ADDRESS(9+3,K$2+1,,,"Instances") & ":" & ADDRESS(9+3,K$2+1))),"min", MIN(INDIRECT(ADDRESS(9+3,K$2+1,,,"Instances") & ":" & ADDRESS(9+3,K$2+1))),"max", MAX(INDIRECT(ADDRESS(9+3,K$2+1,,,"Instances") & ":" & ADDRESS(9+3,K$2+1))),"diff", MAX(INDIRECT(ADDRESS(9+3,K$2+1,,,"Instances") & ":" & ADDRESS(9+3,K$2+1)))-MIN(INDIRECT(ADDRESS(9+3,K$2+1,,,"Instances") & ":" & ADDRESS(9+3,K$2+1))))} -> #REF! | L14: =IFERROR(SMALL(K5:K364,ROW()-ROW($L$5)+1),"") | N14: =IFERROR(SUM(L5:L14),"") -> 0 | Q14: =IF(Charts!$B$3="none",E1821,IF(K1821="",NA(),K1821)) -> #REF! | R14: =IF(Charts!$B$3="none",F1821,IF(L1821="",NA(),L1821)) -> #REF! | S14: =IF(Charts!$B$3="none",G1821,IF(M1821="",NA(),M1821)) -> #REF! | T14: =IF(Charts!$B$3="none",H1821,IF(N1821="",NA(),N1821)) -> #REF!
A15: timeout | B15: 16 | D15: 11 | E15: =IF(INDIRECT(ADDRESS($D15+2,E$2+1,,,"Instances"))="","",INDIRECT(ADDRESS($D15+2,E$2+1,,,"Instances"))) -> #REF! | F15: =IFERROR(SMALL(E5:E364,ROW()-ROW($F$5)+1),"") | H15: =IFERROR(SUM(F5:F15),"") -> 0 | J15: 11 | K15: {=SWITCH(Charts!$B$3,"average", AVERAGE(INDIRECT(ADDRESS(10+3,K$2+1,,,"Instances") & ":" & ADDRESS(10+3,K$2+1))),"median", MEDIAN(INDIRECT(ADDRESS(10+3,K$2+1,,,"Instances") & ":" & ADDRESS(10+3,K$2+1))),"min", MIN(INDIRECT(ADDRESS(10+3,K$2+1,,,"Instances") & ":" & ADDRESS(10+3,K$2+1))),"max", MAX(INDIRECT(ADDRESS(10+3,K$2+1,,,"Instances") & ":" & ADDRESS(10+3,K$2+1))),"diff", MAX(INDIRECT(ADDRESS(10+3,K$2+1,,,"Instances") & ":" & ADDRESS(10+3,K$2+1)))-MIN(INDIRECT(ADDRESS(10+3,K$2+1,,,"Instances") & ":" & ADDRESS(10+3,K$2+1))))} -> #REF! | L15: =IFERROR(SMALL(K5:K364,ROW()-ROW($L$5)+1),"") | N15: =IFERROR(SUM(L5:L15),"") -> 0 | Q15: =IF(Charts!$B$3="none",E1822,IF(K1822="",NA(),K1822)) -> #REF! | R15: =IF(Charts!$B$3="none",F1822,IF(L1822="",NA(),L1822)) -> #REF! | S15: =IF(Charts!$B$3="none",G1822,IF(M1822="",NA(),M1822)) -> #REF! | T15: =IF(Charts!$B$3="none",H1822,IF(N1822="",NA(),N1822)) -> #REF!
A16: variables | B16: 17 | D16: 12 | E16: =IF(INDIRECT(ADDRESS($D16+2,E$2+1,,,"Instances"))="","",INDIRECT(ADDRESS($D16+2,E$2+1,,,"Instances"))) -> #REF! | F16: =IFERROR(SMALL(E5:E364,ROW()-ROW($F$5)+1),"") | H16: =IFERROR(SUM(F5:F16),"") -> 0 | J16: 12 | K16: {=SWITCH(Charts!$B$3,"average", AVERAGE(INDIRECT(ADDRESS(11+3,K$2+1,,,"Instances") & ":" & ADDRESS(11+3,K$2+1))),"median", MEDIAN(INDIRECT(ADDRESS(11+3,K$2+1,,,"Instances") & ":" & ADDRESS(11+3,K$2+1))),"min", MIN(INDIRECT(ADDRESS(11+3,K$2+1,,,"Instances") & ":" & ADDRESS(11+3,K$2+1))),"max", MAX(INDIRECT(ADDRESS(11+3,K$2+1,,,"Instances") & ":" & ADDRESS(11+3,K$2+1))),"diff", MAX(INDIRECT(ADDRESS(11+3,K$2+1,,,"Instances") & ":" & ADDRESS(11+3,K$2+1)))-MIN(INDIRECT(ADDRESS(11+3,K$2+1,,,"Instances") & ":" & ADDRESS(11+3,K$2+1))))} -> #REF! | L16: =IFERROR(SMALL(K5:K364,ROW()-ROW($L$5)+1),"") | N16: =IFERROR(SUM(L5:L16),"") -> 0 | Q16: =IF(Charts!$B$3="none",E1823,IF(K1823="",NA(),K1823)) -> #REF! | R16: =IF(Charts!$B$3="none",F1823,IF(L1823="",NA(),L1823)) -> #REF! | S16: =IF(Charts!$B$3="none",G1823,IF(M1823="",NA(),M1823)) -> #REF! | T16: =IF(Charts!$B$3="none",H1823,IF(N1823="",NA(),N1823)) -> #REF!
D17: 13 | E17: =IF(INDIRECT(ADDRESS($D17+2,E$2+1,,,"Instances"))="","",INDIRECT(ADDRESS($D17+2,E$2+1,,,"Instances"))) -> #REF! | F17: =IFERROR(SMALL(E5:E364,ROW()-ROW($F$5)+1),"") | H17: =IFERROR(SUM(F5:F17),"") -> 0 | J17: 13 | K17: {=SWITCH(Charts!$B$3,"average", AVERAGE(INDIRECT(ADDRESS(12+3,K$2+1,,,"Instances") & ":" & ADDRESS(12+3,K$2+1))),"median", MEDIAN(INDIRECT(ADDRESS(12+3,K$2+1,,,"Instances") & ":" & ADDRESS(12+3,K$2+1))),"min", MIN(INDIRECT(ADDRESS(12+3,K$2+1,,,"Instances") & ":" & ADDRESS(12+3,K$2+1))),"max", MAX(INDIRECT(ADDRESS(12+3,K$2+1,,,"Instances") & ":" & ADDRESS(12+3,K$2+1))),"diff", MAX(INDIRECT(ADDRESS(12+3,K$2+1,,,"Instances") & ":" & ADDRESS(12+3,K$2+1)))-MIN(INDIRECT(ADDRESS(12+3,K$2+1,,,"Instances") & ":" & ADDRESS(12+3,K$2+1))))} -> #REF! | L17: =IFERROR(SMALL(K5:K364,ROW()-ROW($L$5)+1),"") | N17: =IFERROR(SUM(L5:L17),"") -> 0 | Q17: =IF(Charts!$B$3="none",E1824,IF(K1824="",NA(),K1824)) -> #REF! | R17: =IF(Charts!$B$3="none",F1824,IF(L1824="",NA(),L1824)) -> #REF! | S17: =IF(Charts!$B$3="none",G1824,IF(M1824="",NA(),M1824)) -> #REF! | T17: =IF(Charts!$B$3="none",H1824,IF(N1824="",NA(),N1824)) -> #REF!
D18: 14 | E18: =IF(INDIRECT(ADDRESS($D18+2,E$2+1,,,"Instances"))="","",INDIRECT(ADDRESS($D18+2,E$2+1,,,"Instances"))) -> #REF! | F18: =IFERROR(SMALL(E5:E364,ROW()-ROW($F$5)+1),"") | H18: =IFERROR(SUM(F5:F18),"") -> 0 | J18: 14 | K18: {=SWITCH(Charts!$B$3,"average", AVERAGE(INDIRECT(ADDRESS(13+3,K$2+1,,,"Instances") & ":" & ADDRESS(13+3,K$2+1))),"median", MEDIAN(INDIRECT(ADDRESS(13+3,K$2+1,,,"Instances") & ":" & ADDRESS(13+3,K$2+1))),"min", MIN(INDIRECT(ADDRESS(13+3,K$2+1,,,"Instances") & ":" & ADDRESS(13+3,K$2+1))),"max", MAX(INDIRECT(ADDRESS(13+3,K$2+1,,,"Instances") & ":" & ADDRESS(13+3,K$2+1))),"diff", MAX(INDIRECT(ADDRESS(13+3,K$2+1,,,"Instances") & ":" & ADDRESS(13+3,K$2+1)))-MIN(INDIRECT(ADDRESS(13+3,K$2+1,,,"Instances") & ":" & ADDRESS(13+3,K$2+1))))} -> #REF! | L18: =IFERROR(SMALL(K5:K364,ROW()-ROW($L$5)+1),"") | N18: =IFERROR(SUM(L5:L18),"") -> 0 | Q18: =IF(Charts!$B$3="none",E1825,IF(K1825="",NA(),K1825)) -> #REF! | R18: =IF(Charts!$B$3="none",F1825,IF(L1825="",NA(),L1825)) -> #REF! | S18: =IF(Charts!$B$3="none",G1825,IF(M1825="",NA(),M1825)) -> #REF! | T18: =IF(Charts!$B$3="none",H1825,IF(N1825="",NA(),N1825)) -> #REF!
D19: 15 | E19: =IF(INDIRECT(ADDRESS($D19+2,E$2+1,,,"Instances"))="","",INDIRECT(ADDRESS($D19+2,E$2+1,,,"Instances"))) -> #REF! | F19: =IFERROR(SMALL(E5:E364,ROW()-ROW($F$5)+1),"") | H19: =IFERROR(SUM(F5:F19),"") -> 0 | J19: 15 | K19: {=SWITCH(Charts!$B$3,"average", AVERAGE(INDIRECT(ADDRESS(14+3,K$2+1,,,"Instances") & ":" & ADDRESS(14+3,K$2+1))),"median", MEDIAN(INDIRECT(ADDRESS(14+3,K$2+1,,,"Instances") & ":" & ADDRESS(14+3,K$2+1))),"min", MIN(INDIRECT(ADDRESS(14+3,K$2+1,,,"Instances") & ":" & ADDRESS(14+3,K$2+1))),"max", MAX(INDIRECT(ADDRESS(14+3,K$2+1,,,"Instances") & ":" & ADDRESS(14+3,K$2+1))),"diff", MAX(INDIRECT(ADDRESS(14+3,K$2+1,,,"Instances") & ":" & ADDRESS(14+3,K$2+1)))-MIN(INDIRECT(ADDRESS(14+3,K$2+1,,,"Instances") & ":" & ADDRESS(14+3,K$2+1))))} -> #REF! | L19: =IFERROR(SMALL(K5:K364,ROW()-ROW($L$5)+1),"") | N19: =IFERROR(SUM(L5:L19),"") -> 0 | Q19: =IF(Charts!$B$3="none",E1826,IF(K1826="",NA(),K1826)) -> #REF! | R19: =IF(Charts!$B$3="none",F1826,IF(L1826="",NA(),L1826)) -> #REF! | S19: =IF(Charts!$B$3="none",G1826,IF(M1826="",NA(),M1826)) -> #REF! | T19: =IF(Charts!$B$3="none",H1826,IF(N1826="",NA(),N1826)) -> #REF!
D20: 16 | E20: =IF(INDIRECT(ADDRESS($D20+2,E$2+1,,,"Instances"))="","",INDIRECT(ADDRESS($D20+2,E$2+1,,,"Instances"))) -> #REF! | F20: =IFERROR(SMALL(E5:E364,ROW()-ROW($F$5)+1),"") | H20: =IFERROR(SUM(F5:F20),"") -> 0 | J20: 16 | K20: {=SWITCH(Charts!$B$3,"average", AVERAGE(INDIRECT(ADDRESS(15+3,K$2+1,,,"Instances") & ":" & ADDRESS(15+3,K$2+1))),"median", MEDIAN(INDIRECT(ADDRESS(15+3,K$2+1,,,"Instances") & ":" & ADDRESS(15+3,K$2+1))),"min", MIN(INDIRECT(ADDRESS(15+3,K$2+1,,,"Instances") & ":" & ADDRESS(15+3,K$2+1))),"max", MAX(INDIRECT(ADDRESS(15+3,K$2+1,,,"Instances") & ":" & ADDRESS(15+3,K$2+1))),"diff", MAX(INDIRECT(ADDRESS(15+3,K$2+1,,,"Instances") & ":" & ADDRESS(15+3,K$2+1)))-MIN(INDIRECT(ADDRESS(15+3,K$2+1,,,"Instances") & ":" & ADDRESS(15+3,K$2+1))))} -> #REF! | L20: =IFERROR(SMALL(K5:K364,ROW()-ROW($L$5)+1),"") | N20: =IFERROR(SUM(L5:L20),"") -> 0 | Q20: =IF(Charts!$B$3="none",E1827,IF(K1827="",NA(),K1827)) -> #REF! | R20: =IF(Charts!$B$3="none",F1827,IF(L1827="",NA(),L1827)) -> #REF! | S20: =IF(Charts!$B$3="none",G1827,IF(M1827="",NA(),M1827)) -> #REF! | T20: =IF(Charts!$B$3="none",H1827,IF(N1827="",NA(),N1827)) -> #REF!
D21: 17 | E21: =IF(INDIRECT(ADDRESS($D21+2,E$2+1,,,"Instances"))="","",INDIRECT(ADDRESS($D21+2,E$2+1,,,"Instances"))) -> #REF! | F21: =IFERROR(SMALL(E5:E364,ROW()-ROW($F$5)+1),"") | H21: =IFERROR(SUM(F5:F21),"") -> 0 | J21: 17 | K21: {=SWITCH(Charts!$B$3,"average", AVERAGE(INDIRECT(ADDRESS(16+3,K$2+1,,,"Instances") & ":" & ADDRESS(16+3,K$2+1))),"median", MEDIAN(INDIRECT(ADDRESS(16+3,K$2+1,,,"Instances") & ":" & ADDRESS(16+3,K$2+1))),"min", MIN(INDIRECT(ADDRESS(16+3,K$2+1,,,"Instances") & ":" & ADDRESS(16+3,K$2+1))),"max", MAX(INDIRECT(ADDRESS(16+3,K$2+1,,,"Instances") & ":" & ADDRESS(16+3,K$2+1))),"diff", MAX(INDIRECT(ADDRESS(16+3,K$2+1,,,"Instances") & ":" & ADDRESS(16+3,K$2+1)))-MIN(INDIRECT(ADDRESS(16+3,K$2+1,,,"Instances") & ":" & ADDRESS(16+3,K$2+1))))} -> #REF! | L21: =IFERROR(SMALL(K5:K364,ROW()-ROW($L$5)+1),"") | N21: =IFERROR(SUM(L5:L21),"") -> 0 | Q21: =IF(Charts!$B$3="none",E1828,IF(K1828="",NA(),K1828)) -> #REF! | R21: =IF(Charts!$B$3="none",F1828,IF(L1828="",NA(),L1828)) -> #REF! | S21: =IF(Charts!$B$3="none",G1828,IF(M1828="",NA(),M1828)) -> #REF! | T21: =IF(Charts!$B$3="none",H1828,IF(N1828="",NA(),N1828)) -> #REF!
D22: 18 | E22: =IF(INDIRECT(ADDRESS($D22+2,E$2+1,,,"Instances"))="","",INDIRECT(ADDRESS($D22+2,E$2+1,,,"Instances"))) -> #REF! | F22: =IFERROR(SMALL(E5:E364,ROW()-ROW($F$5)+1),"") | H22: =IFERROR(SUM(F5:F22),"") -> 0 | J22: 18 | K22: {=SWITCH(Charts!$B$3,"average", AVERAGE(INDIRECT(ADDRESS(17+3,K$2+1,,,"Instances") & ":" & ADDRESS(17+3,K$2+1))),"median", MEDIAN(INDIRECT(ADDRESS(17+3,K$2+1,,,"Instances") & ":" & ADDRESS(17+3,K$2+1))),"min", MIN(INDIRECT(ADDRESS(17+3,K$2+1,,,"Instances") & ":" & ADDRESS(17+3,K$2+1))),"max", MAX(INDIRECT(ADDRESS(17+3,K$2+1,,,"Instances") & ":" & ADDRESS(17+3,K$2+1))),"diff", MAX(INDIRECT(ADDRESS(17+3,K$2+1,,,"Instances") & ":" & ADDRESS(17+3,K$2+1)))-MIN(INDIRECT(ADDRESS(17+3,K$2+1,,,"Instances") & ":" & ADDRESS(17+3,K$2+1))))} -> #REF! | L22: =IFERROR(SMALL(K5:K364,ROW()-ROW($L$5)+1),"") | N22: =IFERROR(SUM(L5:L22),"") -> 0 | Q22: =IF(Charts!$B$3="none",E1829,IF(K1829="",NA(),K1829)) -> #REF! | R22: =IF(Charts!$B$3="none",F1829,IF(L1829="",NA(),L1829)) -> #REF! | S22: =IF(Charts!$B$3="none",G1829,IF(M1829="",NA(),M1829)) -> #REF! | T22: =IF(Charts!$B$3="none",H1829,IF(N1829="",NA(),N1829)) -> #REF!
D23: 19 | E23: =IF(INDIRECT(ADDRESS($D23+2,E$2+1,,,"Instances"))="","",INDIRECT(ADDRESS($D23+2,E$2+1,,,"Instances"))) -> #REF! | F23: =IFERROR(SMALL(E5:E364,ROW()-ROW($F$5)+1),"") | H23: =IFERROR(SUM(F5:F23),"") -> 0 | J23: 19 | K23: {=SWITCH(Charts!$B$3,"average", AVERAGE(INDIRECT(ADDRESS(18+3,K$2+1,,,"Instances") & ":" & ADDRESS(18+3,K$2+1))),"median", MEDIAN(INDIRECT(ADDRESS(18+3,K$2+1,,,"Instances") & ":" & ADDRESS(18+3,K$2+1))),"min", MIN(INDIRECT(ADDRESS(18+3,K$2+1,,,"Instances") & ":" & ADDRESS(18+3,K$2+1))),"max", MAX(INDIRECT(ADDRESS(18+3,K$2+1,,,"Instances") & ":" & ADDRESS(18+3,K$2+1))),"diff", MAX(INDIRECT(ADDRESS(18+3,K$2+1,,,"Instances") & ":" & ADDRESS(18+3,K$2+1)))-MIN(INDIRECT(ADDRESS(18+3,K$2+1,,,"Instances") & ":" & ADDRESS(18+3,K$2+1))))} -> #REF! | L23: =IFERROR(SMALL(K5:K364,ROW()-ROW($L$5)+1),"") | N23: =IFERROR(SUM(L5:L23),"") -> 0 | Q23: =IF(Charts!$B$3="none",E1830,IF(K1830="",NA(),K1830)) -> #REF! | R23: =IF(Charts!$B$3="none",F1830,IF(L1830="",NA(),L1830)) -> #REF! | S23: =IF(Charts!$B$3="none",G1830,IF(M1830="",NA(),M1830)) -> #REF! | T23: =IF(Charts!$B$3="none",H1830,IF(N1830="",NA(),N1830)) -> #REF!
D24: 20 | E24: =IF(INDIRECT(ADDRESS($D24+2,E$2+1,,,"Instances"))="","",INDIRECT(ADDRESS($D24+2,E$2+1,,,"Instances"))) -> #REF! | F24: =IFERROR(SMALL(E5:E364,ROW()-ROW($F$5)+1),"") | H24: =IFERROR(SUM(F5:F24),"") -> 0 | J24: 20 | K24: {=SWITCH(Charts!$B$3,"average", AVERAGE(INDIRECT(ADDRESS(19+3,K$2+1,,,"Instances") & ":" & ADDRESS(19+3,K$2+1))),"median", MEDIAN(INDIRECT(ADDRESS(19+3,K$2+1,,,"Instances") & ":" & ADDRESS(19+3,K$2+1))),"min", MIN(INDIRECT(ADDRESS(19+3,K$2+1,,,"Instances") & ":" & ADDRESS(19+3,K$2+1))),"max", MAX(INDIRECT(ADDRESS(19+3,K$2+1,,,"Instances") & ":" & ADDRESS(19+3,K$2+1))),"diff", MAX(INDIRECT(ADDRESS(19+3,K$2+1,,,"Instances") & ":" & ADDRESS(19+3,K$2+1)))-MIN(INDIRECT(ADDRESS(19+3,K$2+1,,,"Instances") & ":" & ADDRESS(19+3,K$2+1))))} -> #REF! | L24: =IFERROR(SMALL(K5:K364,ROW()-ROW($L$5)+1),"") | N24: =IFERROR(SUM(L5:L24),"") -> 0 | Q24: =IF(Charts!$B$3="none",E1831,IF(K1831="",NA(),K1831)) -> #REF! | R24: =IF(Charts!$B$3="none",F1831,IF(L1831="",NA(),L1831)) -> #REF! | S24: =IF(Charts!$B$3="none",G1831,IF(M1831="",NA(),M1831)) -> #REF! | T24: =IF(Charts!$B$3="none",H1831,IF(N1831="",NA(),N1831)) -> #REF!
D25: 21 | E25: =IF(INDIRECT(ADDRESS($D25+2,E$2+1,,,"Instances"))="","",INDIRECT(ADDRESS($D25+2,E$2+1,,,"Instances"))) -> #REF! | F25: =IFERROR(SMALL(E5:E364,ROW()-ROW($F$5)+1),"") | H25: =IFERROR(SUM(F5:F25),"") -> 0 | J25: 21 | K25: {=SWITCH(Charts!$B$3,"average", AVERAGE(INDIRECT(ADDRESS(20+3,K$2+1,,,"Instances") & ":" & ADDRESS(20+3,K$2+1))),"median", MEDIAN(INDIRECT(ADDRESS(20+3,K$2+1,,,"Instances") & ":" & ADDRESS(20+3,K$2+1))),"min", MIN(INDIRECT(ADDRESS(20+3,K$2+1,,,"Instances") & ":" & ADDRESS(20+3,K$2+1))),"max", MAX(INDIRECT(ADDRESS(20+3,K$2+1,,,"Instances") & ":" & ADDRESS(20+3,K$2+1))),"diff", MAX(INDIRECT(ADDRESS(20+3,K$2+1,,,"Instances") & ":" & ADDRESS(20+3,K$2+1)))-MIN(INDIRECT(ADDRESS(20+3,K$2+1,,,"Instances") & ":" & ADDRESS(20+3,K$2+1))))} -> #REF! | L25: =IFERROR(SMALL(K5:K364,ROW()-ROW($L$5)+1),"") | N25: =IFERROR(SUM(L5:L25),"") -> 0 | Q25: =IF(Charts!$B$3="none",E1832,IF(K1832="",NA(),K1832)) -> #REF! | R25: =IF(Charts!$B$3="none",F1832,IF(L1832="",NA(),L1832)) -> #REF! | S25: =IF(Charts!$B$3="none",G1832,IF(M1832="",NA(),M1832)) -> #REF! | T25: =IF(Charts!$B$3="none",H1832,IF(N1832="",NA(),N1832)) -> #REF!
D26: 22 | E26: =IF(INDIRECT(ADDRESS($D26+2,E$2+1,,,"Instances"))="","",INDIRECT(ADDRESS($D26+2,E$2+1,,,"Instances"))) -> #REF! | F26: =IFERROR(SMALL(E5:E364,ROW()-ROW($F$5)+1),"") | H26: =IFERROR(SUM(F5:F26),"") -> 0 | J26: 22 | K26: {=SWITCH(Charts!$B$3,"average", AVERAGE(INDIRECT(ADDRESS(21+3,K$2+1,,,"Instances") & ":" & ADDRESS(21+3,K$2+1))),"median", MEDIAN(INDIRECT(ADDRESS(21+3,K$2+1,,,"Instances") & ":" & ADDRESS(21+3,K$2+1))),"min", MIN(INDIRECT(ADDRESS(21+3,K$2+1,,,"Instances") & ":" & ADDRESS(21+3,K$2+1))),"max", MAX(INDIRECT(ADDRESS(21+3,K$2+1,,,"Instances") & ":" & ADDRESS(21+3,K$2+1))),"diff", MAX(INDIRECT(ADDRESS(21+3,K$2+1,,,"Instances") & ":" & ADDRESS(21+3,K$2+1)))-MIN(INDIRECT(ADDRESS(21+3,K$2+1,,,"Instances") & ":" & ADDRESS(21+3,K$2+1))))} -> #REF! | L26: =IFERROR(SMALL(K5:K364,ROW()-ROW($L$5)+1),"") | N26: =IFERROR(SUM(L5:L26),"") -> 0 | Q26: =IF(Charts!$B$3="none",E1833,IF(K1833="",NA(),K1833)) -> #REF! | R26: =IF(Charts!$B$3="none",F1833,IF(L1833="",NA(),L1833)) -> #REF! | S26: =IF(Charts!$B$3="none",G1833,IF(M1833="",NA(),M1833)) -> #REF! | T26: =IF(Charts!$B$3="none",H1833,IF(N1833="",NA(),N1833)) -> #REF!
D27: 23 | E27: =IF(INDIRECT(ADDRESS($D27+2,E$2+1,,,"Instances"))="","",INDIRECT(ADDRESS($D27+2,E$2+1,,,"Instances"))) -> #REF! | F27: =IFERROR(SMALL(E5:E364,ROW()-ROW($F$5)+1),"") | H27: =IFERROR(SUM(F5:F27),"") -> 0 | J27: 23 | K27: {=SWITCH(Charts!$B$3,"average", AVERAGE(INDIRECT(ADDRESS(22+3,K$2+1,,,"Instances") & ":" & ADDRESS(22+3,K$2+1))),"median", MEDIAN(INDIRECT(ADDRESS(22+3,K$2+1,,,"Instances") & ":" & ADDRESS(22+3,K$2+1))),"min", MIN(INDIRECT(ADDRESS(22+3,K$2+1,,,"Instances") & ":" & ADDRESS(22+3,K$2+1))),"max", MAX(INDIRECT(ADDRESS(22+3,K$2+1,,,"Instances") & ":" & ADDRESS(22+3,K$2+1))),"diff", MAX(INDIRECT(ADDRESS(22+3,K$2+1,,,"Instances") & ":" & ADDRESS(22+3,K$2+1)))-MIN(INDIRECT(ADDRESS(22+3,K$2+1,,,"Instances") & ":" & ADDRESS(22+3,K$2+1))))} -> #REF! | L27: =IFERROR(SMALL(K5:K364,ROW()-ROW($L$5)+1),"") | N27: =IFERROR(SUM(L5:L27),"") -> 0 | Q27: =IF(Charts!$B$3="none",E1834,IF(K1834="",NA(),K1834)) -> #REF! | R27: =IF(Charts!$B$3="none",F1834,IF(L1834="",NA(),L1834)) -> #REF! | S27: =IF(Charts!$B$3="none",G1834,IF(M1834="",NA(),M1834)) -> #REF! | T27: =IF(Charts!$B$3="none",H1834,IF(N1834="",NA(),N1834)) -> #REF!
D28: 24 | E28: =IF(INDIRECT(ADDRESS($D28+2,E$2+1,,,"Instances"))="","",INDIRECT(ADDRESS($D28+2,E$2+1,,,"Instances"))) -> #REF! | F28: =IFERROR(SMALL(E5:E364,ROW()-ROW($F$5)+1),"") | H28: =IFERROR(SUM(F5:F28),"") -> 0 | J28: 24 | K28: {=SWITCH(Charts!$B$3,"average", AVERAGE(INDIRECT(ADDRESS(23+3,K$2+1,,,"Instances") & ":" & ADDRESS(23+3,K$2+1))),"median", MEDIAN(INDIRECT(ADDRESS(23+3,K$2+1,,,"Instances") & ":" & ADDRESS(23+3,K$2+1))),"min", MIN(INDIRECT(ADDRESS(23+3,K$2+1,,,"Instances") & ":" & ADDRESS(23+3,K$2+1))),"max", MAX(INDIRECT(ADDRESS(23+3,K$2+1,,,"Instances") & ":" & ADDRESS(23+3,K$2+1))),"diff", MAX(INDIRECT(ADDRESS(23+3,K$2+1,,,"Instances") & ":" & ADDRESS(23+3,K$2+1)))-MIN(INDIRECT(ADDRESS(23+3,K$2+1,,,"Instances") & ":" & ADDRESS(23+3,K$2+1))))} -> #REF! | L28: =IFERROR(SMALL(K5:K364,ROW()-ROW($L$5)+1),"") | N28: =IFERROR(SUM(L5:L28),"") -> 0 | Q28: =IF(Charts!$B$3="none",E1835,IF(K1835="",NA(),K1835)) -> #REF! | R28: =IF(Charts!$B$3="none",F1835,IF(L1835="",NA(),L1835)) -> #REF! | S28: =IF(Charts!$B$3="none",G1835,IF(M1835="",NA(),M1835)) -> #REF! | T28: =IF(Charts!$B$3="none",H1835,IF(N1835="",NA(),N1835)) -> #REF!
D29: 25 | E29: =IF(INDIRECT(ADDRESS($D29+2,E$2+1,,,"Instances"))="","",INDIRECT(ADDRESS($D29+2,E$2+1,,,"Instances"))) -> #REF! | F29: =IFERROR(SMALL(E5:E364,ROW()-ROW($F$5)+1),"") | H29: =IFERROR(SUM(F5:F29),"") -> 0 | J29: 25 | K29: {=SWITCH(Charts!$B$3,"average", AVERAGE(INDIRECT(ADDRESS(24+3,K$2+1,,,"Instances") & ":" & ADDRESS(24+3,K$2+1))),"median", MEDIAN(INDIRECT(ADDRESS(24+3,K$2+1,,,"Instances") & ":" & ADDRESS(24+3,K$2+1))),"min", MIN(INDIRECT(ADDRESS(24+3,K$2+1,,,"Instances") & ":" & ADDRESS(24+3,K$2+1))),"max", MAX(INDIRECT(ADDRESS(24+3,K$2+1,,,"Instances") & ":" & ADDRESS(24+3,K$2+1))),"diff", MAX(INDIRECT(ADDRESS(24+3,K$2+1,,,"Instances") & ":" & ADDRESS(24+3,K$2+1)))-MIN(INDIRECT(ADDRESS(24+3,K$2+1,,,"Instances") & ":" & ADDRESS(24+3,K$2+1))))} -> #REF! | L29: =IFERROR(SMALL(K5:K364,ROW()-ROW($L$5)+1),"") | N29: =IFERROR(SUM(L5:L29),"") -> 0 | Q29: =IF(Charts!$B$3="none",E1836,IF(K1836="",NA(),K1836)) -> #REF! | R29: =IF(Charts!$B$3="none",F1836,IF(L1836="",NA(),L1836)) -> #REF! | S29: =IF(Charts!$B$3="none",G1836,IF(M1836="",NA(),M1836)) -> #REF! | T29: =IF(Charts!$B$3="none",H1836,IF(N1836="",NA(),N1836)) -> #REF!
D30: 26 | E30: =IF(INDIRECT(ADDRESS($D30+2,E$2+1,,,"Instances"))="","",INDIRECT(ADDRESS($D30+2,E$2+1,,,"Instances"))) -> #REF! | F30: =IFERROR(SMALL(E5:E364,ROW()-ROW($F$5)+1),"") | H30: =IFERROR(SUM(F5:F30),"") -> 0 | J30: 26 | K30: {=SWITCH(Charts!$B$3,"average", AVERAGE(INDIRECT(ADDRESS(25+3,K$2+1,,,"Instances") & ":" & ADDRESS(25+3,K$2+1))),"median", MEDIAN(INDIRECT(ADDRESS(25+3,K$2+1,,,"Instances") & ":" & ADDRESS(25+3,K$2+1))),"min", MIN(INDIRECT(ADDRESS(25+3,K$2+1,,,"Instances") & ":" & ADDRESS(25+3,K$2+1))),"max", MAX(INDIRECT(ADDRESS(25+3,K$2+1,,,"Instances") & ":" & ADDRESS(25+3,K$2+1))),"diff", MAX(INDIRECT(ADDRESS(25+3,K$2+1,,,"Instances") & ":" & ADDRESS(25+3,K$2+1)))-MIN(INDIRECT(ADDRESS(25+3,K$2+1,,,"Instances") & ":" & ADDRESS(25+3,K$2+1))))} -> #REF! | L30: =IFERROR(SMALL(K5:K364,ROW()-ROW($L$5)+1),"") | N30: =IFERROR(SUM(L5:L30),"") -> 0 | Q30: =IF(Charts!$B$3="none",E1837,IF(K1837="",NA(),K1837)) -> #REF! | R30: =IF(Charts!$B$3="none",F1837,IF(L1837="",NA(),L1837)) -> #REF! | S30: =IF(Charts!$B$3="none",G1837,IF(M1837="",NA(),M1837)) -> #REF! | T30: =IF(Charts!$B$3="none",H1837,IF(N1837="",NA(),N1837)) -> #REF!
D31: 27 | E31: =IF(INDIRECT(ADDRESS($D31+2,E$2+1,,,"Instances"))="","",INDIRECT(ADDRESS($D31+2,E$2+1,,,"Instances"))) -> #REF! | F31: =IFERROR(SMALL(E5:E364,ROW()-ROW($F$5)+1),"") | H31: =IFERROR(SUM(F5:F31),"") -> 0 | J31: 27 | K31: {=SWITCH(Charts!$B$3,"average", AVERAGE(INDIRECT(ADDRESS(26+3,K$2+1,,,"Instances") & ":" & ADDRESS(26+3,K$2+1))),"median", MEDIAN(INDIRECT(ADDRESS(26+3,K$2+1,,,"Instances") & ":" & ADDRESS(26+3,K$2+1))),"min", MIN(INDIRECT(ADDRESS(26+3,K$2+1,,,"Instances") & ":" & ADDRESS(26+3,K$2+1))),"max", MAX(INDIRECT(ADDRESS(26+3,K$2+1,,,"Instances") & ":" & ADDRESS(26+3,K$2+1))),"diff", MAX(INDIRECT(ADDRESS(26+3,K$2+1,,,"Instances") & ":" & ADDRESS(26+3,K$2+1)))-MIN(INDIRECT(ADDRESS(26+3,K$2+1,,,"Instances") & ":" & ADDRESS(26+3,K$2+1))))} -> #REF! | L31: =IFERROR(SMALL(K5:K364,ROW()-ROW($L$5)+1),"") | N31: =IFERROR(SUM(L5:L31),"") -> 0 | Q31: =IF(Charts!$B$3="none",E1838,IF(K1838="",NA(),K1838)) -> #REF! | R31: =IF(Charts!$B$3="none",F1838,IF(L1838="",NA(),L1838)) -> #REF! | S31: =IF(Charts!$B$3="none",G1838,IF(M1838="",NA(),M1838)) -> #REF! | T31: =IF(Charts!$B$3="none",H1838,IF(N1838="",NA(),N1838)) -> #REF!
D32: 28 | E32: =IF(INDIRECT(ADDRESS($D32+2,E$2+1,,,"Instances"))="","",INDIRECT(ADDRESS($D32+2,E$2+1,,,"Instances"))) -> #REF! | F32: =IFERROR(SMALL(E5:E364,ROW()-ROW($F$5)+1),"") | H32: =IFERROR(SUM(F5:F32),"") -> 0 | J32: 28 | K32: {=SWITCH(Charts!$B$3,"average", AVERAGE(INDIRECT(ADDRESS(27+3,K$2+1,,,"Instances") & ":" & ADDRESS(27+3,K$2+1))),"median", MEDIAN(INDIRECT(ADDRESS(27+3,K$2+1,,,"Instances") & ":" & ADDRESS(27+3,K$2+1))),"min", MIN(INDIRECT(ADDRESS(27+3,K$2+1,,,"Instances") & ":" & ADDRESS(27+3,K$2+1))),"max", MAX(INDIRECT(ADDRESS(27+3,K$2+1,,,"Instances") & ":" & ADDRESS(27+3,K$2+1))),"diff", MAX(INDIRECT(ADDRESS(27+3,K$2+1,,,"Instances") & ":" & ADDRESS(27+3,K$2+1)))-MIN(INDIRECT(ADDRESS(27+3,K$2+1,,,"Instances") & ":" & ADDRESS(27+3,K$2+1))))} -> #REF! | L32: =IFERROR(SMALL(K5:K364,ROW()-ROW($L$5)+1),"") | N32: =IFERROR(SUM(L5:L32),"") -> 0 | Q32: =IF(Charts!$B$3="none",E1839,IF(K1839="",NA(),K1839)) -> #REF! | R32: =IF(Charts!$B$3="none",F1839,IF(L1839="",NA(),L1839)) -> #REF! | S32: =IF(Charts!$B$3="none",G1839,IF(M1839="",NA(),M1839)) -> #REF! | T32: =IF(Charts!$B$3="none",H1839,IF(N1839="",NA(),N1839)) -> #REF!
D33: 29 | E33: =IF(INDIRECT(ADDRESS($D33+2,E$2+1,,,"Instances"))="","",INDIRECT(ADDRESS($D33+2,E$2+1,,,"Instances"))) -> #REF! | F33: =IFERROR(SMALL(E5:E364,ROW()-ROW($F$5)+1),"") | H33: =IFERROR(SUM(F5:F33),"") -> 0 | J33: 29 | K33: {=SWITCH(Charts!$B$3,"average", AVERAGE(INDIRECT(ADDRESS(28+3,K$2+1,,,"Instances") & ":" & ADDRESS(28+3,K$2+1))),"median", MEDIAN(INDIRECT(ADDRESS(28+3,K$2+1,,,"Instances") & ":" & ADDRESS(28+3,K$2+1))),"min", MIN(INDIRECT(ADDRESS(28+3,K$2+1,,,"Instances") & ":" & ADDRESS(28+3,K$2+1))),"max", MAX(INDIRECT(ADDRESS(28+3,K$2+1,,,"Instances") & ":" & ADDRESS(28+3,K$2+1))),"diff", MAX(INDIRECT(ADDRESS(28+3,K$2+1,,,"Instances") & ":" & ADDRESS(28+3,K$2+1)))-MIN(INDIRECT(ADDRESS(28+3,K$2+1,,,"Instances") & ":" & ADDRESS(28+3,K$2+1))))} -> #REF! | L33: =IFERROR(SMALL(K5:K364,ROW()-ROW($L$5)+1),"") | N33: =IFERROR(SUM(L5:L33),"") -> 0 | Q33: =IF(Charts!$B$3="none",E1840,IF(K1840="",NA(),K1840)) -> #REF! | R33: =IF(Charts!$B$3="none",F1840,IF(L1840="",NA(),L1840)) -> #REF! | S33: =IF(Charts!$B$3="none",G1840,IF(M1840="",NA(),M1840)) -> #REF! | T33: =IF(Charts!$B$3="none",H1840,IF(N1840="",NA(),N1840)) -> #REF!
D34: 30 | E34: =IF(INDIRECT(ADDRESS($D34+2,E$2+1,,,"Instances"))="","",INDIRECT(ADDRESS($D34+2,E$2+1,,,"Instances"))) -> #REF! | F34: =IFERROR(SMALL(E5:E364,ROW()-ROW($F$5)+1),"") | H34: =IFERROR(SUM(F5:F34),"") -> 0 | J34: 30 | K34: {=SWITCH(Charts!$B$3,"average", AVERAGE(INDIRECT(ADDRESS(29+3,K$2+1,,,"Instances") & ":" & ADDRESS(29+3,K$2+1))),"median", MEDIAN(INDIRECT(ADDRESS(29+3,K$2+1,,,"Instances") & ":" & ADDRESS(29+3,K$2+1))),"min", MIN(INDIRECT(ADDRESS(29+3,K$2+1,,,"Instances") & ":" & ADDRESS(29+3,K$2+1))),"max", MAX(INDIRECT(ADDRESS(29+3,K$2+1,,,"Instances") & ":" & ADDRESS(29+3,K$2+1))),"diff", MAX(INDIRECT(ADDRESS(29+3,K$2+1,,,"Instances") & ":" & ADDRESS(29+3,K$2+1)))-MIN(INDIRECT(ADDRESS(29+3,K$2+1,,,"Instances") & ":" & ADDRESS(29+3,K$2+1))))} -> #REF! | L34: =IFERROR(SMALL(K5:K364,ROW()-ROW($L$5)+1),"") | N34: =IFERROR(SUM(L5:L34),"") -> 0 | Q34: =IF(Charts!$B$3="none",E1841,IF(K1841="",NA(),K1841)) -> #REF! | R34: =IF(Charts!$B$3="none",F1841,IF(L1841="",NA(),L1841)) -> #REF! | S34: =IF(Charts!$B$3="none",G1841,IF(M1841="",NA(),M1841)) -> #REF! | T34: =IF(Charts!$B$3="none",H1841,IF(N1841="",NA(),N1841)) -> #REF!
D35: 31 | E35: =IF(INDIRECT(ADDRESS($D35+2,E$2+1,,,"Instances"))="","",INDIRECT(ADDRESS($D35+2,E$2+1,,,"Instances"))) -> #REF! | F35: =IFERROR(SMALL(E5:E364,ROW()-ROW($F$5)+1),"") | H35: =IFERROR(SUM(F5:F35),"") -> 0 | J35: 31 | K35: {=SWITCH(Charts!$B$3,"average", AVERAGE(INDIRECT(ADDRESS(30+3,K$2+1,,,"Instances") & ":" & ADDRESS(30+3,K$2+1))),"median", MEDIAN(INDIRECT(ADDRESS(30+3,K$2+1,,,"Instances") & ":" & ADDRESS(30+3,K$2+1))),"min", MIN(INDIRECT(ADDRESS(30+3,K$2+1,,,"Instances") & ":" & ADDRESS(30+3,K$2+1))),"max", MAX(INDIRECT(ADDRESS(30+3,K$2+1,,,"Instances") & ":" & ADDRESS(30+3,K$2+1))),"diff", MAX(INDIRECT(ADDRESS(30+3,K$2+1,,,"Instances") & ":" & ADDRESS(30+3,K$2+1)))-MIN(INDIRECT(ADDRESS(30+3,K$2+1,,,"Instances") & ":" & ADDRESS(30+3,K$2+1))))} -> #REF! | L35: =IFERROR(SMALL(K5:K364,ROW()-ROW($L$5)+1),"") | N35: =IFERROR(SUM(L5:L35),"") -> 0 | Q35: =IF(Charts!$B$3="none",E1842,IF(K1842="",NA(),K1842)) -> #REF! | R35: =IF(Charts!$B$3="none",F1842,IF(L1842="",NA(),L1842)) -> #REF! | S35: =IF(Charts!$B$3="none",G1842,IF(M1842="",NA(),M1842)) -> #REF! | T35: =IF(Charts!$B$3="none",H1842,IF(N1842="",NA(),N1842)) -> #REF!
D36: 32 | E36: =IF(INDIRECT(ADDRESS($D36+2,E$2+1,,,"Instances"))="","",INDIRECT(ADDRESS($D36+2,E$2+1,,,"Instances"))) -> #REF! | F36: =IFERROR(SMALL(E5:E364,ROW()-ROW($F$5)+1),"") | H36: =IFERROR(SUM(F5:F36),"") -> 0 | J36: 32 | K36: {=SWITCH(Charts!$B$3,"average", AVERAGE(INDIRECT(ADDRESS(31+3,K$2+1,,,"Instances") & ":" & ADDRESS(31+3,K$2+1))),"median", MEDIAN(INDIRECT(ADDRESS(31+3,K$2+1,,,"Instances") & ":" & ADDRESS(31+3,K$2+1))),"min", MIN(INDIRECT(ADDRESS(31+3,K$2+1,,,"Instances") & ":" & ADDRESS(31+3,K$2+1))),"max", MAX(INDIRECT(ADDRESS(31+3,K$2+1,,,"Instances") & ":" & ADDRESS(31+3,K$2+1))),"diff", MAX(INDIRECT(ADDRESS(31+3,K$2+1,,,"Instances") & ":" & ADDRESS(31+3,K$2+1)))-MIN(INDIRECT(ADDRESS(31+3,K$2+1,,,"Instances") & ":" & ADDRESS(31+3,K$2+1))))} -> #REF! | L36: =IFERROR(SMALL(K5:K364,ROW()-ROW($L$5)+1),"") | N36: =IFERROR(SUM(L5:L36),"") -> 0 | Q36: =IF(Charts!$B$3="none",E1843,IF(K1843="",NA(),K1843)) -> #REF! | R36: =IF(Charts!$B$3="none",F1843,IF(L1843="",NA(),L1843)) -> #REF! | S36: =IF(Charts!$B$3="none",G1843,IF(M1843="",NA(),M1843)) -> #REF! | T36: =IF(Charts!$B$3="none",H1843,IF(N1843="",NA(),N1843)) -> #REF!
D37: 33 | E37: =IF(INDIRECT(ADDRESS($D37+2,E$2+1,,,"Instances"))="","",INDIRECT(ADDRESS($D37+2,E$2+1,,,"Instances"))) -> #REF! | F37: =IFERROR(SMALL(E5:E364,ROW()-ROW($F$5)+1),"") | H37: =IFERROR(SUM(F5:F37),"") -> 0 | J37: 33 | K37: {=SWITCH(Charts!$B$3,"average", AVERAGE(INDIRECT(ADDRESS(32+3,K$2+1,,,"Instances") & ":" & ADDRESS(32+3,K$2+1))),"median", MEDIAN(INDIRECT(ADDRESS(32+3,K$2+1,,,"Instances") & ":" & ADDRESS(32+3,K$2+1))),"min", MIN(INDIRECT(ADDRESS(32+3,K$2+1,,,"Instances") & ":" & ADDRESS(32+3,K$2+1))),"max", MAX(INDIRECT(ADDRESS(32+3,K$2+1,,,"Instances") & ":" & ADDRESS(32+3,K$2+1))),"diff", MAX(INDIRECT(ADDRESS(32+3,K$2+1,,,"Instances") & ":" & ADDRESS(32+3,K$2+1)))-MIN(INDIRECT(ADDRESS(32+3,K$2+1,,,"Instances") & ":" & ADDRESS(32+3,K$2+1))))} -> #REF! | L37: =IFERROR(SMALL(K5:K364,ROW()-ROW($L$5)+1),"") | N37: =IFERROR(SUM(L5:L37),"") -> 0 | Q37: =IF(Charts!$B$3="none",E1844,IF(K1844="",NA(),K1844)) -> #REF! | R37: =IF(Charts!$B$3="none",F1844,IF(L1844="",NA(),L1844)) -> #REF! | S37: =IF(Charts!$B$3="none",G1844,IF(M1844="",NA(),M1844)) -> #REF! | T37: =IF(Charts!$B$3="none",H1844,IF(N1844="",NA(),N1844)) -> #REF!
D38: 34 | E38: =IF(INDIRECT(ADDRESS($D38+2,E$2+1,,,"Instances"))="","",INDIRECT(ADDRESS($D38+2,E$2+1,,,"Instances"))) -> #REF! | F38: =IFERROR(SMALL(E5:E364,ROW()-ROW($F$5)+1),"") | H38: =IFERROR(SUM(F5:F38),"") -> 0 | J38: 34 | K38: {=SWITCH(Charts!$B$3,"average", AVERAGE(INDIRECT(ADDRESS(33+3,K$2+1,,,"Instances") & ":" & ADDRESS(33+3,K$2+1))),"median", MEDIAN(INDIRECT(ADDRESS(33+3,K$2+1,,,"Instances") & ":" & ADDRESS(33+3,K$2+1))),"min", MIN(INDIRECT(ADDRESS(33+3,K$2+1,,,"Instances") & ":" & ADDRESS(33+3,K$2+1))),"max", MAX(INDIRECT(ADDRESS(33+3,K$2+1,,,"Instances") & ":" & ADDRESS(33+3,K$2+1))),"diff", MAX(INDIRECT(ADDRESS(33+3,K$2+1,,,"Instances") & ":" & ADDRESS(33+3,K$2+1)))-MIN(INDIRECT(ADDRESS(33+3,K$2+1,,,"Instances") & ":" & ADDRESS(33+3,K$2+1))))} -> #REF! | L38: =IFERROR(SMALL(K5:K364,ROW()-ROW($L$5)+1),"") | N38: =IFERROR(SUM(L5:L38),"") -> 0 | Q38: =IF(Charts!$B$3="none",E1845,IF(K1845="",NA(),K1845)) -> #REF! | R38: =IF(Charts!$B$3="none",F1845,IF(L1845="",NA(),L1845)) -> #REF! | S38: =IF(Charts!$B$3="none",G1845,IF(M1845="",NA(),M1845)) -> #REF! | T38: =IF(Charts!$B$3="none",H1845,IF(N1845="",NA(),N1845)) -> #REF!
D39: 35 | E39: =IF(INDIRECT(ADDRESS($D39+2,E$2+1,,,"Instances"))="","",INDIRECT(ADDRESS($D39+2,E$2+1,,,"Instances"))) -> #REF! | F39: =IFERROR(SMALL(E5:E364,ROW()-ROW($F$5)+1),"") | H39: =IFERROR(SUM(F5:F39),"") -> 0 | J39: 35 | K39: {=SWITCH(Charts!$B$3,"average", AVERAGE(INDIRECT(ADDRESS(34+3,K$2+1,,,"Instances") & ":" & ADDRESS(34+3,K$2+1))),"median", MEDIAN(INDIRECT(ADDRESS(34+3,K$2+1,,,"Instances") & ":" & ADDRESS(34+3,K$2+1))),"min", MIN(INDIRECT(ADDRESS(34+3,K$2+1,,,"Instances") & ":" & ADDRESS(34+3,K$2+1))),"max", MAX(INDIRECT(ADDRESS(34+3,K$2+1,,,"Instances") & ":" & ADDRESS(34+3,K$2+1))),"diff", MAX(INDIRECT(ADDRESS(34+3,K$2+1,,,"Instances") & ":" & ADDRESS(34+3,K$2+1)))-MIN(INDIRECT(ADDRESS(34+3,K$2+1,,,"Instances") & ":" & ADDRESS(34+3,K$2+1))))} -> #REF! | L39: =IFERROR(SMALL(K5:K364,ROW()-ROW($L$5)+1),"") | N39: =IFERROR(SUM(L5:L39),"") -> 0 | Q39: =IF(Charts!$B$3="none",E1846,IF(K1846="",NA(),K1846)) -> #REF! | R39: =IF(Charts!$B$3="none",F1846,IF(L1846="",NA(),L1846)) -> #REF! | S39: =IF(Charts!$B$3="none",G1846,IF(M1846="",NA(),M1846)) -> #REF! | T39: =IF(Charts!$B$3="none",H1846,IF(N1846="",NA(),N1846)) -> #REF!
D40: 36 | E40: =IF(INDIRECT(ADDRESS($D40+2,E$2+1,,,"Instances"))="","",INDIRECT(ADDRESS($D40+2,E$2+1,,,"Instances"))) -> #REF! | F40: =IFERROR(SMALL(E5:E364,ROW()-ROW($F$5)+1),"") | H40: =IFERROR(SUM(F5:F40),"") -> 0 | J40: 36 | K40: {=SWITCH(Charts!$B$3,"average", AVERAGE(INDIRECT(ADDRESS(35+3,K$2+1,,,"Instances") & ":" & ADDRESS(35+3,K$2+1))),"median", MEDIAN(INDIRECT(ADDRESS(35+3,K$2+1,,,"Instances") & ":" & ADDRESS(35+3,K$2+1))),"min", MIN(INDIRECT(ADDRESS(35+3,K$2+1,,,"Instances") & ":" & ADDRESS(35+3,K$2+1))),"max", MAX(INDIRECT(ADDRESS(35+3,K$2+1,,,"Instances") & ":" & ADDRESS(35+3,K$2+1))),"diff", MAX(INDIRECT(ADDRESS(35+3,K$2+1,,,"Instances") & ":" & ADDRESS(35+3,K$2+1)))-MIN(INDIRECT(ADDRESS(35+3,K$2+1,,,"Instances") & ":" & ADDRESS(35+3,K$2+1))))} -> #REF! | L40: =IFERROR(SMALL(K5:K364,ROW()-ROW($L$5)+1),"") | N40: =IFERROR(SUM(L5:L40),"") -> 0 | Q40: =IF(Charts!$B$3="none",E1847,IF(K1847="",NA(),K1847)) -> #REF! | R40: =IF(Charts!$B$3="none",F1847,IF(L1847="",NA(),L1847)) -> #REF! | S40: =IF(Charts!$B$3="none",G1847,IF(M1847="",NA(),M1847)) -> #REF! | T40: =IF(Charts!$B$3="none",H1847,IF(N1847="",NA(),N1847)) -> #REF!
D41: 37 | E41: =IF(INDIRECT(ADDRESS($D41+2,E$2+1,,,"Instances"))="","",INDIRECT(ADDRESS($D41+2,E$2+1,,,"Instances"))) -> #REF! | F41: =IFERROR(SMALL(E5:E364,ROW()-ROW($F$5)+1),"") | H41: =IFERROR(SUM(F5:F41),"") -> 0 | J41: 37 | K41: {=SWITCH(Charts!$B$3,"average", AVERAGE(INDIRECT(ADDRESS(36+3,K$2+1,,,"Instances") & ":" & ADDRESS(36+3,K$2+1))),"median", MEDIAN(INDIRECT(ADDRESS(36+3,K$2+1,,,"Instances") & ":" & ADDRESS(36+3,K$2+1))),"min", MIN(INDIRECT(ADDRESS(36+3,K$2+1,,,"Instances") & ":" & ADDRESS(36+3,K$2+1))),"max", MAX(INDIRECT(ADDRESS(36+3,K$2+1,,,"Instances") & ":" & ADDRESS(36+3,K$2+1))),"diff", MAX(INDIRECT(ADDRESS(36+3,K$2+1,,,"Instances") & ":" & ADDRESS(36+3,K$2+1)))-MIN(INDIRECT(ADDRESS(36+3,K$2+1,,,"Instances") & ":" & ADDRESS(36+3,K$2+1))))} -> #REF! | L41: =IFERROR(SMALL(K5:K364,ROW()-ROW($L$5)+1),"") | N41: =IFERROR(SUM(L5:L41),"") -> 0 | Q41: =IF(Charts!$B$3="none",E1848,IF(K1848="",NA(),K1848)) -> #REF! | R41: =IF(Charts!$B$3="none",F1848,IF(L1848="",NA(),L1848)) -> #REF! | S41: =IF(Charts!$B$3="none",G1848,IF(M1848="",NA(),M1848)) -> #REF! | T41: =IF(Charts!$B$3="none",H1848,IF(N1848="",NA(),N1848)) -> #REF!
D42: 38 | E42: =IF(INDIRECT(ADDRESS($D42+2,E$2+1,,,"Instances"))="","",INDIRECT(ADDRESS($D42+2,E$2+1,,,"Instances"))) -> #REF! | F42: =IFERROR(SMALL(E5:E364,ROW()-ROW($F$5)+1),"") | H42: =IFERROR(SUM(F5:F42),"") -> 0 | J42: 38 | K42: {=SWITCH(Charts!$B$3,"average", AVERAGE(INDIRECT(ADDRESS(37+3,K$2+1,,,"Instances") & ":" & ADDRESS(37+3,K$2+1))),"median", MEDIAN(INDIRECT(ADDRESS(37+3,K$2+1,,,"Instances") & ":" & ADDRESS(37+3,K$2+1))),"min", MIN(INDIRECT(ADDRESS(37+3,K$2+1,,,"Instances") & ":" & ADDRESS(37+3,K$2+1))),"max", MAX(INDIRECT(ADDRESS(37+3,K$2+1,,,"Instances") & ":" & ADDRESS(37+3,K$2+1))),"diff", MAX(INDIRECT(ADDRESS(37+3,K$2+1,,,"Instances") & ":" & ADDRESS(37+3,K$2+1)))-MIN(INDIRECT(ADDRESS(37+3,K$2+1,,,"Instances") & ":" & ADDRESS(37+3,K$2+1))))} -> #REF! | L42: =IFERROR(SMALL(K5:K364,ROW()-ROW($L$5)+1),"") | N42: =IFERROR(SUM(L5:L42),"") -> 0 | Q42: =IF(Charts!$B$3="none",E1849,IF(K1849="",NA(),K1849)) -> #REF! | R42: =IF(Charts!$B$3="none",F1849,IF(L1849="",NA(),L1849)) -> #REF! | S42: =IF(Charts!$B$3="none",G1849,IF(M1849="",NA(),M1849)) -> #REF! | T42: =IF(Charts!$B$3="none",H1849,IF(N1849="",NA(),N1849)) -> #REF!
D43: 39 | E43: =IF(INDIRECT(ADDRESS($D43+2,E$2+1,,,"Instances"))="","",INDIRECT(ADDRESS($D43+2,E$2+1,,,"Instances"))) -> #REF! | F43: =IFERROR(SMALL(E5:E364,ROW()-ROW($F$5)+1),"") | H43: =IFERROR(SUM(F5:F43),"") -> 0 | J43: 39 | K43: {=SWITCH(Charts!$B$3,"average", AVERAGE(INDIRECT(ADDRESS(38+3,K$2+1,,,"Instances") & ":" & ADDRESS(38+3,K$2+1))),"median", MEDIAN(INDIRECT(ADDRESS(38+3,K$2+1,,,"Instances") & ":" & ADDRESS(38+3,K$2+1))),"min", MIN(INDIRECT(ADDRESS(38+3,K$2+1,,,"Instances") & ":" & ADDRESS(38+3,K$2+1))),"max", MAX(INDIRECT(ADDRESS(38+3,K$2+1,,,"Instances") & ":" & ADDRESS(38+3,K$2+1))),"diff", MAX(INDIRECT(ADDRESS(38+3,K$2+1,,,"Instances") & ":" & ADDRESS(38+3,K$2+1)))-MIN(INDIRECT(ADDRESS(38+3,K$2+1,,,"Instances") & ":" & ADDRESS(38+3,K$2+1))))} -> #REF! | L43: =IFERROR(SMALL(K5:K364,ROW()-ROW($L$5)+1),"") | N43: =IFERROR(SUM(L5:L43),"") -> 0 | Q43: =IF(Charts!$B$3="none",E1850,IF(K1850="",NA(),K1850)) -> #REF! | R43: =IF(Charts!$B$3="none",F1850,IF(L1850="",NA(),L1850)) -> #REF! | S43: =IF(Charts!$B$3="none",G1850,IF(M1850="",NA(),M1850)) -> #REF! | T43: =IF(Charts!$B$3="none",H1850,IF(N1850="",NA(),N1850)) -> #REF!
D44: 40 | E44: =IF(INDIRECT(ADDRESS($D44+2,E$2+1,,,"Instances"))="","",INDIRECT(ADDRESS($D44+2,E$2+1,,,"Instances"))) -> #REF! | F44: =IFERROR(SMALL(E5:E364,ROW()-ROW($F$5)+1),"") | H44: =IFERROR(SUM(F5:F44),"") -> 0 | J44: 40 | K44: {=SWITCH(Charts!$B$3,"average", AVERAGE(INDIRECT(ADDRESS(39+3,K$2+1,,,"Instances") & ":" & ADDRESS(39+3,K$2+1))),"median", MEDIAN(INDIRECT(ADDRESS(39+3,K$2+1,,,"Instances") & ":" & ADDRESS(39+3,K$2+1))),"min", MIN(INDIRECT(ADDRESS(39+3,K$2+1,,,"Instances") & ":" & ADDRESS(39+3,K$2+1))),"max", MAX(INDIRECT(ADDRESS(39+3,K$2+1,,,"Instances") & ":" & ADDRESS(39+3,K$2+1))),"diff", MAX(INDIRECT(ADDRESS(39+3,K$2+1,,,"Instances") & ":" & ADDRESS(39+3,K$2+1)))-MIN(INDIRECT(ADDRESS(39+3,K$2+1,,,"Instances") & ":" & ADDRESS(39+3,K$2+1))))} -> #REF! | L44: =IFERROR(SMALL(K5:K364,ROW()-ROW($L$5)+1),"") | N44: =IFERROR(SUM(L5:L44),"") -> 0 | Q44: =IF(Charts!$B$3="none",E1851,IF(K1851="",NA(),K1851)) -> #REF! | R44: =IF(Charts!$B$3="none",F1851,IF(L1851="",NA(),L1851)) -> #REF! | S44: =IF(Charts!$B$3="none",G1851,IF(M1851="",NA(),M1851)) -> #REF! | T44: =IF(Charts!$B$3="none",H1851,IF(N1851="",NA(),N1851)) -> #REF!
D45: 41 | E45: =IF(INDIRECT(ADDRESS($D45+2,E$2+1,,,"Instances"))="","",INDIRECT(ADDRESS($D45+2,E$2+1,,,"Instances"))) -> #REF! | F45: =IFERROR(SMALL(E5:E364,ROW()-ROW($F$5)+1),"") | H45: =IFERROR(SUM(F5:F45),"") -> 0 | J45: 41 | K45: {=SWITCH(Charts!$B$3,"average", AVERAGE(INDIRECT(ADDRESS(40+3,K$2+1,,,"Instances") & ":" & ADDRESS(40+3,K$2+1))),"median", MEDIAN(INDIRECT(ADDRESS(40+3,K$2+1,,,"Instances") & ":" & ADDRESS(40+3,K$2+1))),"min", MIN(INDIRECT(ADDRESS(40+3,K$2+1,,,"Instances") & ":" & ADDRESS(40+3,K$2+1))),"max", MAX(INDIRECT(ADDRESS(40+3,K$2+1,,,"Instances") & ":" & ADDRESS(40+3,K$2+1))),"diff", MAX(INDIRECT(ADDRESS(40+3,K$2+1,,,"Instances") & ":" & ADDRESS(40+3,K$2+1)))-MIN(INDIRECT(ADDRESS(40+3,K$2+1,,,"Instances") & ":" & ADDRESS(40+3,K$2+1))))} -> #REF! | L45: =IFERROR(SMALL(K5:K364,ROW()-ROW($L$5)+1),"") | N45: =IFERROR(SUM(L5:L45),"") -> 0 | Q45: =IF(Charts!$B$3="none",E1852,IF(K1852="",NA(),K1852)) -> #REF! | R45: =IF(Charts!$B$3="none",F1852,IF(L1852="",NA(),L1852)) -> #REF! | S45: =IF(Charts!$B$3="none",G1852,IF(M1852="",NA(),M1852)) -> #REF! | T45: =IF(Charts!$B$3="none",H1852,IF(N1852="",NA(),N1852)) -> #REF!
D46: 42 | E46: =IF(INDIRECT(ADDRESS($D46+2,E$2+1,,,"Instances"))="","",INDIRECT(ADDRESS($D46+2,E$2+1,,,"Instances"))) -> #REF! | F46: =IFERROR(SMALL(E5:E364,ROW()-ROW($F$5)+1),"") | H46: =IFERROR(SUM(F5:F46),"") -> 0 | J46: 42 | K46: {=SWITCH(Charts!$B$3,"average", AVERAGE(INDIRECT(ADDRESS(41+3,K$2+1,,,"Instances") & ":" & ADDRESS(41+3,K$2+1))),"median", MEDIAN(INDIRECT(ADDRESS(41+3,K$2+1,,,"Instances") & ":" & ADDRESS(41+3,K$2+1))),"min", MIN(INDIRECT(ADDRESS(41+3,K$2+1,,,"Instances") & ":" & ADDRESS(41+3,K$2+1))),"max", MAX(INDIRECT(ADDRESS(41+3,K$2+1,,,"Instances") & ":" & ADDRESS(41+3,K$2+1))),"diff", MAX(INDIRECT(ADDRESS(41+3,K$2+1,,,"Instances") & ":" & ADDRESS(41+3,K$2+1)))-MIN(INDIRECT(ADDRESS(41+3,K$2+1,,,"Instances") & ":" & ADDRESS(41+3,K$2+1))))} -> #REF! | L46: =IFERROR(SMALL(K5:K364,ROW()-ROW($L$5)+1),"") | N46: =IFERROR(SUM(L5:L46),"") -> 0 | Q46: =IF(Charts!$B$3="none",E1853,IF(K1853="",NA(),K1853)) -> #REF! | R46: =IF(Charts!$B$3="none",F1853,IF(L1853="",NA(),L1853)) -> #REF! | S46: =IF(Charts!$B$3="none",G1853,IF(M1853="",NA(),M1853)) -> #REF! | T46: =IF(Charts!$B$3="none",H1853,IF(N1853="",NA(),N1853)) -> #REF!
D47: 43 | E47: =IF(INDIRECT(ADDRESS($D47+2,E$2+1,,,"Instances"))="","",INDIRECT(ADDRESS($D47+2,E$2+1,,,"Instances"))) -> #REF! | F47: =IFERROR(SMALL(E5:E364,ROW()-ROW($F$5)+1),"") | H47: =IFERROR(SUM(F5:F47),"") -> 0 | J47: 43 | K47: {=SWITCH(Charts!$B$3,"average", AVERAGE(INDIRECT(ADDRESS(42+3,K$2+1,,,"Instances") & ":" & ADDRESS(42+3,K$2+1))),"median", MEDIAN(INDIRECT(ADDRESS(42+3,K$2+1,,,"Instances") & ":" & ADDRESS(42+3,K$2+1))),"min", MIN(INDIRECT(ADDRESS(42+3,K$2+1,,,"Instances") & ":" & ADDRESS(42+3,K$2+1))),"max", MAX(INDIRECT(ADDRESS(42+3,K$2+1,,,"Instances") & ":" & ADDRESS(42+3,K$2+1))),"diff", MAX(INDIRECT(ADDRESS(42+3,K$2+1,,,"Instances") & ":" & ADDRESS(42+3,K$2+1)))-MIN(INDIRECT(ADDRESS(42+3,K$2+1,,,"Instances") & ":" & ADDRESS(42+3,K$2+1))))} -> #REF! | L47: =IFERROR(SMALL(K5:K364,ROW()-ROW($L$5)+1),"") | N47: =IFERROR(SUM(L5:L47),"") -> 0 | Q47: =IF(Charts!$B$3="none",E1854,IF(K1854="",NA(),K1854)) -> #REF! | R47: =IF(Charts!$B$3="none",F1854,IF(L1854="",NA(),L1854)) -> #REF! | S47: =IF(Charts!$B$3="none",G1854,IF(M1854="",NA(),M1854)) -> #REF! | T47: =IF(Charts!$B$3="none",H1854,IF(N1854="",NA(),N1854)) -> #REF!
D48: 44 | E48: =IF(INDIRECT(ADDRESS($D48+2,E$2+1,,,"Instances"))="","",INDIRECT(ADDRESS($D48+2,E$2+1,,,"Instances"))) -> #REF! | F48: =IFERROR(SMALL(E5:E364,ROW()-ROW($F$5)+1),"") | H48: =IFERROR(SUM(F5:F48),"") -> 0 | J48: 44 | K48: {=SWITCH(Charts!$B$3,"average", AVERAGE(INDIRECT(ADDRESS(43+3,K$2+1,,,"Instances") & ":" & ADDRESS(43+3,K$2+1))),"median", MEDIAN(INDIRECT(ADDRESS(43+3,K$2+1,,,"Instances") & ":" & ADDRESS(43+3,K$2+1))),"min", MIN(INDIRECT(ADDRESS(43+3,K$2+1,,,"Instances") & ":" & ADDRESS(43+3,K$2+1))),"max", MAX(INDIRECT(ADDRESS(43+3,K$2+1,,,"Instances") & ":" & ADDRESS(43+3,K$2+1))),"diff", MAX(INDIRECT(ADDRESS(43+3,K$2+1,,,"Instances") & ":" & ADDRESS(43+3,K$2+1)))-MIN(INDIRECT(ADDRESS(43+3,K$2+1,,,"Instances") & ":" & ADDRESS(43+3,K$2+1))))} -> #REF! | L48: =IFERROR(SMALL(K5:K364,ROW()-ROW($L$5)+1),"") | N48: =IFERROR(SUM(L5:L48),"") -> 0 | Q48: =IF(Charts!$B$3="none",E1855,IF(K1855="",NA(),K1855)) -> #REF! | R48: =IF(Charts!$B$3="none",F1855,IF(L1855="",NA(),L1855)) -> #REF! | S48: =IF(Charts!$B$3="none",G1855,IF(M1855="",NA(),M1855)) -> #REF! | T48: =IF(Charts!$B$3="none",H1855,IF(N1855="",NA(),N1855)) -> #REF!
D49: 45 | E49: =IF(INDIRECT(ADDRESS($D49+2,E$2+1,,,"Instances"))="","",INDIRECT(ADDRESS($D49+2,E$2+1,,,"Instances"))) -> #REF! | F49: =IFERROR(SMALL(E5:E364,ROW()-ROW($F$5)+1),"") | H49: =IFERROR(SUM(F5:F49),"") -> 0 | J49: 45 | K49: {=SWITCH(Charts!$B$3,"average", AVERAGE(INDIRECT(ADDRESS(44+3,K$2+1,,,"Instances") & ":" & ADDRESS(44+3,K$2+1))),"median", MEDIAN(INDIRECT(ADDRESS(44+3,K$2+1,,,"Instances") & ":" & ADDRESS(44+3,K$2+1))),"min", MIN(INDIRECT(ADDRESS(44+3,K$2+1,,,"Instances") & ":" & ADDRESS(44+3,K$2+1))),"max", MAX(INDIRECT(ADDRESS(44+3,K$2+1,,,"Instances") & ":" & ADDRESS(44+3,K$2+1))),"diff", MAX(INDIRECT(ADDRESS(44+3,K$2+1,,,"Instances") & ":" & ADDRESS(44+3,K$2+1)))-MIN(INDIRECT(ADDRESS(44+3,K$2+1,,,"Instances") & ":" & ADDRESS(44+3,K$2+1))))} -> #REF! | L49: =IFERROR(SMALL(K5:K364,ROW()-ROW($L$5)+1),"") | N49: =IFERROR(SUM(L5:L49),"") -> 0 | Q49: =IF(Charts!$B$3="none",E1856,IF(K1856="",NA(),K1856)) -> #REF! | R49: =IF(Charts!$B$3="none",F1856,IF(L1856="",NA(),L1856)) -> #REF! | S49: =IF(Charts!$B$3="none",G1856,IF(M1856="",NA(),M1856)) -> #REF! | T49: =IF(Charts!$B$3="none",H1856,IF(N1856="",NA(),N1856)) -> #REF!
D50: 46 | E50: =IF(INDIRECT(ADDRESS($D50+2,E$2+1,,,"Instances"))="","",INDIRECT(ADDRESS($D50+2,E$2+1,,,"Instances"))) -> #REF! | F50: =IFERROR(SMALL(E5:E364,ROW()-ROW($F$5)+1),"") | H50: =IFERROR(SUM(F5:F50),"") -> 0 | J50: 46 | K50: {=SWITCH(Charts!$B$3,"average", AVERAGE(INDIRECT(ADDRESS(45+3,K$2+1,,,"Instances") & ":" & ADDRESS(45+3,K$2+1))),"median", MEDIAN(INDIRECT(ADDRESS(45+3,K$2+1,,,"Instances") & ":" & ADDRESS(45+3,K$2+1))),"min", MIN(INDIRECT(ADDRESS(45+3,K$2+1,,,"Instances") & ":" & ADDRESS(45+3,K$2+1))),"max", MAX(INDIRECT(ADDRESS(45+3,K$2+1,,,"Instances") & ":" & ADDRESS(45+3,K$2+1))),"diff", MAX(INDIRECT(ADDRESS(45+3,K$2+1,,,"Instances") & ":" & ADDRESS(45+3,K$2+1)))-MIN(INDIRECT(ADDRESS(45+3,K$2+1,,,"Instances") & ":" & ADDRESS(45+3,K$2+1))))} -> #REF! | L50: =IFERROR(SMALL(K5:K364,ROW()-ROW($L$5)+1),"") | N50: =IFERROR(SUM(L5:L50),"") -> 0 | Q50: =IF(Charts!$B$3="none",E1857,IF(K1857="",NA(),K1857)) -> #REF! | R50: =IF(Charts!$B$3="none",F1857,IF(L1857="",NA(),L1857)) -> #REF! | S50: =IF(Charts!$B$3="none",G1857,IF(M1857="",NA(),M1857)) -> #REF! | T50: =IF(Charts!$B$3="none",H1857,IF(N1857="",NA(),N1857)) -> #REF!
D51: 47 | E51: =IF(INDIRECT(ADDRESS($D51+2,E$2+1,,,"Instances"))="","",INDIRECT(ADDRESS($D51+2,E$2+1,,,"Instances"))) -> #REF! | F51: =IFERROR(SMALL(E5:E364,ROW()-ROW($F$5)+1),"") | H51: =IFERROR(SUM(F5:F51),"") -> 0 | J51: 47 | K51: {=SWITCH(Charts!$B$3,"average", AVERAGE(INDIRECT(ADDRESS(46+3,K$2+1,,,"Instances") & ":" & ADDRESS(46+3,K$2+1))),"median", MEDIAN(INDIRECT(ADDRESS(46+3,K$2+1,,,"Instances") & ":" & ADDRESS(46+3,K$2+1))),"min", MIN(INDIRECT(ADDRESS(46+3,K$2+1,,,"Instances") & ":" & ADDRESS(46+3,K$2+1))),"max", MAX(INDIRECT(ADDRESS(46+3,K$2+1,,,"Instances") & ":" & ADDRESS(46+3,K$2+1))),"diff", MAX(INDIRECT(ADDRESS(46+3,K$2+1,,,"Instances") & ":" & ADDRESS(46+3,K$2+1)))-MIN(INDIRECT(ADDRESS(46+3,K$2+1,,,"Instances") & ":" & ADDRESS(46+3,K$2+1))))} -> #REF! | L51: =IFERROR(SMALL(K5:K364,ROW()-ROW($L$5)+1),"") | N51: =IFERROR(SUM(L5:L51),"") -> 0 | Q51: =IF(Charts!$B$3="none",E1858,IF(K1858="",NA(),K1858)) -> #REF! | R51: =IF(Charts!$B$3="none",F1858,IF(L1858="",NA(),L1858)) -> #REF! | S51: =IF(Charts!$B$3="none",G1858,IF(M1858="",NA(),M1858)) -> #REF! | T51: =IF(Charts!$B$3="none",H1858,IF(N1858="",NA(),N1858)) -> #REF!
D52: 48 | E52: =IF(INDIRECT(ADDRESS($D52+2,E$2+1,,,"Instances"))="","",INDIRECT(ADDRESS($D52+2,E$2+1,,,"Instances"))) -> #REF! | F52: =IFERROR(SMALL(E5:E364,ROW()-ROW($F$5)+1),"") | H52: =IFERROR(SUM(F5:F52),"") -> 0 | J52: 48 | K52: {=SWITCH(Charts!$B$3,"average", AVERAGE(INDIRECT(ADDRESS(47+3,K$2+1,,,"Instances") & ":" & ADDRESS(47+3,K$2+1))),"median", MEDIAN(INDIRECT(ADDRESS(47+3,K$2+1,,,"Instances") & ":" & ADDRESS(47+3,K$2+1))),"min", MIN(INDIRECT(ADDRESS(47+3,K$2+1,,,"Instances") & ":" & ADDRESS(47+3,K$2+1))),"max", MAX(INDIRECT(ADDRESS(47+3,K$2+1,,,"Instances") & ":" & ADDRESS(47+3,K$2+1))),"diff", MAX(INDIRECT(ADDRESS(47+3,K$2+1,,,"Instances") & ":" & ADDRESS(47+3,K$2+1)))-MIN(INDIRECT(ADDRESS(47+3,K$2+1,,,"Instances") & ":" & ADDRESS(47+3,K$2+1))))} -> #REF! | L52: =IFERROR(SMALL(K5:K364,ROW()-ROW($L$5)+1),"") | N52: =IFERROR(SUM(L5:L52),"") -> 0 | Q52: =IF(Charts!$B$3="none",E1859,IF(K1859="",NA(),K1859)) -> #REF! | R52: =IF(Charts!$B$3="none",F1859,IF(L1859="",NA(),L1859)) -> #REF! | S52: =IF(Charts!$B$3="none",G1859,IF(M1859="",NA(),M1859)) -> #REF! | T52: =IF(Charts!$B$3="none",H1859,IF(N1859="",NA(),N1859)) -> #REF!
D53: 49 | E53: =IF(INDIRECT(ADDRESS($D53+2,E$2+1,,,"Instances"))="","",INDIRECT(ADDRESS($D53+2,E$2+1,,,"Instances"))) -> #REF! | F53: =IFERROR(SMALL(E5:E364,ROW()-ROW($F$5)+1),"") | H53: =IFERROR(SUM(F5:F53),"") -> 0 | J53: 49 | K53: {=SWITCH(Charts!$B$3,"average", AVERAGE(INDIRECT(ADDRESS(48+3,K$2+1,,,"Instances") & ":" & ADDRESS(48+3,K$2+1))),"median", MEDIAN(INDIRECT(ADDRESS(48+3,K$2+1,,,"Instances") & ":" & ADDRESS(48+3,K$2+1))),"min", MIN(INDIRECT(ADDRESS(48+3,K$2+1,,,"Instances") & ":" & ADDRESS(48+3,K$2+1))),"max", MAX(INDIRECT(ADDRESS(48+3,K$2+1,,,"Instances") & ":" & ADDRESS(48+3,K$2+1))),"diff", MAX(INDIRECT(ADDRESS(48+3,K$2+1,,,"Instances") & ":" & ADDRESS(48+3,K$2+1)))-MIN(INDIRECT(ADDRESS(48+3,K$2+1,,,"Instances") & ":" & ADDRESS(48+3,K$2+1))))} -> #REF! | L53: =IFERROR(SMALL(K5:K364,ROW()-ROW($L$5)+1),"") | N53: =IFERROR(SUM(L5:L53),"") -> 0 | Q53: =IF(Charts!$B$3="none",E1860,IF(K1860="",NA(),K1860)) -> #REF! | R53: =IF(Charts!$B$3="none",F1860,IF(L1860="",NA(),L1860)) -> #REF! | S53: =IF(Charts!$B$3="none",G1860,IF(M1860="",NA(),M1860)) -> #REF! | T53: =IF(Charts!$B$3="none",H1860,IF(N1860="",NA(),N1860)) -> #REF!
D54: 50 | E54: =IF(INDIRECT(ADDRESS($D54+2,E$2+1,,,"Instances"))="","",INDIRECT(ADDRESS($D54+2,E$2+1,,,"Instances"))) -> #REF! | F54: =IFERROR(SMALL(E5:E364,ROW()-ROW($F$5)+1),"") | H54: =IFERROR(SUM(F5:F54),"") -> 0 | J54: 50 | K54: {=SWITCH(Charts!$B$3,"average", AVERAGE(INDIRECT(ADDRESS(49+3,K$2+1,,,"Instances") & ":" & ADDRESS(49+3,K$2+1))),"median", MEDIAN(INDIRECT(ADDRESS(49+3,K$2+1,,,"Instances") & ":" & ADDRESS(49+3,K$2+1))),"min", MIN(INDIRECT(ADDRESS(49+3,K$2+1,,,"Instances") & ":" & ADDRESS(49+3,K$2+1))),"max", MAX(INDIRECT(ADDRESS(49+3,K$2+1,,,"Instances") & ":" & ADDRESS(49+3,K$2+1))),"diff", MAX(INDIRECT(ADDRESS(49+3,K$2+1,,,"Instances") & ":" & ADDRESS(49+3,K$2+1)))-MIN(INDIRECT(ADDRESS(49+3,K$2+1,,,"Instances") & ":" & ADDRESS(49+3,K$2+1))))} -> #REF! | L54: =IFERROR(SMALL(K5:K364,ROW()-ROW($L$5)+1),"") | N54: =IFERROR(SUM(L5:L54),"") -> 0 | Q54: =IF(Charts!$B$3="none",E1861,IF(K1861="",NA(),K1861)) -> #REF! | R54: =IF(Charts!$B$3="none",F1861,IF(L1861="",NA(),L1861)) -> #REF! | S54: =IF(Charts!$B$3="none",G1861,IF(M1861="",NA(),M1861)) -> #REF! | T54: =IF(Charts!$B$3="none",H1861,IF(N1861="",NA(),N1861)) -> #REF!
D55: 51 | E55: =IF(INDIRECT(ADDRESS($D55+2,E$2+1,,,"Instances"))="","",INDIRECT(ADDRESS($D55+2,E$2+1,,,"Instances"))) -> #REF! | F55: =IFERROR(SMALL(E5:E364,ROW()-ROW($F$5)+1),"") | H55: =IFERROR(SUM(F5:F55),"") -> 0 | J55: 51 | K55: {=SWITCH(Charts!$B$3,"average", AVERAGE(INDIRECT(ADDRESS(50+3,K$2+1,,,"Instances") & ":" & ADDRESS(50+3,K$2+1))),"median", MEDIAN(INDIRECT(ADDRESS(50+3,K$2+1,,,"Instances") & ":" & ADDRESS(50+3,K$2+1))),"min", MIN(INDIRECT(ADDRESS(50+3,K$2+1,,,"Instances") & ":" & ADDRESS(50+3,K$2+1))),"max", MAX(INDIRECT(ADDRESS(50+3,K$2+1,,,"Instances") & ":" & ADDRESS(50+3,K$2+1))),"diff", MAX(INDIRECT(ADDRESS(50+3,K$2+1,,,"Instances") & ":" & ADDRESS(50+3,K$2+1)))-MIN(INDIRECT(ADDRESS(50+3,K$2+1,,,"Instances") & ":" & ADDRESS(50+3,K$2+1))))} -> #REF! | L55: =IFERROR(SMALL(K5:K364,ROW()-ROW($L$5)+1),"") | N55: =IFERROR(SUM(L5:L55),"") -> 0 | Q55: =IF(Charts!$B$3="none",E1862,IF(K1862="",NA(),K1862)) -> #REF! | R55: =IF(Charts!$B$3="none",F1862,IF(L1862="",NA(),L1862)) -> #REF! | S55: =IF(Charts!$B$3="none",G1862,IF(M1862="",NA(),M1862)) -> #REF! | T55: =IF(Charts!$B$3="none",H1862,IF(N1862="",NA(),N1862)) -> #REF!
D56: 52 | E56: =IF(INDIRECT(ADDRESS($D56+2,E$2+1,,,"Instances"))="","",INDIRECT(ADDRESS($D56+2,E$2+1,,,"Instances"))) -> #REF! | F56: =IFERROR(SMALL(E5:E364,ROW()-ROW($F$5)+1),"") | H56: =IFERROR(SUM(F5:F56),"") -> 0 | J56: 52 | K56: {=SWITCH(Charts!$B$3,"average", AVERAGE(INDIRECT(ADDRESS(51+3,K$2+1,,,"Instances") & ":" & ADDRESS(51+3,K$2+1))),"median", MEDIAN(INDIRECT(ADDRESS(51+3,K$2+1,,,"Instances") & ":" & ADDRESS(51+3,K$2+1))),"min", MIN(INDIRECT(ADDRESS(51+3,K$2+1,,,"Instances") & ":" & ADDRESS(51+3,K$2+1))),"max", MAX(INDIRECT(ADDRESS(51+3,K$2+1,,,"Instances") & ":" & ADDRESS(51+3,K$2+1))),"diff", MAX(INDIRECT(ADDRESS(51+3,K$2+1,,,"Instances") & ":" & ADDRESS(51+3,K$2+1)))-MIN(INDIRECT(ADDRESS(51+3,K$2+1,,,"Instances") & ":" & ADDRESS(51+3,K$2+1))))} -> #REF! | L56: =IFERROR(SMALL(K5:K364,ROW()-ROW($L$5)+1),"") | N56: =IFERROR(SUM(L5:L56),"") -> 0 | Q56: =IF(Charts!$B$3="none",E1863,IF(K1863="",NA(),K1863)) -> #REF! | R56: =IF(Charts!$B$3="none",F1863,IF(L1863="",NA(),L1863)) -> #REF! | S56: =IF(Charts!$B$3="none",G1863,IF(M1863="",NA(),M1863)) -> #REF! | T56: =IF(Charts!$B$3="none",H1863,IF(N1863="",NA(),N1863)) -> #REF!
D57: 53 | E57: =IF(INDIRECT(ADDRESS($D57+2,E$2+1,,,"Instances"))="","",INDIRECT(ADDRESS($D57+2,E$2+1,,,"Instances"))) -> #REF! | F57: =IFERROR(SMALL(E5:E364,ROW()-ROW($F$5)+1),"") | H57: =IFERROR(SUM(F5:F57),"") -> 0 | J57: 53 | K57: {=SWITCH(Charts!$B$3,"average", AVERAGE(INDIRECT(ADDRESS(52+3,K$2+1,,,"Instances") & ":" & ADDRESS(52+3,K$2+1))),"median", MEDIAN(INDIRECT(ADDRESS(52+3,K$2+1,,,"Instances") & ":" & ADDRESS(52+3,K$2+1))),"min", MIN(INDIRECT(ADDRESS(52+3,K$2+1,,,"Instances") & ":" & ADDRESS(52+3,K$2+1))),"max", MAX(INDIRECT(ADDRESS(52+3,K$2+1,,,"Instances") & ":" & ADDRESS(52+3,K$2+1))),"diff", MAX(INDIRECT(ADDRESS(52+3,K$2+1,,,"Instances") & ":" & ADDRESS(52+3,K$2+1)))-MIN(INDIRECT(ADDRESS(52+3,K$2+1,,,"Instances") & ":" & ADDRESS(52+3,K$2+1))))} -> #REF! | L57: =IFERROR(SMALL(K5:K364,ROW()-ROW($L$5)+1),"") | N57: =IFERROR(SUM(L5:L57),"") -> 0 | Q57: =IF(Charts!$B$3="none",E1864,IF(K1864="",NA(),K1864)) -> #REF! | R57: =IF(Charts!$B$3="none",F1864,IF(L1864="",NA(),L1864)) -> #REF! | S57: =IF(Charts!$B$3="none",G1864,IF(M1864="",NA(),M1864)) -> #REF! | T57: =IF(Charts!$B$3="none",H1864,IF(N1864="",NA(),N1864)) -> #REF!
D58: 54 | E58: =IF(INDIRECT(ADDRESS($D58+2,E$2+1,,,"Instances"))="","",INDIRECT(ADDRESS($D58+2,E$2+1,,,"Instances"))) -> #REF! | F58: =IFERROR(SMALL(E5:E364,ROW()-ROW($F$5)+1),"") | H58: =IFERROR(SUM(F5:F58),"") -> 0 | J58: 54 | K58: {=SWITCH(Charts!$B$3,"average", AVERAGE(INDIRECT(ADDRESS(53+3,K$2+1,,,"Instances") & ":" & ADDRESS(53+3,K$2+1))),"median", MEDIAN(INDIRECT(ADDRESS(53+3,K$2+1,,,"Instances") & ":" & ADDRESS(53+3,K$2+1))),"min", MIN(INDIRECT(ADDRESS(53+3,K$2+1,,,"Instances") & ":" & ADDRESS(53+3,K$2+1))),"max", MAX(INDIRECT(ADDRESS(53+3,K$2+1,,,"Instances") & ":" & ADDRESS(53+3,K$2+1))),"diff", MAX(INDIRECT(ADDRESS(53+3,K$2+1,,,"Instances") & ":" & ADDRESS(53+3,K$2+1)))-MIN(INDIRECT(ADDRESS(53+3,K$2+1,,,"Instances") & ":" & ADDRESS(53+3,K$2+1))))} -> #REF! | L58: =IFERROR(SMALL(K5:K364,ROW()-ROW($L$5)+1),"") | N58: =IFERROR(SUM(L5:L58),"") -> 0 | Q58: =IF(Charts!$B$3="none",E1865,IF(K1865="",NA(),K1865)) -> #REF! | R58: =IF(Charts!$B$3="none",F1865,IF(L1865="",NA(),L1865)) -> #REF! | S58: =IF(Charts!$B$3="none",G1865,IF(M1865="",NA(),M1865)) -> #REF! | T58: =IF(Charts!$B$3="none",H1865,IF(N1865="",NA(),N1865)) -> #REF!
D59: 55 | E59: =IF(INDIRECT(ADDRESS($D59+2,E$2+1,,,"Instances"))="","",INDIRECT(ADDRESS($D59+2,E$2+1,,,"Instances"))) -> #REF! | F59: =IFERROR(SMALL(E5:E364,ROW()-ROW($F$5)+1),"") | H59: =IFERROR(SUM(F5:F59),"") -> 0 | J59: 55 | K59: {=SWITCH(Charts!$B$3,"average", AVERAGE(INDIRECT(ADDRESS(54+3,K$2+1,,,"Instances") & ":" & ADDRESS(54+3,K$2+1))),"median", MEDIAN(INDIRECT(ADDRESS(54+3,K$2+1,,,"Instances") & ":" & ADDRESS(54+3,K$2+1))),"min", MIN(INDIRECT(ADDRESS(54+3,K$2+1,,,"Instances") & ":" & ADDRESS(54+3,K$2+1))),"max", MAX(INDIRECT(ADDRESS(54+3,K$2+1,,,"Instances") & ":" & ADDRESS(54+3,K$2+1))),"diff", MAX(INDIRECT(ADDRESS(54+3,K$2+1,,,"Instances") & ":" & ADDRESS(54+3,K$2+1)))-MIN(INDIRECT(ADDRESS(54+3,K$2+1,,,"Instances") & ":" & ADDRESS(54+3,K$2+1))))} -> #REF! | L59: =IFERROR(SMALL(K5:K364,ROW()-ROW($L$5)+1),"") | N59: =IFERROR(SUM(L5:L59),"") -> 0 | Q59: =IF(Charts!$B$3="none",E1866,IF(K1866="",NA(),K1866)) -> #REF! | R59: =IF(Charts!$B$3="none",F1866,IF(L1866="",NA(),L1866)) -> #REF! | S59: =IF(Charts!$B$3="none",G1866,IF(M1866="",NA(),M1866)) -> #REF! | T59: =IF(Charts!$B$3="none",H1866,IF(N1866="",NA(),N1866)) -> #REF!
D60: 56 | E60: =IF(INDIRECT(ADDRESS($D60+2,E$2+1,,,"Instances"))="","",INDIRECT(ADDRESS($D60+2,E$2+1,,,"Instances"))) -> #REF! | F60: =IFERROR(SMALL(E5:E364,ROW()-ROW($F$5)+1),"") | H60: =IFERROR(SUM(F5:F60),"") -> 0 | J60: 56 | K60: {=SWITCH(Charts!$B$3,"average", AVERAGE(INDIRECT(ADDRESS(55+3,K$2+1,,,"Instances") & ":" & ADDRESS(55+3,K$2+1))),"median", MEDIAN(INDIRECT(ADDRESS(55+3,K$2+1,,,"Instances") & ":" & ADDRESS(55+3,K$2+1))),"min", MIN(INDIRECT(ADDRESS(55+3,K$2+1,,,"Instances") & ":" & ADDRESS(55+3,K$2+1))),"max", MAX(INDIRECT(ADDRESS(55+3,K$2+1,,,"Instances") & ":" & ADDRESS(55+3,K$2+1))),"diff", MAX(INDIRECT(ADDRESS(55+3,K$2+1,,,"Instances") & ":" & ADDRESS(55+3,K$2+1)))-MIN(INDIRECT(ADDRESS(55+3,K$2+1,,,"Instances") & ":" & ADDRESS(55+3,K$2+1))))} -> #REF! | L60: =IFERROR(SMALL(K5:K364,ROW()-ROW($L$5)+1),"") | N60: =IFERROR(SUM(L5:L60),"") -> 0 | Q60: =IF(Charts!$B$3="none",E1867,IF(K1867="",NA(),K1867)) -> #REF! | R60: =IF(Charts!$B$3="none",F1867,IF(L1867="",NA(),L1867)) -> #REF! | S60: =IF(Charts!$B$3="none",G1867,IF(M1867="",NA(),M1867)) -> #REF! | T60: =IF(Charts!$B$3="none",H1867,IF(N1867="",NA(),N1867)) -> #REF!
D61: 57 | E61: =IF(INDIRECT(ADDRESS($D61+2,E$2+1,,,"Instances"))="","",INDIRECT(ADDRESS($D61+2,E$2+1,,,"Instances"))) -> #REF! | F61: =IFERROR(SMALL(E5:E364,ROW()-ROW($F$5)+1),"") | H61: =IFERROR(SUM(F5:F61),"") -> 0 | J61: 57 | K61: {=SWITCH(Charts!$B$3,"average", AVERAGE(INDIRECT(ADDRESS(56+3,K$2+1,,,"Instances") & ":" & ADDRESS(56+3,K$2+1))),"median", MEDIAN(INDIRECT(ADDRESS(56+3,K$2+1,,,"Instances") & ":" & ADDRESS(56+3,K$2+1))),"min", MIN(INDIRECT(ADDRESS(56+3,K$2+1,,,"Instances") & ":" & ADDRESS(56+3,K$2+1))),"max", MAX(INDIRECT(ADDRESS(56+3,K$2+1,,,"Instances") & ":" & ADDRESS(56+3,K$2+1))),"diff", MAX(INDIRECT(ADDRESS(56+3,K$2+1,,,"Instances") & ":" & ADDRESS(56+3,K$2+1)))-MIN(INDIRECT(ADDRESS(56+3,K$2+1,,,"Instances") & ":" & ADDRESS(56+3,K$2+1))))} -> #REF! | L61: =IFERROR(SMALL(K5:K364,ROW()-ROW($L$5)+1),"") | N61: =IFERROR(SUM(L5:L61),"") -> 0 | Q61: =IF(Charts!$B$3="none",E1868,IF(K1868="",NA(),K1868)) -> #REF! | R61: =IF(Charts!$B$3="none",F1868,IF(L1868="",NA(),L1868)) -> #REF! | S61: =IF(Charts!$B$3="none",G1868,IF(M1868="",NA(),M1868)) -> #REF! | T61: =IF(Charts!$B$3="none",H1868,IF(N1868="",NA(),N1868)) -> #REF!
D62: 58 | E62: =IF(INDIRECT(ADDRESS($D62+2,E$2+1,,,"Instances"))="","",INDIRECT(ADDRESS($D62+2,E$2+1,,,"Instances"))) -> #REF! | F62: =IFERROR(SMALL(E5:E364,ROW()-ROW($F$5)+1),"") | H62: =IFERROR(SUM(F5:F62),"") -> 0 | J62: 58 | K62: {=SWITCH(Charts!$B$3,"average", AVERAGE(INDIRECT(ADDRESS(57+3,K$2+1,,,"Instances") & ":" & ADDRESS(57+3,K$2+1))),"median", MEDIAN(INDIRECT(ADDRESS(57+3,K$2+1,,,"Instances") & ":" & ADDRESS(57+3,K$2+1))),"min", MIN(INDIRECT(ADDRESS(57+3,K$2+1,,,"Instances") & ":" & ADDRESS(57+3,K$2+1))),"max", MAX(INDIRECT(ADDRESS(57+3,K$2+1,,,"Instances") & ":" & ADDRESS(57+3,K$2+1))),"diff", MAX(INDIRECT(ADDRESS(57+3,K$2+1,,,"Instances") & ":" & ADDRESS(57+3,K$2+1)))-MIN(INDIRECT(ADDRESS(57+3,K$2+1,,,"Instances") & ":" & ADDRESS(57+3,K$2+1))))} -> #REF! | L62: =IFERROR(SMALL(K5:K364,ROW()-ROW($L$5)+1),"") | N62: =IFERROR(SUM(L5:L62),"") -> 0 | Q62: =IF(Charts!$B$3="none",E1869,IF(K1869="",NA(),K1869)) -> #REF! | R62: =IF(Charts!$B$3="none",F1869,IF(L1869="",NA(),L1869)) -> #REF! | S62: =IF(Charts!$B$3="none",G1869,IF(M1869="",NA(),M1869)) -> #REF! | T62: =IF(Charts!$B$3="none",H1869,IF(N1869="",NA(),N1869)) -> #REF!
D63: 59 | E63: =IF(INDIRECT(ADDRESS($D63+2,E$2+1,,,"Instances"))="","",INDIRECT(ADDRESS($D63+2,E$2+1,,,"Instances"))) -> #REF! | F63: =IFERROR(SMALL(E5:E364,ROW()-ROW($F$5)+1),"") | H63: =IFERROR(SUM(F5:F63),"") -> 0 | J63: 59 | K63: {=SWITCH(Charts!$B$3,"average", AVERAGE(INDIRECT(ADDRESS(58+3,K$2+1,,,"Instances") & ":" & ADDRESS(58+3,K$2+1))),"median", MEDIAN(INDIRECT(ADDRESS(58+3,K$2+1,,,"Instances") & ":" & ADDRESS(58+3,K$2+1))),"min", MIN(INDIRECT(ADDRESS(58+3,K$2+1,,,"Instances") & ":" & ADDRESS(58+3,K$2+1))),"max", MAX(INDIRECT(ADDRESS(58+3,K$2+1,,,"Instances") & ":" & ADDRESS(58+3,K$2+1))),"diff", MAX(INDIRECT(ADDRESS(58+3,K$2+1,,,"Instances") & ":" & ADDRESS(58+3,K$2+1)))-MIN(INDIRECT(ADDRESS(58+3,K$2+1,,,"Instances") & ":" & ADDRESS(58+3,K$2+1))))} -> #REF! | L63: =IFERROR(SMALL(K5:K364,ROW()-ROW($L$5)+1),"") | N63: =IFERROR(SUM(L5:L63),"") -> 0 | Q63: =IF(Charts!$B$3="none",E1870,IF(K1870="",NA(),K1870)) -> #REF! | R63: =IF(Charts!$B$3="none",F1870,IF(L1870="",NA(),L1870)) -> #REF! | S63: =IF(Charts!$B$3="none",G1870,IF(M1870="",NA(),M1870)) -> #REF! | T63: =IF(Charts!$B$3="none",H1870,IF(N1870="",NA(),N1870)) -> #REF!
D64: 60 | E64: =IF(INDIRECT(ADDRESS($D64+2,E$2+1,,,"Instances"))="","",INDIRECT(ADDRESS($D64+2,E$2+1,,,"Instances"))) -> #REF! | F64: =IFERROR(SMALL(E5:E364,ROW()-ROW($F$5)+1),"") | H64: =IFERROR(SUM(F5:F64),"") -> 0 | J64: 60 | K64: {=SWITCH(Charts!$B$3,"average", AVERAGE(INDIRECT(ADDRESS(59+3,K$2+1,,,"Instances") & ":" & ADDRESS(59+3,K$2+1))),"median", MEDIAN(INDIRECT(ADDRESS(59+3,K$2+1,,,"Instances") & ":" & ADDRESS(59+3,K$2+1))),"min", MIN(INDIRECT(ADDRESS(59+3,K$2+1,,,"Instances") & ":" & ADDRESS(59+3,K$2+1))),"max", MAX(INDIRECT(ADDRESS(59+3,K$2+1,,,"Instances") & ":" & ADDRESS(59+3,K$2+1))),"diff", MAX(INDIRECT(ADDRESS(59+3,K$2+1,,,"Instances") & ":" & ADDRESS(59+3,K$2+1)))-MIN(INDIRECT(ADDRESS(59+3,K$2+1,,,"Instances") & ":" & ADDRESS(59+3,K$2+1))))} -> #REF! | L64: =IFERROR(SMALL(K5:K364,ROW()-ROW($L$5)+1),"") | N64: =IFERROR(SUM(L5:L64),"") -> 0 | Q64: =IF(Charts!$B$3="none",E1871,IF(K1871="",NA(),K1871)) -> #REF! | R64: =IF(Charts!$B$3="none",F1871,IF(L1871="",NA(),L1871)) -> #REF! | S64: =IF(Charts!$B$3="none",G1871,IF(M1871="",NA(),M1871)) -> #REF! | T64: =IF(Charts!$B$3="none",H1871,IF(N1871="",NA(),N1871)) -> #REF!
D65: 61 | E65: =IF(INDIRECT(ADDRESS($D65+2,E$2+1,,,"Instances"))="","",INDIRECT(ADDRESS($D65+2,E$2+1,,,"Instances"))) -> #REF! | F65: =IFERROR(SMALL(E5:E364,ROW()-ROW($F$5)+1),"") | H65: =IFERROR(SUM(F5:F65),"") -> 0 | J65: 61 | K65: {=SWITCH(Charts!$B$3,"average", AVERAGE(INDIRECT(ADDRESS(60+3,K$2+1,,,"Instances") & ":" & ADDRESS(60+3,K$2+1))),"median", MEDIAN(INDIRECT(ADDRESS(60+3,K$2+1,,,"Instances") & ":" & ADDRESS(60+3,K$2+1))),"min", MIN(INDIRECT(ADDRESS(60+3,K$2+1,,,"Instances") & ":" & ADDRESS(60+3,K$2+1))),"max", MAX(INDIRECT(ADDRESS(60+3,K$2+1,,,"Instances") & ":" & ADDRESS(60+3,K$2+1))),"diff", MAX(INDIRECT(ADDRESS(60+3,K$2+1,,,"Instances") & ":" & ADDRESS(60+3,K$2+1)))-MIN(INDIRECT(ADDRESS(60+3,K$2+1,,,"Instances") & ":" & ADDRESS(60+3,K$2+1))))} -> #REF! | L65: =IFERROR(SMALL(K5:K364,ROW()-ROW($L$5)+1),"") | N65: =IFERROR(SUM(L5:L65),"") -> 0 | Q65: =IF(Charts!$B$3="none",E1872,IF(K1872="",NA(),K1872)) -> #REF! | R65: =IF(Charts!$B$3="none",F1872,IF(L1872="",NA(),L1872)) -> #REF! | S65: =IF(Charts!$B$3="none",G1872,IF(M1872="",NA(),M1872)) -> #REF! | T65: =IF(Charts!$B$3="none",H1872,IF(N1872="",NA(),N1872)) -> #REF!
D66: 62 | E66: =IF(INDIRECT(ADDRESS($D66+2,E$2+1,,,"Instances"))="","",INDIRECT(ADDRESS($D66+2,E$2+1,,,"Instances"))) -> #REF! | F66: =IFERROR(SMALL(E5:E364,ROW()-ROW($F$5)+1),"") | H66: =IFERROR(SUM(F5:F66),"") -> 0 | J66: 62 | K66: {=SWITCH(Charts!$B$3,"average", AVERAGE(INDIRECT(ADDRESS(61+3,K$2+1,,,"Instances") & ":" & ADDRESS(61+3,K$2+1))),"median", MEDIAN(INDIRECT(ADDRESS(61+3,K$2+1,,,"Instances") & ":" & ADDRESS(61+3,K$2+1))),"min", MIN(INDIRECT(ADDRESS(61+3,K$2+1,,,"Instances") & ":" & ADDRESS(61+3,K$2+1))),"max", MAX(INDIRECT(ADDRESS(61+3,K$2+1,,,"Instances") & ":" & ADDRESS(61+3,K$2+1))),"diff", MAX(INDIRECT(ADDRESS(61+3,K$2+1,,,"Instances") & ":" & ADDRESS(61+3,K$2+1)))-MIN(INDIRECT(ADDRESS(61+3,K$2+1,,,"Instances") & ":" & ADDRESS(61+3,K$2+1))))} -> #REF! | L66: =IFERROR(SMALL(K5:K364,ROW()-ROW($L$5)+1),"") | N66: =IFERROR(SUM(L5:L66),"") -> 0 | Q66: =IF(Charts!$B$3="none",E1873,IF(K1873="",NA(),K1873)) -> #REF! | R66: =IF(Charts!$B$3="none",F1873,IF(L1873="",NA(),L1873)) -> #REF! | S66: =IF(Charts!$B$3="none",G1873,IF(M1873="",NA(),M1873)) -> #REF! | T66: =IF(Charts!$B$3="none",H1873,IF(N1873="",NA(),N1873)) -> #REF!
D67: 63 | E67: =IF(INDIRECT(ADDRESS($D67+2,E$2+1,,,"Instances"))="","",INDIRECT(ADDRESS($D67+2,E$2+1,,,"Instances"))) -> #REF! | F67: =IFERROR(SMALL(E5:E364,ROW()-ROW($F$5)+1),"") | H67: =IFERROR(SUM(F5:F67),"") -> 0 | J67: 63 | K67: {=SWITCH(Charts!$B$3,"average", AVERAGE(INDIRECT(ADDRESS(62+3,K$2+1,,,"Instances") & ":" & ADDRESS(62+3,K$2+1))),"median", MEDIAN(INDIRECT(ADDRESS(62+3,K$2+1,,,"Instances") & ":" & ADDRESS(62+3,K$2+1))),"min", MIN(INDIRECT(ADDRESS(62+3,K$2+1,,,"Instances") & ":" & ADDRESS(62+3,K$2+1))),"max", MAX(INDIRECT(ADDRESS(62+3,K$2+1,,,"Instances") & ":" & ADDRESS(62+3,K$2+1))),"diff", MAX(INDIRECT(ADDRESS(62+3,K$2+1,,,"Instances") & ":" & ADDRESS(62+3,K$2+1)))-MIN(INDIRECT(ADDRESS(62+3,K$2+1,,,"Instances") & ":" & ADDRESS(62+3,K$2+1))))} -> #REF! | L67: =IFERROR(SMALL(K5:K364,ROW()-ROW($L$5)+1),"") | N67: =IFERROR(SUM(L5:L67),"") -> 0 | Q67: =IF(Charts!$B$3="none",E1874,IF(K1874="",NA(),K1874)) -> #REF! | R67: =IF(Charts!$B$3="none",F1874,IF(L1874="",NA(),L1874)) -> #REF! | S67: =IF(Charts!$B$3="none",G1874,IF(M1874="",NA(),M1874)) -> #REF! | T67: =IF(Charts!$B$3="none",H1874,IF(N1874="",NA(),N1874)) -> #REF!
D68: 64 | E68: =IF(INDIRECT(ADDRESS($D68+2,E$2+1,,,"Instances"))="","",INDIRECT(ADDRESS($D68+2,E$2+1,,,"Instances"))) -> #REF! | F68: =IFERROR(SMALL(E5:E364,ROW()-ROW($F$5)+1),"") | H68: =IFERROR(SUM(F5:F68),"") -> 0 | J68: 64 | K68: {=SWITCH(Charts!$B$3,"average", AVERAGE(INDIRECT(ADDRESS(63+3,K$2+1,,,"Instances") & ":" & ADDRESS(63+3,K$2+1))),"median", MEDIAN(INDIRECT(ADDRESS(63+3,K$2+1,,,"Instances") & ":" & ADDRESS(63+3,K$2+1))),"min", MIN(INDIRECT(ADDRESS(63+3,K$2+1,,,"Instances") & ":" & ADDRESS(63+3,K$2+1))),"max", MAX(INDIRECT(ADDRESS(63+3,K$2+1,,,"Instances") & ":" & ADDRESS(63+3,K$2+1))),"diff", MAX(INDIRECT(ADDRESS(63+3,K$2+1,,,"Instances") & ":" & ADDRESS(63+3,K$2+1)))-MIN(INDIRECT(ADDRESS(63+3,K$2+1,,,"Instances") & ":" & ADDRESS(63+3,K$2+1))))} -> #REF! | L68: =IFERROR(SMALL(K5:K364,ROW()-ROW($L$5)+1),"") | N68: =IFERROR(SUM(L5:L68),"") -> 0 | Q68: =IF(Charts!$B$3="none",E1875,IF(K1875="",NA(),K1875)) -> #REF! | R68: =IF(Charts!$B$3="none",F1875,IF(L1875="",NA(),L1875)) -> #REF! | S68: =IF(Charts!$B$3="none",G1875,IF(M1875="",NA(),M1875)) -> #REF! | T68: =IF(Charts!$B$3="none",H1875,IF(N1875="",NA(),N1875)) -> #REF!
D69: 65 | E69: =IF(INDIRECT(ADDRESS($D69+2,E$2+1,,,"Instances"))="","",INDIRECT(ADDRESS($D69+2,E$2+1,,,"Instances"))) -> #REF! | F69: =IFERROR(SMALL(E5:E364,ROW()-ROW($F$5)+1),"") | H69: =IFERROR(SUM(F5:F69),"") -> 0 | J69: 65 | K69: {=SWITCH(Charts!$B$3,"average", AVERAGE(INDIRECT(ADDRESS(64+3,K$2+1,,,"Instances") & ":" & ADDRESS(64+3,K$2+1))),"median", MEDIAN(INDIRECT(ADDRESS(64+3,K$2+1,,,"Instances") & ":" & ADDRESS(64+3,K$2+1))),"min", MIN(INDIRECT(ADDRESS(64+3,K$2+1,,,"Instances") & ":" & ADDRESS(64+3,K$2+1))),"max", MAX(INDIRECT(ADDRESS(64+3,K$2+1,,,"Instances") & ":" & ADDRESS(64+3,K$2+1))),"diff", MAX(INDIRECT(ADDRESS(64+3,K$2+1,,,"Instances") & ":" & ADDRESS(64+3,K$2+1)))-MIN(INDIRECT(ADDRESS(64+3,K$2+1,,,"Instances") & ":" & ADDRESS(64+3,K$2+1))))} -> #REF! | L69: =IFERROR(SMALL(K5:K364,ROW()-ROW($L$5)+1),"") | N69: =IFERROR(SUM(L5:L69),"") -> 0 | Q69: =IF(Charts!$B$3="none",E1876,IF(K1876="",NA(),K1876)) -> #REF! | R69: =IF(Charts!$B$3="none",F1876,IF(L1876="",NA(),L1876)) -> #REF! | S69: =IF(Charts!$B$3="none",G1876,IF(M1876="",NA(),M1876)) -> #REF! | T69: =IF(Charts!$B$3="none",H1876,IF(N1876="",NA(),N1876)) -> #REF!
D70: 66 | E70: =IF(INDIRECT(ADDRESS($D70+2,E$2+1,,,"Instances"))="","",INDIRECT(ADDRESS($D70+2,E$2+1,,,"Instances"))) -> #REF! | F70: =IFERROR(SMALL(E5:E364,ROW()-ROW($F$5)+1),"") | H70: =IFERROR(SUM(F5:F70),"") -> 0 | J70: 66 | K70: {=SWITCH(Charts!$B$3,"average", AVERAGE(INDIRECT(ADDRESS(65+3,K$2+1,,,"Instances") & ":" & ADDRESS(65+3,K$2+1))),"median", MEDIAN(INDIRECT(ADDRESS(65+3,K$2+1,,,"Instances") & ":" & ADDRESS(65+3,K$2+1))),"min", MIN(INDIRECT(ADDRESS(65+3,K$2+1,,,"Instances") & ":" & ADDRESS(65+3,K$2+1))),"max", MAX(INDIRECT(ADDRESS(65+3,K$2+1,,,"Instances") & ":" & ADDRESS(65+3,K$2+1))),"diff", MAX(INDIRECT(ADDRESS(65+3,K$2+1,,,"Instances") & ":" & ADDRESS(65+3,K$2+1)))-MIN(INDIRECT(ADDRESS(65+3,K$2+1,,,"Instances") & ":" & ADDRESS(65+3,K$2+1))))} -> #REF! | L70: =IFERROR(SMALL(K5:K364,ROW()-ROW($L$5)+1),"") | N70: =IFERROR(SUM(L5:L70),"") -> 0 | Q70: =IF(Charts!$B$3="none",E1877,IF(K1877="",NA(),K1877)) -> #REF! | R70: =IF(Charts!$B$3="none",F1877,IF(L1877="",NA(),L1877)) -> #REF! | S70: =IF(Charts!$B$3="none",G1877,IF(M1877="",NA(),M1877)) -> #REF! | T70: =IF(Charts!$B$3="none",H1877,IF(N1877="",NA(),N1877)) -> #REF!
D71: 67 | E71: =IF(INDIRECT(ADDRESS($D71+2,E$2+1,,,"Instances"))="","",INDIRECT(ADDRESS($D71+2,E$2+1,,,"Instances"))) -> #REF! | F71: =IFERROR(SMALL(E5:E364,ROW()-ROW($F$5)+1),"") | H71: =IFERROR(SUM(F5:F71),"") -> 0 | J71: 67 | K71: {=SWITCH(Charts!$B$3,"average", AVERAGE(INDIRECT(ADDRESS(66+3,K$2+1,,,"Instances") & ":" & ADDRESS(66+3,K$2+1))),"median", MEDIAN(INDIRECT(ADDRESS(66+3,K$2+1,,,"Instances") & ":" & ADDRESS(66+3,K$2+1))),"min", MIN(INDIRECT(ADDRESS(66+3,K$2+1,,,"Instances") & ":" & ADDRESS(66+3,K$2+1))),"max", MAX(INDIRECT(ADDRESS(66+3,K$2+1,,,"Instances") & ":" & ADDRESS(66+3,K$2+1))),"diff", MAX(INDIRECT(ADDRESS(66+3,K$2+1,,,"Instances") & ":" & ADDRESS(66+3,K$2+1)))-MIN(INDIRECT(ADDRESS(66+3,K$2+1,,,"Instances") & ":" & ADDRESS(66+3,K$2+1))))} -> #REF! | L71: =IFERROR(SMALL(K5:K364,ROW()-ROW($L$5)+1),"") | N71: =IFERROR(SUM(L5:L71),"") -> 0 | Q71: =IF(Charts!$B$3="none",E1878,IF(K1878="",NA(),K1878)) -> #REF! | R71: =IF(Charts!$B$3="none",F1878,IF(L1878="",NA(),L1878)) -> #REF! | S71: =IF(Charts!$B$3="none",G1878,IF(M1878="",NA(),M1878)) -> #REF! | T71: =IF(Charts!$B$3="none",H1878,IF(N1878="",NA(),N1878)) -> #REF!
D72: 68 | E72: =IF(INDIRECT(ADDRESS($D72+2,E$2+1,,,"Instances"))="","",INDIRECT(ADDRESS($D72+2,E$2+1,,,"Instances"))) -> #REF! | F72: =IFERROR(SMALL(E5:E364,ROW()-ROW($F$5)+1),"") | H72: =IFERROR(SUM(F5:F72),"") -> 0 | J72: 68 | K72: {=SWITCH(Charts!$B$3,"average", AVERAGE(INDIRECT(ADDRESS(67+3,K$2+1,,,"Instances") & ":" & ADDRESS(67+3,K$2+1))),"median", MEDIAN(INDIRECT(ADDRESS(67+3,K$2+1,,,"Instances") & ":" & ADDRESS(67+3,K$2+1))),"min", MIN(INDIRECT(ADDRESS(67+3,K$2+1,,,"Instances") & ":" & ADDRESS(67+3,K$2+1))),"max", MAX(INDIRECT(ADDRESS(67+3,K$2+1,,,"Instances") & ":" & ADDRESS(67+3,K$2+1))),"diff", MAX(INDIRECT(ADDRESS(67+3,K$2+1,,,"Instances") & ":" & ADDRESS(67+3,K$2+1)))-MIN(INDIRECT(ADDRESS(67+3,K$2+1,,,"Instances") & ":" & ADDRESS(67+3,K$2+1))))} -> #REF! | L72: =IFERROR(SMALL(K5:K364,ROW()-ROW($L$5)+1),"") | N72: =IFERROR(SUM(L5:L72),"") -> 0 | Q72: =IF(Charts!$B$3="none",E1879,IF(K1879="",NA(),K1879)) -> #REF! | R72: =IF(Charts!$B$3="none",F1879,IF(L1879="",NA(),L1879)) -> #REF! | S72: =IF(Charts!$B$3="none",G1879,IF(M1879="",NA(),M1879)) -> #REF! | T72: =IF(Charts!$B$3="none",H1879,IF(N1879="",NA(),N1879)) -> #REF!
D73: 69 | E73: =IF(INDIRECT(ADDRESS($D73+2,E$2+1,,,"Instances"))="","",INDIRECT(ADDRESS($D73+2,E$2+1,,,"Instances"))) -> #REF! | F73: =IFERROR(SMALL(E5:E364,ROW()-ROW($F$5)+1),"") | H73: =IFERROR(SUM(F5:F73),"") -> 0 | J73: 69 | K73: {=SWITCH(Charts!$B$3,"average", AVERAGE(INDIRECT(ADDRESS(68+3,K$2+1,,,"Instances") & ":" & ADDRESS(68+3,K$2+1))),"median", MEDIAN(INDIRECT(ADDRESS(68+3,K$2+1,,,"Instances") & ":" & ADDRESS(68+3,K$2+1))),"min", MIN(INDIRECT(ADDRESS(68+3,K$2+1,,,"Instances") & ":" & ADDRESS(68+3,K$2+1))),"max", MAX(INDIRECT(ADDRESS(68+3,K$2+1,,,"Instances") & ":" & ADDRESS(68+3,K$2+1))),"diff", MAX(INDIRECT(ADDRESS(68+3,K$2+1,,,"Instances") & ":" & ADDRESS(68+3,K$2+1)))-MIN(INDIRECT(ADDRESS(68+3,K$2+1,,,"Instances") & ":" & ADDRESS(68+3,K$2+1))))} -> #REF! | L73: =IFERROR(SMALL(K5:K364,ROW()-ROW($L$5)+1),"") | N73: =IFERROR(SUM(L5:L73),"") -> 0 | Q73: =IF(Charts!$B$3="none",E1880,IF(K1880="",NA(),K1880)) -> #REF! | R73: =IF(Charts!$B$3="none",F1880,IF(L1880="",NA(),L1880)) -> #REF! | S73: =IF(Charts!$B$3="none",G1880,IF(M1880="",NA(),M1880)) -> #REF! | T73: =IF(Charts!$B$3="none",H1880,IF(N1880="",NA(),N1880)) -> #REF!
D74: 70 | E74: =IF(INDIRECT(ADDRESS($D74+2,E$2+1,,,"Instances"))="","",INDIRECT(ADDRESS($D74+2,E$2+1,,,"Instances"))) -> #REF! | F74: =IFERROR(SMALL(E5:E364,ROW()-ROW($F$5)+1),"") | H74: =IFERROR(SUM(F5:F74),"") -> 0 | J74: 70 | K74: {=SWITCH(Charts!$B$3,"average", AVERAGE(INDIRECT(ADDRESS(69+3,K$2+1,,,"Instances") & ":" & ADDRESS(69+3,K$2+1))),"median", MEDIAN(INDIRECT(ADDRESS(69+3,K$2+1,,,"Instances") & ":" & ADDRESS(69+3,K$2+1))),"min", MIN(INDIRECT(ADDRESS(69+3,K$2+1,,,"Instances") & ":" & ADDRESS(69+3,K$2+1))),"max", MAX(INDIRECT(ADDRESS(69+3,K$2+1,,,"Instances") & ":" & ADDRESS(69+3,K$2+1))),"diff", MAX(INDIRECT(ADDRESS(69+3,K$2+1,,,"Instances") & ":" & ADDRESS(69+3,K$2+1)))-MIN(INDIRECT(ADDRESS(69+3,K$2+1,,,"Instances") & ":" & ADDRESS(69+3,K$2+1))))} -> #REF! | L74: =IFERROR(SMALL(K5:K364,ROW()-ROW($L$5)+1),"") | N74: =IFERROR(SUM(L5:L74),"") -> 0 | Q74: =IF(Charts!$B$3="none",E1881,IF(K1881="",NA(),K1881)) -> #REF! | R74: =IF(Charts!$B$3="none",F1881,IF(L1881="",NA(),L1881)) -> #REF! | S74: =IF(Charts!$B$3="none",G1881,IF(M1881="",NA(),M1881)) -> #REF! | T74: =IF(Charts!$B$3="none",H1881,IF(N1881="",NA(),N1881)) -> #REF!
D75: 71 | E75: =IF(INDIRECT(ADDRESS($D75+2,E$2+1,,,"Instances"))="","",INDIRECT(ADDRESS($D75+2,E$2+1,,,"Instances"))) -> #REF! | F75: =IFERROR(SMALL(E5:E364,ROW()-ROW($F$5)+1),"") | H75: =IFERROR(SUM(F5:F75),"") -> 0 | J75: 71 | K75: {=SWITCH(Charts!$B$3,"average", AVERAGE(INDIRECT(ADDRESS(70+3,K$2+1,,,"Instances") & ":" & ADDRESS(70+3,K$2+1))),"median", MEDIAN(INDIRECT(ADDRESS(70+3,K$2+1,,,"Instances") & ":" & ADDRESS(70+3,K$2+1))),"min", MIN(INDIRECT(ADDRESS(70+3,K$2+1,,,"Instances") & ":" & ADDRESS(70+3,K$2+1))),"max", MAX(INDIRECT(ADDRESS(70+3,K$2+1,,,"Instances") & ":" & ADDRESS(70+3,K$2+1))),"diff", MAX(INDIRECT(ADDRESS(70+3,K$2+1,,,"Instances") & ":" & ADDRESS(70+3,K$2+1)))-MIN(INDIRECT(ADDRESS(70+3,K$2+1,,,"Instances") & ":" & ADDRESS(70+3,K$2+1))))} -> #REF! | L75: =IFERROR(SMALL(K5:K364,ROW()-ROW($L$5)+1),"") | N75: =IFERROR(SUM(L5:L75),"") -> 0 | Q75: =IF(Charts!$B$3="none",E1882,IF(K1882="",NA(),K1882)) -> #REF! | R75: =IF(Charts!$B$3="none",F1882,IF(L1882="",NA(),L1882)) -> #REF! | S75: =IF(Charts!$B$3="none",G1882,IF(M1882="",NA(),M1882)) -> #REF! | T75: =IF(Charts!$B$3="none",H1882,IF(N1882="",NA(),N1882)) -> #REF!
D76: 72 | E76: =IF(INDIRECT(ADDRESS($D76+2,E$2+1,,,"Instances"))="","",INDIRECT(ADDRESS($D76+2,E$2+1,,,"Instances"))) -> #REF! | F76: =IFERROR(SMALL(E5:E364,ROW()-ROW($F$5)+1),"") | H76: =IFERROR(SUM(F5:F76),"") -> 0 | J76: 72 | K76: {=SWITCH(Charts!$B$3,"average", AVERAGE(INDIRECT(ADDRESS(71+3,K$2+1,,,"Instances") & ":" & ADDRESS(71+3,K$2+1))),"median", MEDIAN(INDIRECT(ADDRESS(71+3,K$2+1,,,"Instances") & ":" & ADDRESS(71+3,K$2+1))),"min", MIN(INDIRECT(ADDRESS(71+3,K$2+1,,,"Instances") & ":" & ADDRESS(71+3,K$2+1))),"max", MAX(INDIRECT(ADDRESS(71+3,K$2+1,,,"Instances") & ":" & ADDRESS(71+3,K$2+1))),"diff", MAX(INDIRECT(ADDRESS(71+3,K$2+1,,,"Instances") & ":" & ADDRESS(71+3,K$2+1)))-MIN(INDIRECT(ADDRESS(71+3,K$2+1,,,"Instances") & ":" & ADDRESS(71+3,K$2+1))))} -> #REF! | L76: =IFERROR(SMALL(K5:K364,ROW()-ROW($L$5)+1),"") | N76: =IFERROR(SUM(L5:L76),"") -> 0 | Q76: =IF(Charts!$B$3="none",E1883,IF(K1883="",NA(),K1883)) -> #REF! | R76: =IF(Charts!$B$3="none",F1883,IF(L1883="",NA(),L1883)) -> #REF! | S76: =IF(Charts!$B$3="none",G1883,IF(M1883="",NA(),M1883)) -> #REF! | T76: =IF(Charts!$B$3="none",H1883,IF(N1883="",NA(),N1883)) -> #REF!
D77: 73 | E77: =IF(INDIRECT(ADDRESS($D77+2,E$2+1,,,"Instances"))="","",INDIRECT(ADDRESS($D77+2,E$2+1,,,"Instances"))) -> #REF! | F77: =IFERROR(SMALL(E5:E364,ROW()-ROW($F$5)+1),"") | H77: =IFERROR(SUM(F5:F77),"") -> 0 | J77: 73 | K77: {=SWITCH(Charts!$B$3,"average", AVERAGE(INDIRECT(ADDRESS(72+3,K$2+1,,,"Instances") & ":" & ADDRESS(72+3,K$2+1))),"median", MEDIAN(INDIRECT(ADDRESS(72+3,K$2+1,,,"Instances") & ":" & ADDRESS(72+3,K$2+1))),"min", MIN(INDIRECT(ADDRESS(72+3,K$2+1,,,"Instances") & ":" & ADDRESS(72+3,K$2+1))),"max", MAX(INDIRECT(ADDRESS(72+3,K$2+1,,,"Instances") & ":" & ADDRESS(72+3,K$2+1))),"diff", MAX(INDIRECT(ADDRESS(72+3,K$2+1,,,"Instances") & ":" & ADDRESS(72+3,K$2+1)))-MIN(INDIRECT(ADDRESS(72+3,K$2+1,,,"Instances") & ":" & ADDRESS(72+3,K$2+1))))} -> #REF! | L77: =IFERROR(SMALL(K5:K364,ROW()-ROW($L$5)+1),"") | N77: =IFERROR(SUM(L5:L77),"") -> 0 | Q77: =IF(Charts!$B$3="none",E1884,IF(K1884="",NA(),K1884)) -> #REF! | R77: =IF(Charts!$B$3="none",F1884,IF(L1884="",NA(),L1884)) -> #REF! | S77: =IF(Charts!$B$3="none",G1884,IF(M1884="",NA(),M1884)) -> #REF! | T77: =IF(Charts!$B$3="none",H1884,IF(N1884="",NA(),N1884)) -> #REF!
D78: 74 | E78: =IF(INDIRECT(ADDRESS($D78+2,E$2+1,,,"Instances"))="","",INDIRECT(ADDRESS($D78+2,E$2+1,,,"Instances"))) -> #REF! | F78: =IFERROR(SMALL(E5:E364,ROW()-ROW($F$5)+1),"") | H78: =IFERROR(SUM(F5:F78),"") -> 0 | J78: 74 | K78: {=SWITCH(Charts!$B$3,"average", AVERAGE(INDIRECT(ADDRESS(73+3,K$2+1,,,"Instances") & ":" & ADDRESS(73+3,K$2+1))),"median", MEDIAN(INDIRECT(ADDRESS(73+3,K$2+1,,,"Instances") & ":" & ADDRESS(73+3,K$2+1))),"min", MIN(INDIRECT(ADDRESS(73+3,K$2+1,,,"Instances") & ":" & ADDRESS(73+3,K$2+1))),"max", MAX(INDIRECT(ADDRESS(73+3,K$2+1,,,"Instances") & ":" & ADDRESS(73+3,K$2+1))),"diff", MAX(INDIRECT(ADDRESS(73+3,K$2+1,,,"Instances") & ":" & ADDRESS(73+3,K$2+1)))-MIN(INDIRECT(ADDRESS(73+3,K$2+1,,,"Instances") & ":" & ADDRESS(73+3,K$2+1))))} -> #REF! | L78: =IFERROR(SMALL(K5:K364,ROW()-ROW($L$5)+1),"") | N78: =IFERROR(SUM(L5:L78),"") -> 0 | Q78: =IF(Charts!$B$3="none",E1885,IF(K1885="",NA(),K1885)) -> #REF! | R78: =IF(Charts!$B$3="none",F1885,IF(L1885="",NA(),L1885)) -> #REF! | S78: =IF(Charts!$B$3="none",G1885,IF(M1885="",NA(),M1885)) -> #REF! | T78: =IF(Charts!$B$3="none",H1885,IF(N1885="",NA(),N1885)) -> #REF!
D79: 75 | E79: =IF(INDIRECT(ADDRESS($D79+2,E$2+1,,,"Instances"))="","",INDIRECT(ADDRESS($D79+2,E$2+1,,,"Instances"))) -> #REF! | F79: =IFERROR(SMALL(E5:E364,ROW()-ROW($F$5)+1),"") | H79: =IFERROR(SUM(F5:F79),"") -> 0 | J79: 75 | K79: {=SWITCH(Charts!$B$3,"average", AVERAGE(INDIRECT(ADDRESS(74+3,K$2+1,,,"Instances") & ":" & ADDRESS(74+3,K$2+1))),"median", MEDIAN(INDIRECT(ADDRESS(74+3,K$2+1,,,"Instances") & ":" & ADDRESS(74+3,K$2+1))),"min", MIN(INDIRECT(ADDRESS(74+3,K$2+1,,,"Instances") & ":" & ADDRESS(74+3,K$2+1))),"max", MAX(INDIRECT(ADDRESS(74+3,K$2+1,,,"Instances") & ":" & ADDRESS(74+3,K$2+1))),"diff", MAX(INDIRECT(ADDRESS(74+3,K$2+1,,,"Instances") & ":" & ADDRESS(74+3,K$2+1)))-MIN(INDIRECT(ADDRESS(74+3,K$2+1,,,"Instances") & ":" & ADDRESS(74+3,K$2+1))))} -> #REF! | L79: =IFERROR(SMALL(K5:K364,ROW()-ROW($L$5)+1),"") | N79: =IFERROR(SUM(L5:L79),"") -> 0 | Q79: =IF(Charts!$B$3="none",E1886,IF(K1886="",NA(),K1886)) -> #REF! | R79: =IF(Charts!$B$3="none",F1886,IF(L1886="",NA(),L1886)) -> #REF! | S79: =IF(Charts!$B$3="none",G1886,IF(M1886="",NA(),M1886)) -> #REF! | T79: =IF(Charts!$B$3="none",H1886,IF(N1886="",NA(),N1886)) -> #REF!
D80: 76 | E80: =IF(INDIRECT(ADDRESS($D80+2,E$2+1,,,"Instances"))="","",INDIRECT(ADDRESS($D80+2,E$2+1,,,"Instances"))) -> #REF! | F80: =IFERROR(SMALL(E5:E364,ROW()-ROW($F$5)+1),"") | H80: =IFERROR(SUM(F5:F80),"") -> 0 | J80: 76 | K80: {=SWITCH(Charts!$B$3,"average", AVERAGE(INDIRECT(ADDRESS(75+3,K$2+1,,,"Instances") & ":" & ADDRESS(75+3,K$2+1))),"median", MEDIAN(INDIRECT(ADDRESS(75+3,K$2+1,,,"Instances") & ":" & ADDRESS(75+3,K$2+1))),"min", MIN(INDIRECT(ADDRESS(75+3,K$2+1,,,"Instances") & ":" & ADDRESS(75+3,K$2+1))),"max", MAX(INDIRECT(ADDRESS(75+3,K$2+1,,,"Instances") & ":" & ADDRESS(75+3,K$2+1))),"diff", MAX(INDIRECT(ADDRESS(75+3,K$2+1,,,"Instances") & ":" & ADDRESS(75+3,K$2+1)))-MIN(INDIRECT(ADDRESS(75+3,K$2+1,,,"Instances") & ":" & ADDRESS(75+3,K$2+1))))} -> #REF! | L80: =IFERROR(SMALL(K5:K364,ROW()-ROW($L$5)+1),"") | N80: =IFERROR(SUM(L5:L80),"") -> 0 | Q80: =IF(Charts!$B$3="none",E1887,IF(K1887="",NA(),K1887)) -> #REF! | R80: =IF(Charts!$B$3="none",F1887,IF(L1887="",NA(),L1887)) -> #REF! | S80: =IF(Charts!$B$3="none",G1887,IF(M1887="",NA(),M1887)) -> #REF! | T80: =IF(Charts!$B$3="none",H1887,IF(N1887="",NA(),N1887)) -> #REF!
D81: 77 | E81: =IF(INDIRECT(ADDRESS($D81+2,E$2+1,,,"Instances"))="","",INDIRECT(ADDRESS($D81+2,E$2+1,,,"Instances"))) -> #REF! | F81: =IFERROR(SMALL(E5:E364,ROW()-ROW($F$5)+1),"") | H81: =IFERROR(SUM(F5:F81),"") -> 0 | J81: 77 | K81: {=SWITCH(Charts!$B$3,"average", AVERAGE(INDIRECT(ADDRESS(76+3,K$2+1,,,"Instances") & ":" & ADDRESS(76+3,K$2+1))),"median", MEDIAN(INDIRECT(ADDRESS(76+3,K$2+1,,,"Instances") & ":" & ADDRESS(76+3,K$2+1))),"min", MIN(INDIRECT(ADDRESS(76+3,K$2+1,,,"Instances") & ":" & ADDRESS(76+3,K$2+1))),"max", MAX(INDIRECT(ADDRESS(76+3,K$2+1,,,"Instances") & ":" & ADDRESS(76+3,K$2+1))),"diff", MAX(INDIRECT(ADDRESS(76+3,K$2+1,,,"Instances") & ":" & ADDRESS(76+3,K$2+1)))-MIN(INDIRECT(ADDRESS(76+3,K$2+1,,,"Instances") & ":" & ADDRESS(76+3,K$2+1))))} -> #REF! | L81: =IFERROR(SMALL(K5:K364,ROW()-ROW($L$5)+1),"") | N81: =IFERROR(SUM(L5:L81),"") -> 0 | Q81: =IF(Charts!$B$3="none",E1888,IF(K1888="",NA(),K1888)) -> #REF! | R81: =IF(Charts!$B$3="none",F1888,IF(L1888="",NA(),L1888)) -> #REF! | S81: =IF(Charts!$B$3="none",G1888,IF(M1888="",NA(),M1888)) -> #REF! | T81: =IF(Charts!$B$3="none",H1888,IF(N1888="",NA(),N1888)) -> #REF!
D82: 78 | E82: =IF(INDIRECT(ADDRESS($D82+2,E$2+1,,,"Instances"))="","",INDIRECT(ADDRESS($D82+2,E$2+1,,,"Instances"))) -> #REF! | F82: =IFERROR(SMALL(E5:E364,ROW()-ROW($F$5)+1),"") | H82: =IFERROR(SUM(F5:F82),"") -> 0 | J82: 78 | K82: {=SWITCH(Charts!$B$3,"average", AVERAGE(INDIRECT(ADDRESS(77+3,K$2+1,,,"Instances") & ":" & ADDRESS(77+3,K$2+1))),"median", MEDIAN(INDIRECT(ADDRESS(77+3,K$2+1,,,"Instances") & ":" & ADDRESS(77+3,K$2+1))),"min", MIN(INDIRECT(ADDRESS(77+3,K$2+1,,,"Instances") & ":" & ADDRESS(77+3,K$2+1))),"max", MAX(INDIRECT(ADDRESS(77+3,K$2+1,,,"Instances") & ":" & ADDRESS(77+3,K$2+1))),"diff", MAX(INDIRECT(ADDRESS(77+3,K$2+1,,,"Instances") & ":" & ADDRESS(77+3,K$2+1)))-MIN(INDIRECT(ADDRESS(77+3,K$2+1,,,"Instances") & ":" & ADDRESS(77+3,K$2+1))))} -> #REF! | L82: =IFERROR(SMALL(K5:K364,ROW()-ROW($L$5)+1),"") | N82: =IFERROR(SUM(L5:L82),"") -> 0 | Q82: =IF(Charts!$B$3="none",E1889,IF(K1889="",NA(),K1889)) -> #REF! | R82: =IF(Charts!$B$3="none",F1889,IF(L1889="",NA(),L1889)) -> #REF! | S82: =IF(Charts!$B$3="none",G1889,IF(M1889="",NA(),M1889)) -> #REF! | T82: =IF(Charts!$B$3="none",H1889,IF(N1889="",NA(),N1889)) -> #REF!
D83: 79 | E83: =IF(INDIRECT(ADDRESS($D83+2,E$2+1,,,"Instances"))="","",INDIRECT(ADDRESS($D83+2,E$2+1,,,"Instances"))) -> #REF! | F83: =IFERROR(SMALL(E5:E364,ROW()-ROW($F$5)+1),"") | H83: =IFERROR(SUM(F5:F83),"") -> 0 | J83: 79 | K83: {=SWITCH(Charts!$B$3,"average", AVERAGE(INDIRECT(ADDRESS(78+3,K$2+1,,,"Instances") & ":" & ADDRESS(78+3,K$2+1))),"median", MEDIAN(INDIRECT(ADDRESS(78+3,K$2+1,,,"Instances") & ":" & ADDRESS(78+3,K$2+1))),"min", MIN(INDIRECT(ADDRESS(78+3,K$2+1,,,"Instances") & ":" & ADDRESS(78+3,K$2+1))),"max", MAX(INDIRECT(ADDRESS(78+3,K$2+1,,,"Instances") & ":" & ADDRESS(78+3,K$2+1))),"diff", MAX(INDIRECT(ADDRESS(78+3,K$2+1,,,"Instances") & ":" & ADDRESS(78+3,K$2+1)))-MIN(INDIRECT(ADDRESS(78+3,K$2+1,,,"Instances") & ":" & ADDRESS(78+3,K$2+1))))} -> #REF! | L83: =IFERROR(SMALL(K5:K364,ROW()-ROW($L$5)+1),"") | N83: =IFERROR(SUM(L5:L83),"") -> 0 | Q83: =IF(Charts!$B$3="none",E1890,IF(K1890="",NA(),K1890)) -> #REF! | R83: =IF(Charts!$B$3="none",F1890,IF(L1890="",NA(),L1890)) -> #REF! | S83: =IF(Charts!$B$3="none",G1890,IF(M1890="",NA(),M1890)) -> #REF! | T83: =IF(Charts!$B$3="none",H1890,IF(N1890="",NA(),N1890)) -> #REF!
D84: 80 | E84: =IF(INDIRECT(ADDRESS($D84+2,E$2+1,,,"Instances"))="","",INDIRECT(ADDRESS($D84+2,E$2+1,,,"Instances"))) -> #REF! | F84: =IFERROR(SMALL(E5:E364,ROW()-ROW($F$5)+1),"") | H84: =IFERROR(SUM(F5:F84),"") -> 0 | J84: 80 | K84: {=SWITCH(Charts!$B$3,"average", AVERAGE(INDIRECT(ADDRESS(79+3,K$2+1,,,"Instances") & ":" & ADDRESS(79+3,K$2+1))),"median", MEDIAN(INDIRECT(ADDRESS(79+3,K$2+1,,,"Instances") & ":" & ADDRESS(79+3,K$2+1))),"min", MIN(INDIRECT(ADDRESS(79+3,K$2+1,,,"Instances") & ":" & ADDRESS(79+3,K$2+1))),"max", MAX(INDIRECT(ADDRESS(79+3,K$2+1,,,"Instances") & ":" & ADDRESS(79+3,K$2+1))),"diff", MAX(INDIRECT(ADDRESS(79+3,K$2+1,,,"Instances") & ":" & ADDRESS(79+3,K$2+1)))-MIN(INDIRECT(ADDRESS(79+3,K$2+1,,,"Instances") & ":" & ADDRESS(79+3,K$2+1))))} -> #REF! | L84: =IFERROR(SMALL(K5:K364,ROW()-ROW($L$5)+1),"") | N84: =IFERROR(SUM(L5:L84),"") -> 0 | Q84: =IF(Charts!$B$3="none",E1891,IF(K1891="",NA(),K1891)) -> #REF! | R84: =IF(Charts!$B$3="none",F1891,IF(L1891="",NA(),L1891)) -> #REF! | S84: =IF(Charts!$B$3="none",G1891,IF(M1891="",NA(),M1891)) -> #REF! | T84: =IF(Charts!$B$3="none",H1891,IF(N1891="",NA(),N1891)) -> #REF!
D85: 81 | E85: =IF(INDIRECT(ADDRESS($D85+2,E$2+1,,,"Instances"))="","",INDIRECT(ADDRESS($D85+2,E$2+1,,,"Instances"))) -> #REF! | F85: =IFERROR(SMALL(E5:E364,ROW()-ROW($F$5)+1),"") | H85: =IFERROR(SUM(F5:F85),"") -> 0 | J85: 81 | K85: {=SWITCH(Charts!$B$3,"average", AVERAGE(INDIRECT(ADDRESS(80+3,K$2+1,,,"Instances") & ":" & ADDRESS(80+3,K$2+1))),"median", MEDIAN(INDIRECT(ADDRESS(80+3,K$2+1,,,"Instances") & ":" & ADDRESS(80+3,K$2+1))),"min", MIN(INDIRECT(ADDRESS(80+3,K$2+1,,,"Instances") & ":" & ADDRESS(80+3,K$2+1))),"max", MAX(INDIRECT(ADDRESS(80+3,K$2+1,,,"Instances") & ":" & ADDRESS(80+3,K$2+1))),"diff", MAX(INDIRECT(ADDRESS(80+3,K$2+1,,,"Instances") & ":" & ADDRESS(80+3,K$2+1)))-MIN(INDIRECT(ADDRESS(80+3,K$2+1,,,"Instances") & ":" & ADDRESS(80+3,K$2+1))))} -> #REF! | L85: =IFERROR(SMALL(K5:K364,ROW()-ROW($L$5)+1),"") | N85: =IFERROR(SUM(L5:L85),"") -> 0 | Q85: =IF(Charts!$B$3="none",E1892,IF(K1892="",NA(),K1892)) -> #REF! | R85: =IF(Charts!$B$3="none",F1892,IF(L1892="",NA(),L1892)) -> #REF! | S85: =IF(Charts!$B$3="none",G1892,IF(M1892="",NA(),M1892)) -> #REF! | T85: =IF(Charts!$B$3="none",H1892,IF(N1892="",NA(),N1892)) -> #REF!
D86: 82 | E86: =IF(INDIRECT(ADDRESS($D86+2,E$2+1,,,"Instances"))="","",INDIRECT(ADDRESS($D86+2,E$2+1,,,"Instances"))) -> #REF! | F86: =IFERROR(SMALL(E5:E364,ROW()-ROW($F$5)+1),"") | H86: =IFERROR(SUM(F5:F86),"") -> 0 | J86: 82 | K86: {=SWITCH(Charts!$B$3,"average", AVERAGE(INDIRECT(ADDRESS(81+3,K$2+1,,,"Instances") & ":" & ADDRESS(81+3,K$2+1))),"median", MEDIAN(INDIRECT(ADDRESS(81+3,K$2+1,,,"Instances") & ":" & ADDRESS(81+3,K$2+1))),"min", MIN(INDIRECT(ADDRESS(81+3,K$2+1,,,"Instances") & ":" & ADDRESS(81+3,K$2+1))),"max", MAX(INDIRECT(ADDRESS(81+3,K$2+1,,,"Instances") & ":" & ADDRESS(81+3,K$2+1))),"diff", MAX(INDIRECT(ADDRESS(81+3,K$2+1,,,"Instances") & ":" & ADDRESS(81+3,K$2+1)))-MIN(INDIRECT(ADDRESS(81+3,K$2+1,,,"Instances") & ":" & ADDRESS(81+3,K$2+1))))} -> #REF! | L86: =IFERROR(SMALL(K5:K364,ROW()-ROW($L$5)+1),"") | N86: =IFERROR(SUM(L5:L86),"") -> 0 | Q86: =IF(Charts!$B$3="none",E1893,IF(K1893="",NA(),K1893)) -> #REF! | R86: =IF(Charts!$B$3="none",F1893,IF(L1893="",NA(),L1893)) -> #REF! | S86: =IF(Charts!$B$3="none",G1893,IF(M1893="",NA(),M1893)) -> #REF! | T86: =IF(Charts!$B$3="none",H1893,IF(N1893="",NA(),N1893)) -> #REF!
D87: 83 | E87: =IF(INDIRECT(ADDRESS($D87+2,E$2+1,,,"Instances"))="","",INDIRECT(ADDRESS($D87+2,E$2+1,,,"Instances"))) -> #REF! | F87: =IFERROR(SMALL(E5:E364,ROW()-ROW($F$5)+1),"") | H87: =IFERROR(SUM(F5:F87),"") -> 0 | J87: 83 | K87: {=SWITCH(Charts!$B$3,"average", AVERAGE(INDIRECT(ADDRESS(82+3,K$2+1,,,"Instances") & ":" & ADDRESS(82+3,K$2+1))),"median", MEDIAN(INDIRECT(ADDRESS(82+3,K$2+1,,,"Instances") & ":" & ADDRESS(82+3,K$2+1))),"min", MIN(INDIRECT(ADDRESS(82+3,K$2+1,,,"Instances") & ":" & ADDRESS(82+3,K$2+1))),"max", MAX(INDIRECT(ADDRESS(82+3,K$2+1,,,"Instances") & ":" & ADDRESS(82+3,K$2+1))),"diff", MAX(INDIRECT(ADDRESS(82+3,K$2+1,,,"Instances") & ":" & ADDRESS(82+3,K$2+1)))-MIN(INDIRECT(ADDRESS(82+3,K$2+1,,,"Instances") & ":" & ADDRESS(82+3,K$2+1))))} -> #REF! | L87: =IFERROR(SMALL(K5:K364,ROW()-ROW($L$5)+1),"") | N87: =IFERROR(SUM(L5:L87),"") -> 0 | Q87: =IF(Charts!$B$3="none",E1894,IF(K1894="",NA(),K1894)) -> #REF! | R87: =IF(Charts!$B$3="none",F1894,IF(L1894="",NA(),L1894)) -> #REF! | S87: =IF(Charts!$B$3="none",G1894,IF(M1894="",NA(),M1894)) -> #REF! | T87: =IF(Charts!$B$3="none",H1894,IF(N1894="",NA(),N1894)) -> #REF!
D88: 84 | E88: =IF(INDIRECT(ADDRESS($D88+2,E$2+1,,,"Instances"))="","",INDIRECT(ADDRESS($D88+2,E$2+1,,,"Instances"))) -> #REF! | F88: =IFERROR(SMALL(E5:E364,ROW()-ROW($F$5)+1),"") | H88: =IFERROR(SUM(F5:F88),"") -> 0 | J88: 84 | K88: {=SWITCH(Charts!$B$3,"average", AVERAGE(INDIRECT(ADDRESS(83+3,K$2+1,,,"Instances") & ":" & ADDRESS(83+3,K$2+1))),"median", MEDIAN(INDIRECT(ADDRESS(83+3,K$2+1,,,"Instances") & ":" & ADDRESS(83+3,K$2+1))),"min", MIN(INDIRECT(ADDRESS(83+3,K$2+1,,,"Instances") & ":" & ADDRESS(83+3,K$2+1))),"max", MAX(INDIRECT(ADDRESS(83+3,K$2+1,,,"Instances") & ":" & ADDRESS(83+3,K$2+1))),"diff", MAX(INDIRECT(ADDRESS(83+3,K$2+1,,,"Instances") & ":" & ADDRESS(83+3,K$2+1)))-MIN(INDIRECT(ADDRESS(83+3,K$2+1,,,"Instances") & ":" & ADDRESS(83+3,K$2+1))))} -> #REF! | L88: =IFERROR(SMALL(K5:K364,ROW()-ROW($L$5)+1),"") | N88: =IFERROR(SUM(L5:L88),"") -> 0 | Q88: =IF(Charts!$B$3="none",E1895,IF(K1895="",NA(),K1895)) -> #REF! | R88: =IF(Charts!$B$3="none",F1895,IF(L1895="",NA(),L1895)) -> #REF! | S88: =IF(Charts!$B$3="none",G1895,IF(M1895="",NA(),M1895)) -> #REF! | T88: =IF(Charts!$B$3="none",H1895,IF(N1895="",NA(),N1895)) -> #REF!
D89: 85 | E89: =IF(INDIRECT(ADDRESS($D89+2,E$2+1,,,"Instances"))="","",INDIRECT(ADDRESS($D89+2,E$2+1,,,"Instances"))) -> #REF! | F89: =IFERROR(SMALL(E5:E364,ROW()-ROW($F$5)+1),"") | H89: =IFERROR(SUM(F5:F89),"") -> 0 | J89: 85 | K89: {=SWITCH(Charts!$B$3,"average", AVERAGE(INDIRECT(ADDRESS(84+3,K$2+1,,,"Instances") & ":" & ADDRESS(84+3,K$2+1))),"median", MEDIAN(INDIRECT(ADDRESS(84+3,K$2+1,,,"Instances") & ":" & ADDRESS(84+3,K$2+1))),"min", MIN(INDIRECT(ADDRESS(84+3,K$2+1,,,"Instances") & ":" & ADDRESS(84+3,K$2+1))),"max", MAX(INDIRECT(ADDRESS(84+3,K$2+1,,,"Instances") & ":" & ADDRESS(84+3,K$2+1))),"diff", MAX(INDIRECT(ADDRESS(84+3,K$2+1,,,"Instances") & ":" & ADDRESS(84+3,K$2+1)))-MIN(INDIRECT(ADDRESS(84+3,K$2+1,,,"Instances") & ":" & ADDRESS(84+3,K$2+1))))} -> #REF! | L89: =IFERROR(SMALL(K5:K364,ROW()-ROW($L$5)+1),"") | N89: =IFERROR(SUM(L5:L89),"") -> 0 | Q89: =IF(Charts!$B$3="none",E1896,IF(K1896="",NA(),K1896)) -> #REF! | R89: =IF(Charts!$B$3="none",F1896,IF(L1896="",NA(),L1896)) -> #REF! | S89: =IF(Charts!$B$3="none",G1896,IF(M1896="",NA(),M1896)) -> #REF! | T89: =IF(Charts!$B$3="none",H1896,IF(N1896="",NA(),N1896)) -> #REF!
D90: 86 | E90: =IF(INDIRECT(ADDRESS($D90+2,E$2+1,,,"Instances"))="","",INDIRECT(ADDRESS($D90+2,E$2+1,,,"Instances"))) -> #REF! | F90: =IFERROR(SMALL(E5:E364,ROW()-ROW($F$5)+1),"") | H90: =IFERROR(SUM(F5:F90),"") -> 0 | J90: 86 | K90: {=SWITCH(Charts!$B$3,"average", AVERAGE(INDIRECT(ADDRESS(85+3,K$2+1,,,"Instances") & ":" & ADDRESS(85+3,K$2+1))),"median", MEDIAN(INDIRECT(ADDRESS(85+3,K$2+1,,,"Instances") & ":" & ADDRESS(85+3,K$2+1))),"min", MIN(INDIRECT(ADDRESS(85+3,K$2+1,,,"Instances") & ":" & ADDRESS(85+3,K$2+1))),"max", MAX(INDIRECT(ADDRESS(85+3,K$2+1,,,"Instances") & ":" & ADDRESS(85+3,K$2+1))),"diff", MAX(INDIRECT(ADDRESS(85+3,K$2+1,,,"Instances") & ":" & ADDRESS(85+3,K$2+1)))-MIN(INDIRECT(ADDRESS(85+3,K$2+1,,,"Instances") & ":" & ADDRESS(85+3,K$2+1))))} -> #REF! | L90: =IFERROR(SMALL(K5:K364,ROW()-ROW($L$5)+1),"") | N90: =IFERROR(SUM(L5:L90),"") -> 0 | Q90: =IF(Charts!$B$3="none",E1897,IF(K1897="",NA(),K1897)) -> #REF! | R90: =IF(Charts!$B$3="none",F1897,IF(L1897="",NA(),L1897)) -> #REF! | S90: =IF(Charts!$B$3="none",G1897,IF(M1897="",NA(),M1897)) -> #REF! | T90: =IF(Charts!$B$3="none",H1897,IF(N1897="",NA(),N1897)) -> #REF!
D91: 87 | E91: =IF(INDIRECT(ADDRESS($D91+2,E$2+1,,,"Instances"))="","",INDIRECT(ADDRESS($D91+2,E$2+1,,,"Instances"))) -> #REF! | F91: =IFERROR(SMALL(E5:E364,ROW()-ROW($F$5)+1),"") | H91: =IFERROR(SUM(F5:F91),"") -> 0 | J91: 87 | K91: {=SWITCH(Charts!$B$3,"average", AVERAGE(INDIRECT(ADDRESS(86+3,K$2+1,,,"Instances") & ":" & ADDRESS(86+3,K$2+1))),"median", MEDIAN(INDIRECT(ADDRESS(86+3,K$2+1,,,"Instances") & ":" & ADDRESS(86+3,K$2+1))),"min", MIN(INDIRECT(ADDRESS(86+3,K$2+1,,,"Instances") & ":" & ADDRESS(86+3,K$2+1))),"max", MAX(INDIRECT(ADDRESS(86+3,K$2+1,,,"Instances") & ":" & ADDRESS(86+3,K$2+1))),"diff", MAX(INDIRECT(ADDRESS(86+3,K$2+1,,,"Instances") & ":" & ADDRESS(86+3,K$2+1)))-MIN(INDIRECT(ADDRESS(86+3,K$2+1,,,"Instances") & ":" & ADDRESS(86+3,K$2+1))))} -> #REF! | L91: =IFERROR(SMALL(K5:K364,ROW()-ROW($L$5)+1),"") | N91: =IFERROR(SUM(L5:L91),"") -> 0 | Q91: =IF(Charts!$B$3="none",E1898,IF(K1898="",NA(),K1898)) -> #REF! | R91: =IF(Charts!$B$3="none",F1898,IF(L1898="",NA(),L1898)) -> #REF! | S91: =IF(Charts!$B$3="none",G1898,IF(M1898="",NA(),M1898)) -> #REF! | T91: =IF(Charts!$B$3="none",H1898,IF(N1898="",NA(),N1898)) -> #REF!
D92: 88 | E92: =IF(INDIRECT(ADDRESS($D92+2,E$2+1,,,"Instances"))="","",INDIRECT(ADDRESS($D92+2,E$2+1,,,"Instances"))) -> #REF! | F92: =IFERROR(SMALL(E5:E364,ROW()-ROW($F$5)+1),"") | H92: =IFERROR(SUM(F5:F92),"") -> 0 | J92: 88 | K92: {=SWITCH(Charts!$B$3,"average", AVERAGE(INDIRECT(ADDRESS(87+3,K$2+1,,,"Instances") & ":" & ADDRESS(87+3,K$2+1))),"median", MEDIAN(INDIRECT(ADDRESS(87+3,K$2+1,,,"Instances") & ":" & ADDRESS(87+3,K$2+1))),"min", MIN(INDIRECT(ADDRESS(87+3,K$2+1,,,"Instances") & ":" & ADDRESS(87+3,K$2+1))),"max", MAX(INDIRECT(ADDRESS(87+3,K$2+1,,,"Instances") & ":" & ADDRESS(87+3,K$2+1))),"diff", MAX(INDIRECT(ADDRESS(87+3,K$2+1,,,"Instances") & ":" & ADDRESS(87+3,K$2+1)))-MIN(INDIRECT(ADDRESS(87+3,K$2+1,,,"Instances") & ":" & ADDRESS(87+3,K$2+1))))} -> #REF! | L92: =IFERROR(SMALL(K5:K364,ROW()-ROW($L$5)+1),"") | N92: =IFERROR(SUM(L5:L92),"") -> 0 | Q92: =IF(Charts!$B$3="none",E1899,IF(K1899="",NA(),K1899)) -> #REF! | R92: =IF(Charts!$B$3="none",F1899,IF(L1899="",NA(),L1899)) -> #REF! | S92: =IF(Charts!$B$3="none",G1899,IF(M1899="",NA(),M1899)) -> #REF! | T92: =IF(Charts!$B$3="none",H1899,IF(N1899="",NA(),N1899)) -> #REF!
D93: 89 | E93: =IF(INDIRECT(ADDRESS($D93+2,E$2+1,,,"Instances"))="","",INDIRECT(ADDRESS($D93+2,E$2+1,,,"Instances"))) -> #REF! | F93: =IFERROR(SMALL(E5:E364,ROW()-ROW($F$5)+1),"") | H93: =IFERROR(SUM(F5:F93),"") -> 0 | J93: 89 | K93: {=SWITCH(Charts!$B$3,"average", AVERAGE(INDIRECT(ADDRESS(88+3,K$2+1,,,"Instances") & ":" & ADDRESS(88+3,K$2+1))),"median", MEDIAN(INDIRECT(ADDRESS(88+3,K$2+1,,,"Instances") & ":" & ADDRESS(88+3,K$2+1))),"min", MIN(INDIRECT(ADDRESS(88+3,K$2+1,,,"Instances") & ":" & ADDRESS(88+3,K$2+1))),"max", MAX(INDIRECT(ADDRESS(88+3,K$2+1,,,"Instances") & ":" & ADDRESS(88+3,K$2+1))),"diff", MAX(INDIRECT(ADDRESS(88+3,K$2+1,,,"Instances") & ":" & ADDRESS(88+3,K$2+1)))-MIN(INDIRECT(ADDRESS(88+3,K$2+1,,,"Instances") & ":" & ADDRESS(88+3,K$2+1))))} -> #REF! | L93: =IFERROR(SMALL(K5:K364,ROW()-ROW($L$5)+1),"") | N93: =IFERROR(SUM(L5:L93),"") -> 0 | Q93: =IF(Charts!$B$3="none",E1900,IF(K1900="",NA(),K1900)) -> #REF! | R93: =IF(Charts!$B$3="none",F1900,IF(L1900="",NA(),L1900)) -> #REF! | S93: =IF(Charts!$B$3="none",G1900,IF(M1900="",NA(),M1900)) -> #REF! | T93: =IF(Charts!$B$3="none",H1900,IF(N1900="",NA(),N1900)) -> #REF!
D94: 90 | E94: =IF(INDIRECT(ADDRESS($D94+2,E$2+1,,,"Instances"))="","",INDIRECT(ADDRESS($D94+2,E$2+1,,,"Instances"))) -> #REF! | F94: =IFERROR(SMALL(E5:E364,ROW()-ROW($F$5)+1),"") | H94: =IFERROR(SUM(F5:F94),"") -> 0 | J94: 90 | K94: {=SWITCH(Charts!$B$3,"average", AVERAGE(INDIRECT(ADDRESS(89+3,K$2+1,,,"Instances") & ":" & ADDRESS(89+3,K$2+1))),"median", MEDIAN(INDIRECT(ADDRESS(89+3,K$2+1,,,"Instances") & ":" & ADDRESS(89+3,K$2+1))),"min", MIN(INDIRECT(ADDRESS(89+3,K$2+1,,,"Instances") & ":" & ADDRESS(89+3,K$2+1))),"max", MAX(INDIRECT(ADDRESS(89+3,K$2+1,,,"Instances") & ":" & ADDRESS(89+3,K$2+1))),"diff", MAX(INDIRECT(ADDRESS(89+3,K$2+1,,,"Instances") & ":" & ADDRESS(89+3,K$2+1)))-MIN(INDIRECT(ADDRESS(89+3,K$2+1,,,"Instances") & ":" & ADDRESS(89+3,K$2+1))))} -> #REF! | L94: =IFERROR(SMALL(K5:K364,ROW()-ROW($L$5)+1),"") | N94: =IFERROR(SUM(L5:L94),"") -> 0 | Q94: =IF(Charts!$B$3="none",E1901,IF(K1901="",NA(),K1901)) -> #REF! | R94: =IF(Charts!$B$3="none",F1901,IF(L1901="",NA(),L1901)) -> #REF! | S94: =IF(Charts!$B$3="none",G1901,IF(M1901="",NA(),M1901)) -> #REF! | T94: =IF(Charts!$B$3="none",H1901,IF(N1901="",NA(),N1901)) -> #REF!
D95: 91 | E95: =IF(INDIRECT(ADDRESS($D95+2,E$2+1,,,"Instances"))="","",INDIRECT(ADDRESS($D95+2,E$2+1,,,"Instances"))) -> #REF! | F95: =IFERROR(SMALL(E5:E364,ROW()-ROW($F$5)+1),"") | H95: =IFERROR(SUM(F5:F95),"") -> 0 | J95: 91 | K95: {=SWITCH(Charts!$B$3,"average", AVERAGE(INDIRECT(ADDRESS(90+3,K$2+1,,,"Instances") & ":" & ADDRESS(90+3,K$2+1))),"median", MEDIAN(INDIRECT(ADDRESS(90+3,K$2+1,,,"Instances") & ":" & ADDRESS(90+3,K$2+1))),"min", MIN(INDIRECT(ADDRESS(90+3,K$2+1,,,"Instances") & ":" & ADDRESS(90+3,K$2+1))),"max", MAX(INDIRECT(ADDRESS(90+3,K$2+1,,,"Instances") & ":" & ADDRESS(90+3,K$2+1))),"diff", MAX(INDIRECT(ADDRESS(90+3,K$2+1,,,"Instances") & ":" & ADDRESS(90+3,K$2+1)))-MIN(INDIRECT(ADDRESS(90+3,K$2+1,,,"Instances") & ":" & ADDRESS(90+3,K$2+1))))} -> #REF! | L95: =IFERROR(SMALL(K5:K364,ROW()-ROW($L$5)+1),"") | N95: =IFERROR(SUM(L5:L95),"") -> 0 | Q95: =IF(Charts!$B$3="none",E1902,IF(K1902="",NA(),K1902)) -> #REF! | R95: =IF(Charts!$B$3="none",F1902,IF(L1902="",NA(),L1902)) -> #REF! | S95: =IF(Charts!$B$3="none",G1902,IF(M1902="",NA(),M1902)) -> #REF! | T95: =IF(Charts!$B$3="none",H1902,IF(N1902="",NA(),N1902)) -> #REF!
D96: 92 | E96: =IF(INDIRECT(ADDRESS($D96+2,E$2+1,,,"Instances"))="","",INDIRECT(ADDRESS($D96+2,E$2+1,,,"Instances"))) -> #REF! | F96: =IFERROR(SMALL(E5:E364,ROW()-ROW($F$5)+1),"") | H96: =IFERROR(SUM(F5:F96),"") -> 0 | J96: 92 | K96: {=SWITCH(Charts!$B$3,"average", AVERAGE(INDIRECT(ADDRESS(91+3,K$2+1,,,"Instances") & ":" & ADDRESS(91+3,K$2+1))),"median", MEDIAN(INDIRECT(ADDRESS(91+3,K$2+1,,,"Instances") & ":" & ADDRESS(91+3,K$2+1))),"min", MIN(INDIRECT(ADDRESS(91+3,K$2+1,,,"Instances") & ":" & ADDRESS(91+3,K$2+1))),"max", MAX(INDIRECT(ADDRESS(91+3,K$2+1,,,"Instances") & ":" & ADDRESS(91+3,K$2+1))),"diff", MAX(INDIRECT(ADDRESS(91+3,K$2+1,,,"Instances") & ":" & ADDRESS(91+3,K$2+1)))-MIN(INDIRECT(ADDRESS(91+3,K$2+1,,,"Instances") & ":" & ADDRESS(91+3,K$2+1))))} -> #REF! | L96: =IFERROR(SMALL(K5:K364,ROW()-ROW($L$5)+1),"") | N96: =IFERROR(SUM(L5:L96),"") -> 0 | Q96: =IF(Charts!$B$3="none",E1903,IF(K1903="",NA(),K1903)) -> #REF! | R96: =IF(Charts!$B$3="none",F1903,IF(L1903="",NA(),L1903)) -> #REF! | S96: =IF(Charts!$B$3="none",G1903,IF(M1903="",NA(),M1903)) -> #REF! | T96: =IF(Charts!$B$3="none",H1903,IF(N1903="",NA(),N1903)) -> #REF!
D97: 93 | E97: =IF(INDIRECT(ADDRESS($D97+2,E$2+1,,,"Instances"))="","",INDIRECT(ADDRESS($D97+2,E$2+1,,,"Instances"))) -> #REF! | F97: =IFERROR(SMALL(E5:E364,ROW()-ROW($F$5)+1),"") | H97: =IFERROR(SUM(F5:F97),"") -> 0 | J97: 93 | K97: {=SWITCH(Charts!$B$3,"average", AVERAGE(INDIRECT(ADDRESS(92+3,K$2+1,,,"Instances") & ":" & ADDRESS(92+3,K$2+1))),"median", MEDIAN(INDIRECT(ADDRESS(92+3,K$2+1,,,"Instances") & ":" & ADDRESS(92+3,K$2+1))),"min", MIN(INDIRECT(ADDRESS(92+3,K$2+1,,,"Instances") & ":" & ADDRESS(92+3,K$2+1))),"max", MAX(INDIRECT(ADDRESS(92+3,K$2+1,,,"Instances") & ":" & ADDRESS(92+3,K$2+1))),"diff", MAX(INDIRECT(ADDRESS(92+3,K$2+1,,,"Instances") & ":" & ADDRESS(92+3,K$2+1)))-MIN(INDIRECT(ADDRESS(92+3,K$2+1,,,"Instances") & ":" & ADDRESS(92+3,K$2+1))))} -> #REF! | L97: =IFERROR(SMALL(K5:K364,ROW()-ROW($L$5)+1),"") | N97: =IFERROR(SUM(L5:L97),"") -> 0 | Q97: =IF(Charts!$B$3="none",E1904,IF(K1904="",NA(),K1904)) -> #REF! | R97: =IF(Charts!$B$3="none",F1904,IF(L1904="",NA(),L1904)) -> #REF! | S97: =IF(Charts!$B$3="none",G1904,IF(M1904="",NA(),M1904)) -> #REF! | T97: =IF(Charts!$B$3="none",H1904,IF(N1904="",NA(),N1904)) -> #REF!
D98: 94 | E98: =IF(INDIRECT(ADDRESS($D98+2,E$2+1,,,"Instances"))="","",INDIRECT(ADDRESS($D98+2,E$2+1,,,"Instances"))) -> #REF! | F98: =IFERROR(SMALL(E5:E364,ROW()-ROW($F$5)+1),"") | H98: =IFERROR(SUM(F5:F98),"") -> 0 | J98: 94 | K98: {=SWITCH(Charts!$B$3,"average", AVERAGE(INDIRECT(ADDRESS(93+3,K$2+1,,,"Instances") & ":" & ADDRESS(93+3,K$2+1))),"median", MEDIAN(INDIRECT(ADDRESS(93+3,K$2+1,,,"Instances") & ":" & ADDRESS(93+3,K$2+1))),"min", MIN(INDIRECT(ADDRESS(93+3,K$2+1,,,"Instances") & ":" & ADDRESS(93+3,K$2+1))),"max", MAX(INDIRECT(ADDRESS(93+3,K$2+1,,,"Instances") & ":" & ADDRESS(93+3,K$2+1))),"diff", MAX(INDIRECT(ADDRESS(93+3,K$2+1,,,"Instances") & ":" & ADDRESS(93+3,K$2+1)))-MIN(INDIRECT(ADDRESS(93+3,K$2+1,,,"Instances") & ":" & ADDRESS(93+3,K$2+1))))} -> #REF! | L98: =IFERROR(SMALL(K5:K364,ROW()-ROW($L$5)+1),"") | N98: =IFERROR(SUM(L5:L98),"") -> 0 | Q98: =IF(Charts!$B$3="none",E1905,IF(K1905="",NA(),K1905)) -> #REF! | R98: =IF(Charts!$B$3="none",F1905,IF(L1905="",NA(),L1905)) -> #REF! | S98: =IF(Charts!$B$3="none",G1905,IF(M1905="",NA(),M1905)) -> #REF! | T98: =IF(Charts!$B$3="none",H1905,IF(N1905="",NA(),N1905)) -> #REF!
D99: 95 | E99: =IF(INDIRECT(ADDRESS($D99+2,E$2+1,,,"Instances"))="","",INDIRECT(ADDRESS($D99+2,E$2+1,,,"Instances"))) -> #REF! | F99: =IFERROR(SMALL(E5:E364,ROW()-ROW($F$5)+1),"") | H99: =IFERROR(SUM(F5:F99),"") -> 0 | J99: 95 | K99: {=SWITCH(Charts!$B$3,"average", AVERAGE(INDIRECT(ADDRESS(94+3,K$2+1,,,"Instances") & ":" & ADDRESS(94+3,K$2+1))),"median", MEDIAN(INDIRECT(ADDRESS(94+3,K$2+1,,,"Instances") & ":" & ADDRESS(94+3,K$2+1))),"min", MIN(INDIRECT(ADDRESS(94+3,K$2+1,,,"Instances") & ":" & ADDRESS(94+3,K$2+1))),"max", MAX(INDIRECT(ADDRESS(94+3,K$2+1,,,"Instances") & ":" & ADDRESS(94+3,K$2+1))),"diff", MAX(INDIRECT(ADDRESS(94+3,K$2+1,,,"Instances") & ":" & ADDRESS(94+3,K$2+1)))-MIN(INDIRECT(ADDRESS(94+3,K$2+1,,,"Instances") & ":" & ADDRESS(94+3,K$2+1))))} -> #REF! | L99: =IFERROR(SMALL(K5:K364,ROW()-ROW($L$5)+1),"") | N99: =IFERROR(SUM(L5:L99),"") -> 0 | Q99: =IF(Charts!$B$3="none",E1906,IF(K1906="",NA(),K1906)) -> #REF! | R99: =IF(Charts!$B$3="none",F1906,IF(L1906="",NA(),L1906)) -> #REF! | S99: =IF(Charts!$B$3="none",G1906,IF(M1906="",NA(),M1906)) -> #REF! | T99: =IF(Charts!$B$3="none",H1906,IF(N1906="",NA(),N1906)) -> #REF!
D100: 96 | E100: =IF(INDIRECT(ADDRESS($D100+2,E$2+1,,,"Instances"))="","",INDIRECT(ADDRESS($D100+2,E$2+1,,,"Instances"))) -> #REF! | F100: =IFERROR(SMALL(E5:E364,ROW()-ROW($F$5)+1),"") | H100: =IFERROR(SUM(F5:F100),"") -> 0 | J100: 96 | K100: {=SWITCH(Charts!$B$3,"average", AVERAGE(INDIRECT(ADDRESS(95+3,K$2+1,,,"Instances") & ":" & ADDRESS(95+3,K$2+1))),"median", MEDIAN(INDIRECT(ADDRESS(95+3,K$2+1,,,"Instances") & ":" & ADDRESS(95+3,K$2+1))),"min", MIN(INDIRECT(ADDRESS(95+3,K$2+1,,,"Instances") & ":" & ADDRESS(95+3,K$2+1))),"max", MAX(INDIRECT(ADDRESS(95+3,K$2+1,,,"Instances") & ":" & ADDRESS(95+3,K$2+1))),"diff", MAX(INDIRECT(ADDRESS(95+3,K$2+1,,,"Instances") & ":" & ADDRESS(95+3,K$2+1)))-MIN(INDIRECT(ADDRESS(95+3,K$2+1,,,"Instances") & ":" & ADDRESS(95+3,K$2+1))))} -> #REF! | L100: =IFERROR(SMALL(K5:K364,ROW()-ROW($L$5)+1),"") | N100: =IFERROR(SUM(L5:L100),"") -> 0 | Q100: =IF(Charts!$B$3="none",E1907,IF(K1907="",NA(),K1907)) -> #REF! | R100: =IF(Charts!$B$3="none",F1907,IF(L1907="",NA(),L1907)) -> #REF! | S100: =IF(Charts!$B$3="none",G1907,IF(M1907="",NA(),M1907)) -> #REF! | T100: =IF(Charts!$B$3="none",H1907,IF(N1907="",NA(),N1907)) -> #REF!
D101: 97 | E101: =IF(INDIRECT(ADDRESS($D101+2,E$2+1,,,"Instances"))="","",INDIRECT(ADDRESS($D101+2,E$2+1,,,"Instances"))) -> #REF! | F101: =IFERROR(SMALL(E5:E364,ROW()-ROW($F$5)+1),"") | H101: =IFERROR(SUM(F5:F101),"") -> 0 | J101: 97 | K101: {=SWITCH(Charts!$B$3,"average", AVERAGE(INDIRECT(ADDRESS(96+3,K$2+1,,,"Instances") & ":" & ADDRESS(96+3,K$2+1))),"median", MEDIAN(INDIRECT(ADDRESS(96+3,K$2+1,,,"Instances") & ":" & ADDRESS(96+3,K$2+1))),"min", MIN(INDIRECT(ADDRESS(96+3,K$2+1,,,"Instances") & ":" & ADDRESS(96+3,K$2+1))),"max", MAX(INDIRECT(ADDRESS(96+3,K$2+1,,,"Instances") & ":" & ADDRESS(96+3,K$2+1))),"diff", MAX(INDIRECT(ADDRESS(96+3,K$2+1,,,"Instances") & ":" & ADDRESS(96+3,K$2+1)))-MIN(INDIRECT(ADDRESS(96+3,K$2+1,,,"Instances") & ":" & ADDRESS(96+3,K$2+1))))} -> #REF! | L101: =IFERROR(SMALL(K5:K364,ROW()-ROW($L$5)+1),"") | N101: =IFERROR(SUM(L5:L101),"") -> 0 | Q101: =IF(Charts!$B$3="none",E1908,IF(K1908="",NA(),K1908)) -> #REF! | R101: =IF(Charts!$B$3="none",F1908,IF(L1908="",NA(),L1908)) -> #REF! | S101: =IF(Charts!$B$3="none",G1908,IF(M1908="",NA(),M1908)) -> #REF! | T101: =IF(Charts!$B$3="none",H1908,IF(N1908="",NA(),N1908)) -> #REF!
...
